Using pre-set license
Built from '2022.3/staging' branch; Version is '2022.3.55f1 (9f374180d209) revision 10434369'; Using compiler version '192829333'; Build Type 'Release'
OS: 'Windows 11  (10.0.22631) 64bit CoreSingleLanguage' Language: 'en' Physical Memory: 16011 MB
BatchMode: 1, IsHumanControllingUs: 0, StartBugReporterOnCrash: 0, Is64bit: 1, IsPro: 1

COMMAND LINE ARGUMENTS:
E:\UnityHub\2022.3.55f1\Editor\Unity.exe
-adb2
-batchMode
-noUpm
-name
AssetImportWorker1
-projectPath
E:/TamilHackathon/Vision
-logFile
Logs/AssetImportWorker1.log
-srvPort
62920
Successfully changed project path to: E:/TamilHackathon/Vision
E:/TamilHackathon/Vision
[UnityMemory] Configuration Parameters - Can be set up in boot.config
    "memorysetup-bucket-allocator-granularity=16"
    "memorysetup-bucket-allocator-bucket-count=8"
    "memorysetup-bucket-allocator-block-size=33554432"
    "memorysetup-bucket-allocator-block-count=8"
    "memorysetup-main-allocator-block-size=16777216"
    "memorysetup-thread-allocator-block-size=16777216"
    "memorysetup-gfx-main-allocator-block-size=16777216"
    "memorysetup-gfx-thread-allocator-block-size=16777216"
    "memorysetup-cache-allocator-block-size=4194304"
    "memorysetup-typetree-allocator-block-size=2097152"
    "memorysetup-profiler-bucket-allocator-granularity=16"
    "memorysetup-profiler-bucket-allocator-bucket-count=8"
    "memorysetup-profiler-bucket-allocator-block-size=33554432"
    "memorysetup-profiler-bucket-allocator-block-count=8"
    "memorysetup-profiler-allocator-block-size=16777216"
    "memorysetup-profiler-editor-allocator-block-size=1048576"
    "memorysetup-temp-allocator-size-main=16777216"
    "memorysetup-job-temp-allocator-block-size=2097152"
    "memorysetup-job-temp-allocator-block-size-background=1048576"
    "memorysetup-job-temp-allocator-reduction-small-platforms=262144"
    "memorysetup-allocator-temp-initial-block-size-main=262144"
    "memorysetup-allocator-temp-initial-block-size-worker=262144"
    "memorysetup-temp-allocator-size-background-worker=32768"
    "memorysetup-temp-allocator-size-job-worker=262144"
    "memorysetup-temp-allocator-size-preload-manager=33554432"
    "memorysetup-temp-allocator-size-nav-mesh-worker=65536"
    "memorysetup-temp-allocator-size-audio-worker=65536"
    "memorysetup-temp-allocator-size-cloud-worker=32768"
    "memorysetup-temp-allocator-size-gi-baking-worker=262144"
    "memorysetup-temp-allocator-size-gfx=262144"
Player connection [30700]  Target information:

Player connection [30700]  * "[IP] 10.9.247.216 [Port] 0 [Flags] 2 [Guid] 2839440076 [EditorId] 2839440076 [Version] 1048832 [Id] WindowsEditor(7,LAPTOP-OMTCREG9) [Debug] 1 [PackageName] WindowsEditor [ProjectName] Editor" 

Player connection [30700] Host joined multi-casting on [225.0.0.222:54997]...
Player connection [30700] Host joined alternative multi-casting on [225.0.0.222:34997]...
[PhysX] Initialized MultithreadedTaskDispatcher with 20 workers.
Refreshing native plugins compatible for Editor in 11.77 ms, found 4 plugins.
Preloading 0 native plugins for Editor in 0.00 ms.
Initialize engine version: 2022.3.55f1 (9f374180d209)
[Subsystems] Discovering subsystems at path E:/UnityHub/2022.3.55f1/Editor/Data/Resources/UnitySubsystems
[Subsystems] Discovering subsystems at path E:/TamilHackathon/Vision/Assets
GfxDevice: creating device client; threaded=0; jobified=0
Direct3D:
    Version:  Direct3D 11.0 [level 11.1]
    Renderer: NVIDIA GeForce RTX 4060 Laptop GPU (ID=0x28e0)
    Vendor:   NVIDIA
    VRAM:     7957 MB
    Driver:   32.0.15.7652
Initialize mono
Mono path[0] = 'E:/UnityHub/2022.3.55f1/Editor/Data/Managed'
Mono path[1] = 'E:/UnityHub/2022.3.55f1/Editor/Data/MonoBleedingEdge/lib/mono/unityjit-win32'
Mono config path = 'E:/UnityHub/2022.3.55f1/Editor/Data/MonoBleedingEdge/etc'
Using monoOptions --debugger-agent=transport=dt_socket,embedding=1,server=y,suspend=n,address=127.0.0.1:56492
Begin MonoManager ReloadAssembly
Registering precompiled unity dll's ...
Register platform support module: E:/UnityHub/2022.3.55f1/Editor/Data/PlaybackEngines/AndroidPlayer/UnityEditor.Android.Extensions.dll
Register platform support module: E:/UnityHub/2022.3.55f1/Editor/Data/PlaybackEngines/WindowsStandaloneSupport/UnityEditor.WindowsStandalone.Extensions.dll
Registered in 0.003378 seconds.
- Loaded All Assemblies, in  0.300 seconds
Native extension for WindowsStandalone target not found
Native extension for Android target not found
Android Extension - Scanning For ADB Devices 260 ms
Mono: successfully reloaded assembly
- Finished resetting the current domain, in  0.514 seconds
Domain Reload Profiling: 814ms
	BeginReloadAssembly (102ms)
		ExecutionOrderSort (0ms)
		DisableScriptedObjects (0ms)
		BackupInstance (0ms)
		ReleaseScriptingObjects (0ms)
		CreateAndSetChildDomain (1ms)
	RebuildCommonClasses (26ms)
	RebuildNativeTypeToScriptingClass (8ms)
	initialDomainReloadingComplete (41ms)
	LoadAllAssembliesAndSetupDomain (122ms)
		LoadAssemblies (103ms)
		RebuildTransferFunctionScriptingTraits (0ms)
		AnalyzeDomain (120ms)
			TypeCache.Refresh (119ms)
				TypeCache.ScanAssembly (106ms)
			ScanForSourceGeneratedMonoScriptInfo (0ms)
			ResolveRequiredComponents (1ms)
	FinalizeReload (514ms)
		ReleaseScriptCaches (0ms)
		RebuildScriptCaches (0ms)
		SetupLoadedEditorAssemblies (476ms)
			LogAssemblyErrors (0ms)
			InitializePlatformSupportModulesInManaged (327ms)
			SetLoadedEditorAssemblies (3ms)
			RefreshPlugins (0ms)
			BeforeProcessingInitializeOnLoad (2ms)
			ProcessInitializeOnLoadAttributes (100ms)
			ProcessInitializeOnLoadMethodAttributes (44ms)
			AfterProcessingInitializeOnLoad (0ms)
			EditorAssembliesLoaded (0ms)
		ExecutionOrderSort2 (0ms)
		AwakeInstancesAfterBackupRestoration (0ms)
========================================================================
Worker process is ready to serve import requests
Caller must complete domain reload
Begin MonoManager ReloadAssembly
- Loaded All Assemblies, in  0.588 seconds
Native extension for WindowsStandalone target not found
Native extension for Android target not found
Package Manager log level set to [2]
[Package Manager] Server::EnsureServerProcessIsRunning -- launch failed, reason: Unity was launched with the -noUpm command-line argument
[Package Manager] UpmClient::Send -- Unable to send message (not connected to UPM process).
[Package Manager] Cannot connect to Unity Package Manager local server
Mono: successfully reloaded assembly
[Package Manager] Server::EnsureServerProcessIsRunning -- launch failed, reason: Unity was launched with the -noUpm command-line argument
[Package Manager] UpmClient::Send -- Unable to send message (not connected to UPM process).
[Package Manager] Cannot connect to Unity Package Manager local server
[Package Manager] Server::EnsureServerProcessIsRunning -- launch failed, reason: Unity was launched with the -noUpm command-line argument
[Package Manager] UpmClient::Send -- Unable to send message (not connected to UPM process).
[Package Manager] Cannot connect to Unity Package Manager local server
- Finished resetting the current domain, in  0.533 seconds
Domain Reload Profiling: 1121ms
	BeginReloadAssembly (138ms)
		ExecutionOrderSort (0ms)
		DisableScriptedObjects (5ms)
		BackupInstance (0ms)
		ReleaseScriptingObjects (0ms)
		CreateAndSetChildDomain (17ms)
	RebuildCommonClasses (29ms)
	RebuildNativeTypeToScriptingClass (8ms)
	initialDomainReloadingComplete (31ms)
	LoadAllAssembliesAndSetupDomain (382ms)
		LoadAssemblies (302ms)
		RebuildTransferFunctionScriptingTraits (0ms)
		AnalyzeDomain (168ms)
			TypeCache.Refresh (145ms)
				TypeCache.ScanAssembly (132ms)
			ScanForSourceGeneratedMonoScriptInfo (16ms)
			ResolveRequiredComponents (5ms)
	FinalizeReload (533ms)
		ReleaseScriptCaches (0ms)
		RebuildScriptCaches (0ms)
		SetupLoadedEditorAssemblies (414ms)
			LogAssemblyErrors (0ms)
			InitializePlatformSupportModulesInManaged (13ms)
			SetLoadedEditorAssemblies (3ms)
			RefreshPlugins (0ms)
			BeforeProcessingInitializeOnLoad (49ms)
			ProcessInitializeOnLoadAttributes (325ms)
			ProcessInitializeOnLoadMethodAttributes (23ms)
			AfterProcessingInitializeOnLoad (1ms)
			EditorAssembliesLoaded (0ms)
		ExecutionOrderSort2 (0ms)
		AwakeInstancesAfterBackupRestoration (6ms)
Launched and connected shader compiler UnityShaderCompiler.exe after 0.05 seconds
Refreshing native plugins compatible for Editor in 4.76 ms, found 4 plugins.
Preloading 0 native plugins for Editor in 0.00 ms.
Unloading 4469 Unused Serialized files (Serialized files now loaded: 0)
Unloading 28 unused Assets / (1.1 MB). Loaded Objects now: 4938.
Memory consumption went from 153.2 MB to 152.1 MB.
Total: 5.699100 ms (FindLiveObjects: 0.352500 ms CreateObjectMapping: 0.291800 ms MarkObjects: 4.082200 ms  DeleteObjects: 0.971200 ms)

AssetImportParameters requested are different than current active one (requested -> active):
  custom:container-demuxer-ogg: 62fdf1f143b41e24485cea50d1cbac27 -> 
  custom:video-codec-MediaFoundation-h265: 746d11721c4dcdbdad8f713fa42b33f4 -> 
  custom:video-decoder-ogg-theora: a1e56fd34408186e4bbccfd4996cb3dc -> 
  custom:framework-win-MediaFoundation: 216162199b28c13a410421893ffa2e32 -> 
  custom:CustomObjectIndexerAttribute: 9a22284fe3817be447336de3de66b15e -> 
  custom:container-demuxer-webm: 4f35f7cbe854078d1ac9338744f61a02 -> 
  custom:container-muxer-webm: aa71ff27fc2769a1b78a27578f13a17b -> 
  custom:video-decoder-webm-vp8: 9c59270c3fd7afecdb556c50c9e8de78 -> 
  custom:SearchIndexIgnoredProperties: e643bd26f0fe6173181afceb89e7c659 -> 
  custom:AudioImporter_EditorPlatform: d09bf68614088b80899f8185d706f6e7 -> 
  custom:video-encoder-webm-vp8: eb34c28f22e8b96e1ab97ce403110664 -> 
  custom:audio-decoder-ogg-vorbis: bf7c407c2cedff20999df2af8eb42d56 -> 
  custom:audio-encoder-webm-vorbis: bf7c407c2cedff20999df2af8eb42d56 -> 
========================================================================
Received Import Request.
  Time since last request: 172146.983601 seconds.
  path: Assets/XR/Loaders/SimulationLoader.asset
  artifactKey: Guid(169d01d6d7aae3e438bbd8f958b686fe) Importer(815301076,1909f56bfc062723c751e8b465ee728b)
Start importing Assets/XR/Loaders/SimulationLoader.asset using Guid(169d01d6d7aae3e438bbd8f958b686fe) Importer(815301076,1909f56bfc062723c751e8b465ee728b) [PhysX] Initialized MultithreadedTaskDispatcher with 20 workers.
 -> (artifact id: 'de589eb9d3c6ba336f346011ecb7e600') in 0.010896 seconds
Number of updated asset objects reloaded before import = 0
Number of asset objects unloaded after import = 1
========================================================================
Received Import Request.
  Time since last request: 0.000025 seconds.
  path: Assets/XR/Settings/XRSimulationSettings.asset
  artifactKey: Guid(cd0fec74f49298d428fe7bcd71c9191f) Importer(815301076,1909f56bfc062723c751e8b465ee728b)
Start importing Assets/XR/Settings/XRSimulationSettings.asset using Guid(cd0fec74f49298d428fe7bcd71c9191f) Importer(815301076,1909f56bfc062723c751e8b465ee728b) [PhysX] Initialized MultithreadedTaskDispatcher with 20 workers.
 -> (artifact id: 'f80ffd3642434647010cc290058e3c53') in 0.001300 seconds
Number of updated asset objects reloaded before import = 0
Number of asset objects unloaded after import = 1
========================================================================
Received Prepare
Caller must complete domain reload
Begin MonoManager ReloadAssembly
- Loaded All Assemblies, in  0.373 seconds
Native extension for WindowsStandalone target not found
Native extension for Android target not found
[Package Manager] Server::EnsureServerProcessIsRunning -- launch failed, reason: Unity was launched with the -noUpm command-line argument
[Package Manager] UpmClient::Send -- Unable to send message (not connected to UPM process).
[Package Manager] Cannot connect to Unity Package Manager local server
Mono: successfully reloaded assembly
[Package Manager] Server::EnsureServerProcessIsRunning -- launch failed, reason: Unity was launched with the -noUpm command-line argument
[Package Manager] UpmClient::Send -- Unable to send message (not connected to UPM process).
[Package Manager] Cannot connect to Unity Package Manager local server
- Finished resetting the current domain, in  0.754 seconds
Domain Reload Profiling: 1127ms
	BeginReloadAssembly (134ms)
		ExecutionOrderSort (0ms)
		DisableScriptedObjects (3ms)
		BackupInstance (0ms)
		ReleaseScriptingObjects (0ms)
		CreateAndSetChildDomain (29ms)
	RebuildCommonClasses (34ms)
	RebuildNativeTypeToScriptingClass (13ms)
	initialDomainReloadingComplete (18ms)
	LoadAllAssembliesAndSetupDomain (173ms)
		LoadAssemblies (232ms)
		RebuildTransferFunctionScriptingTraits (0ms)
		AnalyzeDomain (17ms)
			TypeCache.Refresh (7ms)
				TypeCache.ScanAssembly (0ms)
			ScanForSourceGeneratedMonoScriptInfo (0ms)
			ResolveRequiredComponents (8ms)
	FinalizeReload (755ms)
		ReleaseScriptCaches (0ms)
		RebuildScriptCaches (0ms)
		SetupLoadedEditorAssemblies (365ms)
			LogAssemblyErrors (0ms)
			InitializePlatformSupportModulesInManaged (11ms)
			SetLoadedEditorAssemblies (2ms)
			RefreshPlugins (0ms)
			BeforeProcessingInitializeOnLoad (45ms)
			ProcessInitializeOnLoadAttributes (280ms)
			ProcessInitializeOnLoadMethodAttributes (24ms)
			AfterProcessingInitializeOnLoad (2ms)
			EditorAssembliesLoaded (0ms)
		ExecutionOrderSort2 (0ms)
		AwakeInstancesAfterBackupRestoration (5ms)
Refreshing native plugins compatible for Editor in 5.76 ms, found 4 plugins.
Preloading 0 native plugins for Editor in 0.00 ms.
Unloading 4456 Unused Serialized files (Serialized files now loaded: 0)
Unloading 21 unused Assets / (1.1 MB). Loaded Objects now: 4943.
Memory consumption went from 150.6 MB to 149.4 MB.
Total: 3.707400 ms (FindLiveObjects: 0.399800 ms CreateObjectMapping: 0.100100 ms MarkObjects: 2.723500 ms  DeleteObjects: 0.482400 ms)

Prepare: number of updated asset objects reloaded= 0
AssetImportParameters requested are different than current active one (requested -> active):
  custom:container-demuxer-ogg: 62fdf1f143b41e24485cea50d1cbac27 -> 
  custom:video-codec-MediaFoundation-h265: 746d11721c4dcdbdad8f713fa42b33f4 -> 
  custom:video-decoder-ogg-theora: a1e56fd34408186e4bbccfd4996cb3dc -> 
  custom:framework-win-MediaFoundation: 216162199b28c13a410421893ffa2e32 -> 
  custom:CustomObjectIndexerAttribute: 9a22284fe3817be447336de3de66b15e -> 
  custom:container-demuxer-webm: 4f35f7cbe854078d1ac9338744f61a02 -> 
  custom:container-muxer-webm: aa71ff27fc2769a1b78a27578f13a17b -> 
  custom:video-decoder-webm-vp8: 9c59270c3fd7afecdb556c50c9e8de78 -> 
  custom:SearchIndexIgnoredProperties: e643bd26f0fe6173181afceb89e7c659 -> 
  custom:AudioImporter_EditorPlatform: d09bf68614088b80899f8185d706f6e7 -> 
  custom:video-encoder-webm-vp8: eb34c28f22e8b96e1ab97ce403110664 -> 
  custom:audio-decoder-ogg-vorbis: bf7c407c2cedff20999df2af8eb42d56 -> 
  custom:audio-encoder-webm-vorbis: bf7c407c2cedff20999df2af8eb42d56 -> 
========================================================================
Received Prepare
Caller must complete domain reload
Begin MonoManager ReloadAssembly
- Loaded All Assemblies, in  0.384 seconds
Native extension for WindowsStandalone target not found
Native extension for Android target not found
[Package Manager] Server::EnsureServerProcessIsRunning -- launch failed, reason: Unity was launched with the -noUpm command-line argument
[Package Manager] UpmClient::Send -- Unable to send message (not connected to UPM process).
[Package Manager] Cannot connect to Unity Package Manager local server
Mono: successfully reloaded assembly
[Package Manager] Server::EnsureServerProcessIsRunning -- launch failed, reason: Unity was launched with the -noUpm command-line argument
[Package Manager] UpmClient::Send -- Unable to send message (not connected to UPM process).
[Package Manager] Cannot connect to Unity Package Manager local server
- Finished resetting the current domain, in  0.781 seconds
Domain Reload Profiling: 1165ms
	BeginReloadAssembly (132ms)
		ExecutionOrderSort (0ms)
		DisableScriptedObjects (4ms)
		BackupInstance (0ms)
		ReleaseScriptingObjects (0ms)
		CreateAndSetChildDomain (27ms)
	RebuildCommonClasses (31ms)
	RebuildNativeTypeToScriptingClass (8ms)
	initialDomainReloadingComplete (19ms)
	LoadAllAssembliesAndSetupDomain (193ms)
		LoadAssemblies (256ms)
		RebuildTransferFunctionScriptingTraits (0ms)
		AnalyzeDomain (14ms)
			TypeCache.Refresh (6ms)
				TypeCache.ScanAssembly (0ms)
			ScanForSourceGeneratedMonoScriptInfo (0ms)
			ResolveRequiredComponents (7ms)
	FinalizeReload (782ms)
		ReleaseScriptCaches (0ms)
		RebuildScriptCaches (0ms)
		SetupLoadedEditorAssemblies (389ms)
			LogAssemblyErrors (0ms)
			InitializePlatformSupportModulesInManaged (11ms)
			SetLoadedEditorAssemblies (3ms)
			RefreshPlugins (0ms)
			BeforeProcessingInitializeOnLoad (44ms)
			ProcessInitializeOnLoadAttributes (302ms)
			ProcessInitializeOnLoadMethodAttributes (25ms)
			AfterProcessingInitializeOnLoad (3ms)
			EditorAssembliesLoaded (0ms)
		ExecutionOrderSort2 (0ms)
		AwakeInstancesAfterBackupRestoration (8ms)
Refreshing native plugins compatible for Editor in 4.82 ms, found 4 plugins.
Preloading 0 native plugins for Editor in 0.00 ms.
Unloading 4457 Unused Serialized files (Serialized files now loaded: 0)
Unloading 21 unused Assets / (1.1 MB). Loaded Objects now: 4947.
Memory consumption went from 150.8 MB to 149.7 MB.
Total: 5.924200 ms (FindLiveObjects: 0.485200 ms CreateObjectMapping: 0.244200 ms MarkObjects: 4.524500 ms  DeleteObjects: 0.669200 ms)

Prepare: number of updated asset objects reloaded= 0
AssetImportParameters requested are different than current active one (requested -> active):
  custom:container-demuxer-ogg: 62fdf1f143b41e24485cea50d1cbac27 -> 
  custom:video-codec-MediaFoundation-h265: 746d11721c4dcdbdad8f713fa42b33f4 -> 
  custom:video-decoder-ogg-theora: a1e56fd34408186e4bbccfd4996cb3dc -> 
  custom:framework-win-MediaFoundation: 216162199b28c13a410421893ffa2e32 -> 
  custom:CustomObjectIndexerAttribute: 9a22284fe3817be447336de3de66b15e -> 
  custom:container-demuxer-webm: 4f35f7cbe854078d1ac9338744f61a02 -> 
  custom:container-muxer-webm: aa71ff27fc2769a1b78a27578f13a17b -> 
  custom:video-decoder-webm-vp8: 9c59270c3fd7afecdb556c50c9e8de78 -> 
  custom:SearchIndexIgnoredProperties: e643bd26f0fe6173181afceb89e7c659 -> 
  custom:AudioImporter_EditorPlatform: d09bf68614088b80899f8185d706f6e7 -> 
  custom:video-encoder-webm-vp8: eb34c28f22e8b96e1ab97ce403110664 -> 
  custom:audio-decoder-ogg-vorbis: bf7c407c2cedff20999df2af8eb42d56 -> 
  custom:audio-encoder-webm-vorbis: bf7c407c2cedff20999df2af8eb42d56 -> 
========================================================================
Received Prepare
Caller must complete domain reload
Begin MonoManager ReloadAssembly
- Loaded All Assemblies, in  0.349 seconds
Native extension for WindowsStandalone target not found
Native extension for Android target not found
[Package Manager] Server::EnsureServerProcessIsRunning -- launch failed, reason: Unity was launched with the -noUpm command-line argument
[Package Manager] UpmClient::Send -- Unable to send message (not connected to UPM process).
[Package Manager] Cannot connect to Unity Package Manager local server
Mono: successfully reloaded assembly
[Package Manager] Server::EnsureServerProcessIsRunning -- launch failed, reason: Unity was launched with the -noUpm command-line argument
[Package Manager] UpmClient::Send -- Unable to send message (not connected to UPM process).
[Package Manager] Cannot connect to Unity Package Manager local server
- Finished resetting the current domain, in  0.822 seconds
Domain Reload Profiling: 1170ms
	BeginReloadAssembly (134ms)
		ExecutionOrderSort (0ms)
		DisableScriptedObjects (3ms)
		BackupInstance (0ms)
		ReleaseScriptingObjects (0ms)
		CreateAndSetChildDomain (25ms)
	RebuildCommonClasses (22ms)
	RebuildNativeTypeToScriptingClass (9ms)
	initialDomainReloadingComplete (18ms)
	LoadAllAssembliesAndSetupDomain (165ms)
		LoadAssemblies (233ms)
		RebuildTransferFunctionScriptingTraits (0ms)
		AnalyzeDomain (12ms)
			TypeCache.Refresh (5ms)
				TypeCache.ScanAssembly (0ms)
			ScanForSourceGeneratedMonoScriptInfo (0ms)
			ResolveRequiredComponents (6ms)
	FinalizeReload (822ms)
		ReleaseScriptCaches (0ms)
		RebuildScriptCaches (0ms)
		SetupLoadedEditorAssemblies (419ms)
			LogAssemblyErrors (0ms)
			InitializePlatformSupportModulesInManaged (16ms)
			SetLoadedEditorAssemblies (3ms)
			RefreshPlugins (0ms)
			BeforeProcessingInitializeOnLoad (49ms)
			ProcessInitializeOnLoadAttributes (319ms)
			ProcessInitializeOnLoadMethodAttributes (30ms)
			AfterProcessingInitializeOnLoad (2ms)
			EditorAssembliesLoaded (0ms)
		ExecutionOrderSort2 (0ms)
		AwakeInstancesAfterBackupRestoration (9ms)
Refreshing native plugins compatible for Editor in 5.14 ms, found 4 plugins.
Preloading 0 native plugins for Editor in 0.00 ms.
Unloading 4457 Unused Serialized files (Serialized files now loaded: 0)
Unloading 21 unused Assets / (1.2 MB). Loaded Objects now: 4951.
Memory consumption went from 150.8 MB to 149.7 MB.
Total: 4.539600 ms (FindLiveObjects: 0.315000 ms CreateObjectMapping: 0.223900 ms MarkObjects: 3.419800 ms  DeleteObjects: 0.579200 ms)

Prepare: number of updated asset objects reloaded= 0
AssetImportParameters requested are different than current active one (requested -> active):
  custom:container-demuxer-ogg: 62fdf1f143b41e24485cea50d1cbac27 -> 
  custom:video-codec-MediaFoundation-h265: 746d11721c4dcdbdad8f713fa42b33f4 -> 
  custom:video-decoder-ogg-theora: a1e56fd34408186e4bbccfd4996cb3dc -> 
  custom:framework-win-MediaFoundation: 216162199b28c13a410421893ffa2e32 -> 
  custom:CustomObjectIndexerAttribute: 9a22284fe3817be447336de3de66b15e -> 
  custom:container-demuxer-webm: 4f35f7cbe854078d1ac9338744f61a02 -> 
  custom:container-muxer-webm: aa71ff27fc2769a1b78a27578f13a17b -> 
  custom:video-decoder-webm-vp8: 9c59270c3fd7afecdb556c50c9e8de78 -> 
  custom:SearchIndexIgnoredProperties: e643bd26f0fe6173181afceb89e7c659 -> 
  custom:AudioImporter_EditorPlatform: d09bf68614088b80899f8185d706f6e7 -> 
  custom:video-encoder-webm-vp8: eb34c28f22e8b96e1ab97ce403110664 -> 
  custom:audio-decoder-ogg-vorbis: bf7c407c2cedff20999df2af8eb42d56 -> 
  custom:audio-encoder-webm-vorbis: bf7c407c2cedff20999df2af8eb42d56 -> 
========================================================================
Received Prepare
Caller must complete domain reload
Begin MonoManager ReloadAssembly
- Loaded All Assemblies, in  0.711 seconds
Native extension for WindowsStandalone target not found
Native extension for Android target not found
[Package Manager] Server::EnsureServerProcessIsRunning -- launch failed, reason: Unity was launched with the -noUpm command-line argument
[Package Manager] UpmClient::Send -- Unable to send message (not connected to UPM process).
[Package Manager] Cannot connect to Unity Package Manager local server
Mono: successfully reloaded assembly
[Package Manager] Server::EnsureServerProcessIsRunning -- launch failed, reason: Unity was launched with the -noUpm command-line argument
[Package Manager] UpmClient::Send -- Unable to send message (not connected to UPM process).
[Package Manager] Cannot connect to Unity Package Manager local server
- Finished resetting the current domain, in  1.647 seconds
Domain Reload Profiling: 2357ms
	BeginReloadAssembly (246ms)
		ExecutionOrderSort (0ms)
		DisableScriptedObjects (7ms)
		BackupInstance (0ms)
		ReleaseScriptingObjects (0ms)
		CreateAndSetChildDomain (85ms)
	RebuildCommonClasses (38ms)
	RebuildNativeTypeToScriptingClass (11ms)
	initialDomainReloadingComplete (25ms)
	LoadAllAssembliesAndSetupDomain (389ms)
		LoadAssemblies (446ms)
		RebuildTransferFunctionScriptingTraits (0ms)
		AnalyzeDomain (50ms)
			TypeCache.Refresh (20ms)
				TypeCache.ScanAssembly (2ms)
			ScanForSourceGeneratedMonoScriptInfo (21ms)
			ResolveRequiredComponents (8ms)
	FinalizeReload (1647ms)
		ReleaseScriptCaches (0ms)
		RebuildScriptCaches (0ms)
		SetupLoadedEditorAssemblies (424ms)
			LogAssemblyErrors (0ms)
			InitializePlatformSupportModulesInManaged (14ms)
			SetLoadedEditorAssemblies (4ms)
			RefreshPlugins (0ms)
			BeforeProcessingInitializeOnLoad (57ms)
			ProcessInitializeOnLoadAttributes (310ms)
			ProcessInitializeOnLoadMethodAttributes (37ms)
			AfterProcessingInitializeOnLoad (2ms)
			EditorAssembliesLoaded (0ms)
		ExecutionOrderSort2 (0ms)
		AwakeInstancesAfterBackupRestoration (7ms)
Refreshing native plugins compatible for Editor in 5.07 ms, found 4 plugins.
Preloading 0 native plugins for Editor in 0.00 ms.
Unloading 4523 Unused Serialized files (Serialized files now loaded: 0)
Unloading 23 unused Assets / (1.2 MB). Loaded Objects now: 5021.
Memory consumption went from 152.6 MB to 151.4 MB.
Total: 4.561900 ms (FindLiveObjects: 0.220100 ms CreateObjectMapping: 0.118100 ms MarkObjects: 3.707500 ms  DeleteObjects: 0.515200 ms)

Prepare: number of updated asset objects reloaded= 0
AssetImportParameters requested are different than current active one (requested -> active):
  custom:scripting/monoscript/fileName/ArRecordingConfig.cs: dfdb22d280f26bff6727fe6f9c34f9d1 -> 
  custom:scripting/monoscript/fileName/ArCoreImg.cs: 284f8bc57305622727946cdceadb2cef -> 
  custom:scripting/monoscript/fileName/Cli.cs: f278fa05dc0a28f05b8e56cf7a587c31 -> d287e08b50f2cb135aa4d7f8e01b7ef9
  custom:container-demuxer-ogg: 62fdf1f143b41e24485cea50d1cbac27 -> 
  custom:scripting/monoscript/fileName/ARCoreAnchorSubsystem.cs: 8fd89380878aa630c35614c13d4b70e4 -> 
  custom:scripting/monoscript/fileName/ARCoreSessionSubsystem.cs: 0499cfac149f3ba6a8678a379c5077a0 -> 
  custom:scripting/monoscript/fileName/ARCoreOcclusionSubsystem.cs: 2a111039ddadb09f587c28ae3f37fc2b -> 
  custom:scripting/monoscript/fileName/ARCoreXRPointCloudSubsystem.cs: a817e9a702204b3fa3e30b3243847693 -> 
  custom:scripting/monoscript/fileName/Gradle.cs: f2ad869b521aeebb9f3c8c6665622b87 -> 
  custom:video-codec-MediaFoundation-h265: 746d11721c4dcdbdad8f713fa42b33f4 -> 
  custom:scripting/monoscript/fileName/ImageConversionJobs.cs: 5daa4e6aadb43a7b9057d64b0ba5d568 -> 
  custom:video-decoder-ogg-theora: a1e56fd34408186e4bbccfd4996cb3dc -> 
  custom:scripting/monoscript/fileName/HashCodeUtil.cs: 3ac2012e517078f051611cc23e19a706 -> ee7a4f9a9650d3c7f74eced4bfed8831
  custom:framework-win-MediaFoundation: 216162199b28c13a410421893ffa2e32 -> 
  custom:scripting/monoscript/fileName/ArSession.cs: dc9c4d04514fe088f4acb3a600cfa61f -> 
  custom:scripting/monoscript/fileName/ArPlaybackStatus.cs: f77b11c84a00703de9d452d424518caa -> 
  custom:scripting/monoscript/fileName/ManagedReferenceImage.cs: 3f74dd150e48d66b5dd8288f3c3e1c34 -> 
  custom:scripting/monoscript/fileName/ARCoreImageTrackingSubsystem.cs: 39d814b8b12f50336c43db8ce6f8ee94 -> 
  custom:scripting/monoscript/fileName/ARCorePackageMetadata.cs: 1751e19b3bc5d304ce814e7f02fa6d47 -> 
  custom:scripting/monoscript/fileName/ARCorePromise.cs: 90647cc400823b41df847a6cbfc29026 -> 
  custom:scripting/monoscript/fileName/ArCameraConfigFilter.cs: b80d5ef788f451fa06963271e9d59efb -> 
  custom:scripting/monoscript/fileName/NativeView.cs: 4afb79670cf27530a179f070ba3fe9aa -> 
  custom:scripting/monoscript/fileName/ARCoreLoader.cs: 2c650baba67f1e04bc070894acda684f -> 
  custom:scripting/monoscript/fileName/ARCoreXRDepthSubsystem.deprecated.cs: 9f24fee25a0b08179d7d1cb09e2e51f5 -> 
  custom:scripting/monoscript/fileName/ARCoreEnvironmentProbeSubsystem.cs: 1b868584605b2895b3934baf5f9f6033 -> 
  custom:CustomObjectIndexerAttribute: 9a22284fe3817be447336de3de66b15e -> 
  custom:scripting/monoscript/fileName/ARCoreBuildProcessor.cs: d9eab941277ca6504aeebd69836dd8b0 -> 
  custom:scripting/monoscript/fileName/ARCoreBeforeGetCameraConfigurationEventArgs.cs: 8e2a6fe308d51ad1f6b16c500dc5dfb3 -> 
  custom:scripting/monoscript/fileName/ARCorePlaneSubsystem.cs: d2278eda10dae0fc36c44eee439649a4 -> 
  custom:container-demuxer-webm: 4f35f7cbe854078d1ac9338744f61a02 -> 
  custom:scripting/monoscript/fileName/ARCoreSettingsProvider.cs: 79c816e2cf7b68babc51565d8a334acf -> 
  custom:scripting/monoscript/fileName/ARCoreRaycastSubsystem.cs: 4746ee3ed0cece0abfde776c634af447 -> 
  custom:scripting/monoscript/fileName/ARCoreFaceSubsystem.cs: c496ea8c93654d4c22c4220a77e9a21d -> 
  custom:scripting/monoscript/fileName/ArCameraConfig.cs: 4a875ddea718888a33e0d31342770b8d -> 
  custom:scripting/monoscript/fileName/Java.cs: 23333680cb2e70ba8bbce74628d877c3 -> 
  custom:scripting/monoscript/fileName/ARCoreLoaderConstants.cs: 1ca2b374b9eebdabc880c6eec02abfbe -> 
  custom:scripting/monoscript/fileName/RcoApi.cs: 1b7d1343bf82f11ff12a2ad830cbbf88 -> 
  custom:scripting/monoscript/fileName/ARCoreLoaderSettings.cs: 98d75423d90e6a85b8a5d383cd4fad48 -> 
  custom:scripting/monoscript/fileName/ArPrestoApi.cs: 102320236e333507f3c23510cf5fedf0 -> 
  custom:container-muxer-webm: aa71ff27fc2769a1b78a27578f13a17b -> 
  custom:scripting/monoscript/fileName/ArString.cs: a85954ac20e0c75f9dbcbebac19f7fbf -> 
  custom:video-decoder-webm-vp8: 9c59270c3fd7afecdb556c50c9e8de78 -> 
  custom:scripting/monoscript/fileName/NativeObject.cs: 1c83a6ff9bdb6f537b0ca273504b9cb1 -> 
  custom:scripting/precompiled-assembly-types:Unity.XR.ARCore.Editor: 02c2db43342c23e4477f9d7b07b95cb5 -> 
  custom:scripting/monoscript/fileName/ARCoreBeforeSetConfigurationEventArgs.cs: 234cd91ed3cdf60645705e8837e7e78d -> 
  custom:scripting/monoscript/fileName/ARCoreCameraSubsystem.cs: 2cce9a0f290d5c7a0cb70e2a3b0af3ab -> 
  custom:SearchIndexIgnoredProperties: e643bd26f0fe6173181afceb89e7c659 -> 
  custom:AudioImporter_EditorPlatform: d09bf68614088b80899f8185d706f6e7 -> 
  custom:scripting/monoscript/fileName/InputLayoutLoader.cs: 2980c1660657b98176f57e2070c5cb69 -> a6fad719a67e63b0838341df7c073961
  custom:scripting/monoscript/fileName/ARCoreImageDatabase.cs: 7f7d7783973546d2000bf9aa32566b8f -> 
  custom:scripting/monoscript/fileName/StringExtensions.cs: 6f6c226b1c73c5132416ef95ad867308 -> 0a3ecf20ea398b07067a97ad700896f0
  custom:scripting/monoscript/fileName/ARCoreSettings.cs: 40690c9c4969c061c980f80d35c3e6fb -> 
  custom:scripting/monoscript/fileName/ArRecordingStatus.cs: 1e851bf64f38781ab761ff7585b2fc01 -> 
  custom:video-encoder-webm-vp8: eb34c28f22e8b96e1ab97ce403110664 -> 
  custom:scripting/monoscript/fileName/ARCoreProjectValidationRules.cs: eeb621f554a206cb3c7975cb72a27397 -> 
  custom:audio-decoder-ogg-vorbis: bf7c407c2cedff20999df2af8eb42d56 -> 
  custom:scripting/monoscript/fileName/ArConfig.cs: 3fcec3d7584809d01b43e09f93c614f3 -> 
  custom:scripting/precompiled-assembly-types:Unity.XR.ARCore: 905f88ea8a843a72f400d724a929b837 -> 
  custom:scripting/monoscript/fileName/ARCoreFaceRegionData.cs: c3e1f4c128987c270a2af588eecf348c -> 
  custom:audio-encoder-webm-vorbis: bf7c407c2cedff20999df2af8eb42d56 -> 
  custom:scripting/monoscript/fileName/ARCoreApi.cs: b7be0b56411f0cdcb6a1075249abb802 -> 
  custom:scripting/monoscript/fileName/ARCorePermissionManager.cs: 532f7d03090ae14ae9bbbd403c359df8 -> 
  custom:scripting/monoscript/fileName/ARCoreImageLibraryBuildProcessor.cs: 3f33f565654fcd80e4aa61a92c2169a1 -> 
  custom:scripting/monoscript/fileName/ARCoreCpuImageApi.cs: 7e0d7ea0378a04357bca45463bebfe57 -> 
========================================================================
Received Prepare
Caller must complete domain reload
Begin MonoManager ReloadAssembly
- Loaded All Assemblies, in  0.395 seconds
Native extension for WindowsStandalone target not found
Native extension for Android target not found
[Package Manager] Server::EnsureServerProcessIsRunning -- launch failed, reason: Unity was launched with the -noUpm command-line argument
[Package Manager] UpmClient::Send -- Unable to send message (not connected to UPM process).
[Package Manager] Cannot connect to Unity Package Manager local server
Mono: successfully reloaded assembly
[Package Manager] Server::EnsureServerProcessIsRunning -- launch failed, reason: Unity was launched with the -noUpm command-line argument
[Package Manager] UpmClient::Send -- Unable to send message (not connected to UPM process).
[Package Manager] Cannot connect to Unity Package Manager local server
- Finished resetting the current domain, in  0.936 seconds
Domain Reload Profiling: 1330ms
	BeginReloadAssembly (150ms)
		ExecutionOrderSort (0ms)
		DisableScriptedObjects (3ms)
		BackupInstance (0ms)
		ReleaseScriptingObjects (0ms)
		CreateAndSetChildDomain (30ms)
	RebuildCommonClasses (32ms)
	RebuildNativeTypeToScriptingClass (8ms)
	initialDomainReloadingComplete (21ms)
	LoadAllAssembliesAndSetupDomain (183ms)
		LoadAssemblies (257ms)
		RebuildTransferFunctionScriptingTraits (0ms)
		AnalyzeDomain (17ms)
			TypeCache.Refresh (8ms)
				TypeCache.ScanAssembly (0ms)
			ScanForSourceGeneratedMonoScriptInfo (0ms)
			ResolveRequiredComponents (8ms)
	FinalizeReload (936ms)
		ReleaseScriptCaches (0ms)
		RebuildScriptCaches (0ms)
		SetupLoadedEditorAssemblies (455ms)
			LogAssemblyErrors (0ms)
			InitializePlatformSupportModulesInManaged (15ms)
			SetLoadedEditorAssemblies (4ms)
			RefreshPlugins (0ms)
			BeforeProcessingInitializeOnLoad (59ms)
			ProcessInitializeOnLoadAttributes (333ms)
			ProcessInitializeOnLoadMethodAttributes (41ms)
			AfterProcessingInitializeOnLoad (3ms)
			EditorAssembliesLoaded (0ms)
		ExecutionOrderSort2 (0ms)
		AwakeInstancesAfterBackupRestoration (10ms)
Refreshing native plugins compatible for Editor in 5.47 ms, found 4 plugins.
Preloading 0 native plugins for Editor in 0.00 ms.
Unloading 4523 Unused Serialized files (Serialized files now loaded: 0)
Unloading 23 unused Assets / (1.3 MB). Loaded Objects now: 5027.
Memory consumption went from 152.6 MB to 151.4 MB.
Total: 3.813100 ms (FindLiveObjects: 0.294100 ms CreateObjectMapping: 0.310400 ms MarkObjects: 2.725900 ms  DeleteObjects: 0.481800 ms)

Prepare: number of updated asset objects reloaded= 0
AssetImportParameters requested are different than current active one (requested -> active):
  custom:scripting/monoscript/fileName/ArRecordingConfig.cs: dfdb22d280f26bff6727fe6f9c34f9d1 -> 
  custom:scripting/monoscript/fileName/ArCoreImg.cs: 284f8bc57305622727946cdceadb2cef -> 
  custom:scripting/monoscript/fileName/Cli.cs: f278fa05dc0a28f05b8e56cf7a587c31 -> d287e08b50f2cb135aa4d7f8e01b7ef9
  custom:container-demuxer-ogg: 62fdf1f143b41e24485cea50d1cbac27 -> 
  custom:scripting/monoscript/fileName/ARCoreAnchorSubsystem.cs: 8fd89380878aa630c35614c13d4b70e4 -> 
  custom:scripting/monoscript/fileName/ARCoreSessionSubsystem.cs: 0499cfac149f3ba6a8678a379c5077a0 -> 
  custom:scripting/monoscript/fileName/ARCoreOcclusionSubsystem.cs: 2a111039ddadb09f587c28ae3f37fc2b -> 
  custom:scripting/monoscript/fileName/ARCoreXRPointCloudSubsystem.cs: a817e9a702204b3fa3e30b3243847693 -> 
  custom:scripting/monoscript/fileName/Gradle.cs: f2ad869b521aeebb9f3c8c6665622b87 -> 
  custom:video-codec-MediaFoundation-h265: 746d11721c4dcdbdad8f713fa42b33f4 -> 
  custom:scripting/monoscript/fileName/ImageConversionJobs.cs: 5daa4e6aadb43a7b9057d64b0ba5d568 -> 
  custom:video-decoder-ogg-theora: a1e56fd34408186e4bbccfd4996cb3dc -> 
  custom:scripting/monoscript/fileName/HashCodeUtil.cs: 3ac2012e517078f051611cc23e19a706 -> ee7a4f9a9650d3c7f74eced4bfed8831
  custom:framework-win-MediaFoundation: 216162199b28c13a410421893ffa2e32 -> 
  custom:scripting/monoscript/fileName/ArSession.cs: dc9c4d04514fe088f4acb3a600cfa61f -> 
  custom:scripting/monoscript/fileName/ArPlaybackStatus.cs: f77b11c84a00703de9d452d424518caa -> 
  custom:scripting/monoscript/fileName/ManagedReferenceImage.cs: 3f74dd150e48d66b5dd8288f3c3e1c34 -> 
  custom:scripting/monoscript/fileName/ARCoreImageTrackingSubsystem.cs: 39d814b8b12f50336c43db8ce6f8ee94 -> 
  custom:scripting/monoscript/fileName/ARCorePackageMetadata.cs: 1751e19b3bc5d304ce814e7f02fa6d47 -> 
  custom:scripting/monoscript/fileName/ARCorePromise.cs: 90647cc400823b41df847a6cbfc29026 -> 
  custom:scripting/monoscript/fileName/ArCameraConfigFilter.cs: b80d5ef788f451fa06963271e9d59efb -> 
  custom:scripting/monoscript/fileName/NativeView.cs: 4afb79670cf27530a179f070ba3fe9aa -> 
  custom:scripting/monoscript/fileName/ARCoreLoader.cs: 2c650baba67f1e04bc070894acda684f -> 
  custom:scripting/monoscript/fileName/ARCoreXRDepthSubsystem.deprecated.cs: 9f24fee25a0b08179d7d1cb09e2e51f5 -> 
  custom:scripting/monoscript/fileName/ARCoreEnvironmentProbeSubsystem.cs: 1b868584605b2895b3934baf5f9f6033 -> 
  custom:CustomObjectIndexerAttribute: 9a22284fe3817be447336de3de66b15e -> 
  custom:scripting/monoscript/fileName/ARCoreBuildProcessor.cs: d9eab941277ca6504aeebd69836dd8b0 -> 
  custom:scripting/monoscript/fileName/ARCoreBeforeGetCameraConfigurationEventArgs.cs: 8e2a6fe308d51ad1f6b16c500dc5dfb3 -> 
  custom:scripting/monoscript/fileName/ARCorePlaneSubsystem.cs: d2278eda10dae0fc36c44eee439649a4 -> 
  custom:container-demuxer-webm: 4f35f7cbe854078d1ac9338744f61a02 -> 
  custom:scripting/monoscript/fileName/ARCoreSettingsProvider.cs: 79c816e2cf7b68babc51565d8a334acf -> 
  custom:scripting/monoscript/fileName/ARCoreRaycastSubsystem.cs: 4746ee3ed0cece0abfde776c634af447 -> 
  custom:scripting/monoscript/fileName/ARCoreFaceSubsystem.cs: c496ea8c93654d4c22c4220a77e9a21d -> 
  custom:scripting/monoscript/fileName/ArCameraConfig.cs: 4a875ddea718888a33e0d31342770b8d -> 
  custom:scripting/monoscript/fileName/Java.cs: 23333680cb2e70ba8bbce74628d877c3 -> 
  custom:scripting/monoscript/fileName/ARCoreLoaderConstants.cs: 1ca2b374b9eebdabc880c6eec02abfbe -> 
  custom:scripting/monoscript/fileName/RcoApi.cs: 1b7d1343bf82f11ff12a2ad830cbbf88 -> 
  custom:scripting/monoscript/fileName/ARCoreLoaderSettings.cs: 98d75423d90e6a85b8a5d383cd4fad48 -> 
  custom:scripting/monoscript/fileName/ArPrestoApi.cs: 102320236e333507f3c23510cf5fedf0 -> 
  custom:container-muxer-webm: aa71ff27fc2769a1b78a27578f13a17b -> 
  custom:scripting/monoscript/fileName/ArString.cs: a85954ac20e0c75f9dbcbebac19f7fbf -> 
  custom:video-decoder-webm-vp8: 9c59270c3fd7afecdb556c50c9e8de78 -> 
  custom:scripting/monoscript/fileName/NativeObject.cs: 1c83a6ff9bdb6f537b0ca273504b9cb1 -> 
  custom:scripting/precompiled-assembly-types:Unity.XR.ARCore.Editor: 02c2db43342c23e4477f9d7b07b95cb5 -> 
  custom:scripting/monoscript/fileName/ARCoreBeforeSetConfigurationEventArgs.cs: 234cd91ed3cdf60645705e8837e7e78d -> 
  custom:scripting/monoscript/fileName/ARCoreCameraSubsystem.cs: 2cce9a0f290d5c7a0cb70e2a3b0af3ab -> 
  custom:SearchIndexIgnoredProperties: e643bd26f0fe6173181afceb89e7c659 -> 
  custom:AudioImporter_EditorPlatform: d09bf68614088b80899f8185d706f6e7 -> 
  custom:scripting/monoscript/fileName/InputLayoutLoader.cs: 2980c1660657b98176f57e2070c5cb69 -> a6fad719a67e63b0838341df7c073961
  custom:scripting/monoscript/fileName/ARCoreImageDatabase.cs: 7f7d7783973546d2000bf9aa32566b8f -> 
  custom:scripting/monoscript/fileName/StringExtensions.cs: 6f6c226b1c73c5132416ef95ad867308 -> 0a3ecf20ea398b07067a97ad700896f0
  custom:scripting/monoscript/fileName/ARCoreSettings.cs: 40690c9c4969c061c980f80d35c3e6fb -> 
  custom:scripting/monoscript/fileName/ArRecordingStatus.cs: 1e851bf64f38781ab761ff7585b2fc01 -> 
  custom:video-encoder-webm-vp8: eb34c28f22e8b96e1ab97ce403110664 -> 
  custom:scripting/monoscript/fileName/ARCoreProjectValidationRules.cs: eeb621f554a206cb3c7975cb72a27397 -> 
  custom:audio-decoder-ogg-vorbis: bf7c407c2cedff20999df2af8eb42d56 -> 
  custom:scripting/monoscript/fileName/ArConfig.cs: 3fcec3d7584809d01b43e09f93c614f3 -> 
  custom:scripting/precompiled-assembly-types:Unity.XR.ARCore: 905f88ea8a843a72f400d724a929b837 -> 
  custom:scripting/monoscript/fileName/ARCoreFaceRegionData.cs: c3e1f4c128987c270a2af588eecf348c -> 
  custom:audio-encoder-webm-vorbis: bf7c407c2cedff20999df2af8eb42d56 -> 
  custom:scripting/monoscript/fileName/ARCoreApi.cs: b7be0b56411f0cdcb6a1075249abb802 -> 
  custom:scripting/monoscript/fileName/ARCorePermissionManager.cs: 532f7d03090ae14ae9bbbd403c359df8 -> 
  custom:scripting/monoscript/fileName/ARCoreImageLibraryBuildProcessor.cs: 3f33f565654fcd80e4aa61a92c2169a1 -> 
  custom:scripting/monoscript/fileName/ARCoreCpuImageApi.cs: 7e0d7ea0378a04357bca45463bebfe57 -> 
========================================================================
Received Prepare
Refreshing native plugins compatible for Editor in 5.46 ms, found 4 plugins.
Preloading 0 native plugins for Editor in 0.00 ms.
Unloading 9 Unused Serialized files (Serialized files now loaded: 0)
Unloading 9 unused Assets / (1.1 MB). Loaded Objects now: 5027.
Memory consumption went from 82.3 MB to 81.2 MB.
Total: 6.601400 ms (FindLiveObjects: 0.414800 ms CreateObjectMapping: 0.189900 ms MarkObjects: 5.243800 ms  DeleteObjects: 0.751400 ms)

Prepare: number of updated asset objects reloaded= 0
AssetImportParameters requested are different than current active one (requested -> active):
  custom:scripting/monoscript/fileName/ArRecordingConfig.cs: dfdb22d280f26bff6727fe6f9c34f9d1 -> 
  custom:scripting/monoscript/fileName/ArCoreImg.cs: 284f8bc57305622727946cdceadb2cef -> 
  custom:scripting/monoscript/fileName/Cli.cs: f278fa05dc0a28f05b8e56cf7a587c31 -> d287e08b50f2cb135aa4d7f8e01b7ef9
  custom:container-demuxer-ogg: 62fdf1f143b41e24485cea50d1cbac27 -> 
  custom:scripting/monoscript/fileName/ARCoreAnchorSubsystem.cs: 8fd89380878aa630c35614c13d4b70e4 -> 
  custom:scripting/monoscript/fileName/ARCoreSessionSubsystem.cs: 0499cfac149f3ba6a8678a379c5077a0 -> 
  custom:scripting/monoscript/fileName/ARCoreOcclusionSubsystem.cs: 2a111039ddadb09f587c28ae3f37fc2b -> 
  custom:scripting/monoscript/fileName/ARCoreXRPointCloudSubsystem.cs: a817e9a702204b3fa3e30b3243847693 -> 
  custom:scripting/monoscript/fileName/Gradle.cs: f2ad869b521aeebb9f3c8c6665622b87 -> 
  custom:video-codec-MediaFoundation-h265: 746d11721c4dcdbdad8f713fa42b33f4 -> 
  custom:scripting/monoscript/fileName/ImageConversionJobs.cs: 5daa4e6aadb43a7b9057d64b0ba5d568 -> 
  custom:video-decoder-ogg-theora: a1e56fd34408186e4bbccfd4996cb3dc -> 
  custom:scripting/monoscript/fileName/HashCodeUtil.cs: 3ac2012e517078f051611cc23e19a706 -> ee7a4f9a9650d3c7f74eced4bfed8831
  custom:framework-win-MediaFoundation: 216162199b28c13a410421893ffa2e32 -> 
  custom:scripting/monoscript/fileName/ArSession.cs: dc9c4d04514fe088f4acb3a600cfa61f -> 
  custom:scripting/monoscript/fileName/ArPlaybackStatus.cs: f77b11c84a00703de9d452d424518caa -> 
  custom:scripting/monoscript/fileName/ManagedReferenceImage.cs: 3f74dd150e48d66b5dd8288f3c3e1c34 -> 
  custom:scripting/monoscript/fileName/ARCoreImageTrackingSubsystem.cs: 39d814b8b12f50336c43db8ce6f8ee94 -> 
  custom:scripting/monoscript/fileName/ARCorePackageMetadata.cs: 1751e19b3bc5d304ce814e7f02fa6d47 -> 
  custom:scripting/monoscript/fileName/ARCorePromise.cs: 90647cc400823b41df847a6cbfc29026 -> 
  custom:scripting/monoscript/fileName/ArCameraConfigFilter.cs: b80d5ef788f451fa06963271e9d59efb -> 
  custom:scripting/monoscript/fileName/NativeView.cs: 4afb79670cf27530a179f070ba3fe9aa -> 
  custom:scripting/monoscript/fileName/ARCoreLoader.cs: 2c650baba67f1e04bc070894acda684f -> 
  custom:scripting/monoscript/fileName/ARCoreXRDepthSubsystem.deprecated.cs: 9f24fee25a0b08179d7d1cb09e2e51f5 -> 
  custom:scripting/monoscript/fileName/ARCoreEnvironmentProbeSubsystem.cs: 1b868584605b2895b3934baf5f9f6033 -> 
  custom:CustomObjectIndexerAttribute: 9a22284fe3817be447336de3de66b15e -> 
  custom:scripting/monoscript/fileName/ARCoreBuildProcessor.cs: d9eab941277ca6504aeebd69836dd8b0 -> 
  custom:scripting/monoscript/fileName/ARCoreBeforeGetCameraConfigurationEventArgs.cs: 8e2a6fe308d51ad1f6b16c500dc5dfb3 -> 
  custom:scripting/monoscript/fileName/ARCorePlaneSubsystem.cs: d2278eda10dae0fc36c44eee439649a4 -> 
  custom:container-demuxer-webm: 4f35f7cbe854078d1ac9338744f61a02 -> 
  custom:scripting/monoscript/fileName/ARCoreSettingsProvider.cs: 79c816e2cf7b68babc51565d8a334acf -> 
  custom:scripting/monoscript/fileName/ARCoreRaycastSubsystem.cs: 4746ee3ed0cece0abfde776c634af447 -> 
  custom:scripting/monoscript/fileName/ARCoreFaceSubsystem.cs: c496ea8c93654d4c22c4220a77e9a21d -> 
  custom:scripting/monoscript/fileName/ArCameraConfig.cs: 4a875ddea718888a33e0d31342770b8d -> 
  custom:scripting/monoscript/fileName/Java.cs: 23333680cb2e70ba8bbce74628d877c3 -> 
  custom:scripting/monoscript/fileName/ARCoreLoaderConstants.cs: 1ca2b374b9eebdabc880c6eec02abfbe -> 
  custom:scripting/monoscript/fileName/RcoApi.cs: 1b7d1343bf82f11ff12a2ad830cbbf88 -> 
  custom:scripting/monoscript/fileName/ARCoreLoaderSettings.cs: 98d75423d90e6a85b8a5d383cd4fad48 -> 
  custom:scripting/monoscript/fileName/ArPrestoApi.cs: 102320236e333507f3c23510cf5fedf0 -> 
  custom:container-muxer-webm: aa71ff27fc2769a1b78a27578f13a17b -> 
  custom:scripting/monoscript/fileName/ArString.cs: a85954ac20e0c75f9dbcbebac19f7fbf -> 
  custom:video-decoder-webm-vp8: 9c59270c3fd7afecdb556c50c9e8de78 -> 
  custom:scripting/monoscript/fileName/NativeObject.cs: 1c83a6ff9bdb6f537b0ca273504b9cb1 -> 
  custom:scripting/precompiled-assembly-types:Unity.XR.ARCore.Editor: 02c2db43342c23e4477f9d7b07b95cb5 -> 
  custom:scripting/monoscript/fileName/ARCoreBeforeSetConfigurationEventArgs.cs: 234cd91ed3cdf60645705e8837e7e78d -> 
  custom:scripting/monoscript/fileName/ARCoreCameraSubsystem.cs: 2cce9a0f290d5c7a0cb70e2a3b0af3ab -> 
  custom:SearchIndexIgnoredProperties: e643bd26f0fe6173181afceb89e7c659 -> 
  custom:AudioImporter_EditorPlatform: d09bf68614088b80899f8185d706f6e7 -> 
  custom:scripting/monoscript/fileName/InputLayoutLoader.cs: 2980c1660657b98176f57e2070c5cb69 -> a6fad719a67e63b0838341df7c073961
  custom:scripting/monoscript/fileName/ARCoreImageDatabase.cs: 7f7d7783973546d2000bf9aa32566b8f -> 
  custom:scripting/monoscript/fileName/StringExtensions.cs: 6f6c226b1c73c5132416ef95ad867308 -> 0a3ecf20ea398b07067a97ad700896f0
  custom:scripting/monoscript/fileName/ARCoreSettings.cs: 40690c9c4969c061c980f80d35c3e6fb -> 
  custom:scripting/monoscript/fileName/ArRecordingStatus.cs: 1e851bf64f38781ab761ff7585b2fc01 -> 
  custom:video-encoder-webm-vp8: eb34c28f22e8b96e1ab97ce403110664 -> 
  custom:scripting/monoscript/fileName/ARCoreProjectValidationRules.cs: eeb621f554a206cb3c7975cb72a27397 -> 
  custom:audio-decoder-ogg-vorbis: bf7c407c2cedff20999df2af8eb42d56 -> 
  custom:scripting/monoscript/fileName/ArConfig.cs: 3fcec3d7584809d01b43e09f93c614f3 -> 
  custom:scripting/precompiled-assembly-types:Unity.XR.ARCore: 905f88ea8a843a72f400d724a929b837 -> 
  custom:scripting/monoscript/fileName/ARCoreFaceRegionData.cs: c3e1f4c128987c270a2af588eecf348c -> 
  custom:audio-encoder-webm-vorbis: bf7c407c2cedff20999df2af8eb42d56 -> 
  custom:scripting/monoscript/fileName/ARCoreApi.cs: b7be0b56411f0cdcb6a1075249abb802 -> 
  custom:scripting/monoscript/fileName/ARCorePermissionManager.cs: 532f7d03090ae14ae9bbbd403c359df8 -> 
  custom:scripting/monoscript/fileName/ARCoreImageLibraryBuildProcessor.cs: 3f33f565654fcd80e4aa61a92c2169a1 -> 
  custom:scripting/monoscript/fileName/ARCoreCpuImageApi.cs: 7e0d7ea0378a04357bca45463bebfe57 -> 
========================================================================
Received Prepare
Refreshing native plugins compatible for Editor in 5.25 ms, found 4 plugins.
Preloading 0 native plugins for Editor in 0.00 ms.
Unloading 9 Unused Serialized files (Serialized files now loaded: 0)
Unloading 9 unused Assets / (1.1 MB). Loaded Objects now: 5027.
Memory consumption went from 82.0 MB to 80.9 MB.
Total: 4.879900 ms (FindLiveObjects: 0.290800 ms CreateObjectMapping: 0.235300 ms MarkObjects: 3.438300 ms  DeleteObjects: 0.914000 ms)

Prepare: number of updated asset objects reloaded= 0
AssetImportParameters requested are different than current active one (requested -> active):
  graphicsApiMask: 2048 -> 2099200
  custom:scripting/monoscript/fileName/ArRecordingConfig.cs: dfdb22d280f26bff6727fe6f9c34f9d1 -> 
  custom:scripting/monoscript/fileName/ArCoreImg.cs: 284f8bc57305622727946cdceadb2cef -> 
  custom:scripting/monoscript/fileName/Cli.cs: f278fa05dc0a28f05b8e56cf7a587c31 -> d287e08b50f2cb135aa4d7f8e01b7ef9
  custom:container-demuxer-ogg: 62fdf1f143b41e24485cea50d1cbac27 -> 
  custom:scripting/monoscript/fileName/ARCoreAnchorSubsystem.cs: 8fd89380878aa630c35614c13d4b70e4 -> 
  custom:scripting/monoscript/fileName/ARCoreSessionSubsystem.cs: 0499cfac149f3ba6a8678a379c5077a0 -> 
  custom:scripting/monoscript/fileName/ARCoreOcclusionSubsystem.cs: 2a111039ddadb09f587c28ae3f37fc2b -> 
  custom:scripting/monoscript/fileName/ARCoreXRPointCloudSubsystem.cs: a817e9a702204b3fa3e30b3243847693 -> 
  custom:scripting/monoscript/fileName/Gradle.cs: f2ad869b521aeebb9f3c8c6665622b87 -> 
  custom:video-codec-MediaFoundation-h265: 746d11721c4dcdbdad8f713fa42b33f4 -> 
  custom:scripting/monoscript/fileName/ImageConversionJobs.cs: 5daa4e6aadb43a7b9057d64b0ba5d568 -> 
  custom:video-decoder-ogg-theora: a1e56fd34408186e4bbccfd4996cb3dc -> 
  custom:scripting/monoscript/fileName/HashCodeUtil.cs: 3ac2012e517078f051611cc23e19a706 -> ee7a4f9a9650d3c7f74eced4bfed8831
  custom:framework-win-MediaFoundation: 216162199b28c13a410421893ffa2e32 -> 
  custom:scripting/monoscript/fileName/ArSession.cs: dc9c4d04514fe088f4acb3a600cfa61f -> 
  custom:scripting/monoscript/fileName/ArPlaybackStatus.cs: f77b11c84a00703de9d452d424518caa -> 
  custom:scripting/monoscript/fileName/ManagedReferenceImage.cs: 3f74dd150e48d66b5dd8288f3c3e1c34 -> 
  custom:scripting/monoscript/fileName/ARCoreImageTrackingSubsystem.cs: 39d814b8b12f50336c43db8ce6f8ee94 -> 
  custom:scripting/monoscript/fileName/ARCorePackageMetadata.cs: 1751e19b3bc5d304ce814e7f02fa6d47 -> 
  custom:scripting/monoscript/fileName/ARCorePromise.cs: 90647cc400823b41df847a6cbfc29026 -> 
  custom:scripting/monoscript/fileName/ArCameraConfigFilter.cs: b80d5ef788f451fa06963271e9d59efb -> 
  custom:scripting/monoscript/fileName/NativeView.cs: 4afb79670cf27530a179f070ba3fe9aa -> 
  custom:scripting/monoscript/fileName/ARCoreLoader.cs: 2c650baba67f1e04bc070894acda684f -> 
  custom:scripting/monoscript/fileName/ARCoreXRDepthSubsystem.deprecated.cs: 9f24fee25a0b08179d7d1cb09e2e51f5 -> 
  custom:scripting/monoscript/fileName/ARCoreEnvironmentProbeSubsystem.cs: 1b868584605b2895b3934baf5f9f6033 -> 
  custom:CustomObjectIndexerAttribute: 9a22284fe3817be447336de3de66b15e -> 
  custom:scripting/monoscript/fileName/ARCoreBuildProcessor.cs: d9eab941277ca6504aeebd69836dd8b0 -> 
  custom:scripting/monoscript/fileName/ARCoreBeforeGetCameraConfigurationEventArgs.cs: 8e2a6fe308d51ad1f6b16c500dc5dfb3 -> 
  custom:scripting/monoscript/fileName/ARCorePlaneSubsystem.cs: d2278eda10dae0fc36c44eee439649a4 -> 
  custom:container-demuxer-webm: 4f35f7cbe854078d1ac9338744f61a02 -> 
  custom:scripting/monoscript/fileName/ARCoreSettingsProvider.cs: 79c816e2cf7b68babc51565d8a334acf -> 
  custom:scripting/monoscript/fileName/ARCoreRaycastSubsystem.cs: 4746ee3ed0cece0abfde776c634af447 -> 
  custom:scripting/monoscript/fileName/ARCoreFaceSubsystem.cs: c496ea8c93654d4c22c4220a77e9a21d -> 
  custom:scripting/monoscript/fileName/ArCameraConfig.cs: 4a875ddea718888a33e0d31342770b8d -> 
  custom:scripting/monoscript/fileName/Java.cs: 23333680cb2e70ba8bbce74628d877c3 -> 
  custom:scripting/monoscript/fileName/ARCoreLoaderConstants.cs: 1ca2b374b9eebdabc880c6eec02abfbe -> 
  custom:scripting/monoscript/fileName/RcoApi.cs: 1b7d1343bf82f11ff12a2ad830cbbf88 -> 
  custom:scripting/monoscript/fileName/ARCoreLoaderSettings.cs: 98d75423d90e6a85b8a5d383cd4fad48 -> 
  custom:scripting/monoscript/fileName/ArPrestoApi.cs: 102320236e333507f3c23510cf5fedf0 -> 
  custom:container-muxer-webm: aa71ff27fc2769a1b78a27578f13a17b -> 
  custom:scripting/monoscript/fileName/ArString.cs: a85954ac20e0c75f9dbcbebac19f7fbf -> 
  custom:video-decoder-webm-vp8: 9c59270c3fd7afecdb556c50c9e8de78 -> 
  custom:scripting/monoscript/fileName/NativeObject.cs: 1c83a6ff9bdb6f537b0ca273504b9cb1 -> 
  custom:scripting/precompiled-assembly-types:Unity.XR.ARCore.Editor: 02c2db43342c23e4477f9d7b07b95cb5 -> 
  custom:scripting/monoscript/fileName/ARCoreBeforeSetConfigurationEventArgs.cs: 234cd91ed3cdf60645705e8837e7e78d -> 
  custom:scripting/monoscript/fileName/ARCoreCameraSubsystem.cs: 2cce9a0f290d5c7a0cb70e2a3b0af3ab -> 
  custom:SearchIndexIgnoredProperties: e643bd26f0fe6173181afceb89e7c659 -> 
  custom:AudioImporter_EditorPlatform: d09bf68614088b80899f8185d706f6e7 -> 
  custom:scripting/monoscript/fileName/InputLayoutLoader.cs: 2980c1660657b98176f57e2070c5cb69 -> a6fad719a67e63b0838341df7c073961
  custom:scripting/monoscript/fileName/ARCoreImageDatabase.cs: 7f7d7783973546d2000bf9aa32566b8f -> 
  custom:scripting/monoscript/fileName/StringExtensions.cs: 6f6c226b1c73c5132416ef95ad867308 -> 0a3ecf20ea398b07067a97ad700896f0
  custom:scripting/monoscript/fileName/ARCoreSettings.cs: 40690c9c4969c061c980f80d35c3e6fb -> 
  custom:scripting/monoscript/fileName/ArRecordingStatus.cs: 1e851bf64f38781ab761ff7585b2fc01 -> 
  custom:video-encoder-webm-vp8: eb34c28f22e8b96e1ab97ce403110664 -> 
  custom:scripting/monoscript/fileName/ARCoreProjectValidationRules.cs: eeb621f554a206cb3c7975cb72a27397 -> 
  custom:audio-decoder-ogg-vorbis: bf7c407c2cedff20999df2af8eb42d56 -> 
  custom:scripting/monoscript/fileName/ArConfig.cs: 3fcec3d7584809d01b43e09f93c614f3 -> 
  custom:scripting/precompiled-assembly-types:Unity.XR.ARCore: 905f88ea8a843a72f400d724a929b837 -> 
  custom:scripting/monoscript/fileName/ARCoreFaceRegionData.cs: c3e1f4c128987c270a2af588eecf348c -> 
  custom:audio-encoder-webm-vorbis: bf7c407c2cedff20999df2af8eb42d56 -> 
  custom:scripting/monoscript/fileName/ARCoreApi.cs: b7be0b56411f0cdcb6a1075249abb802 -> 
  custom:scripting/monoscript/fileName/ARCorePermissionManager.cs: 532f7d03090ae14ae9bbbd403c359df8 -> 
  custom:scripting/monoscript/fileName/ARCoreImageLibraryBuildProcessor.cs: 3f33f565654fcd80e4aa61a92c2169a1 -> 
  custom:scripting/monoscript/fileName/ARCoreCpuImageApi.cs: 7e0d7ea0378a04357bca45463bebfe57 -> 
========================================================================
Received Prepare
Caller must complete domain reload
Begin MonoManager ReloadAssembly
- Loaded All Assemblies, in  0.380 seconds
Native extension for WindowsStandalone target not found
Native extension for Android target not found
[Package Manager] Server::EnsureServerProcessIsRunning -- launch failed, reason: Unity was launched with the -noUpm command-line argument
[Package Manager] UpmClient::Send -- Unable to send message (not connected to UPM process).
[Package Manager] Cannot connect to Unity Package Manager local server
Mono: successfully reloaded assembly
[Package Manager] Server::EnsureServerProcessIsRunning -- launch failed, reason: Unity was launched with the -noUpm command-line argument
[Package Manager] UpmClient::Send -- Unable to send message (not connected to UPM process).
[Package Manager] Cannot connect to Unity Package Manager local server
- Finished resetting the current domain, in  0.835 seconds
Domain Reload Profiling: 1215ms
	BeginReloadAssembly (132ms)
		ExecutionOrderSort (0ms)
		DisableScriptedObjects (3ms)
		BackupInstance (0ms)
		ReleaseScriptingObjects (0ms)
		CreateAndSetChildDomain (27ms)
	RebuildCommonClasses (26ms)
	RebuildNativeTypeToScriptingClass (8ms)
	initialDomainReloadingComplete (20ms)
	LoadAllAssembliesAndSetupDomain (194ms)
		LoadAssemblies (253ms)
		RebuildTransferFunctionScriptingTraits (0ms)
		AnalyzeDomain (16ms)
			TypeCache.Refresh (6ms)
				TypeCache.ScanAssembly (0ms)
			ScanForSourceGeneratedMonoScriptInfo (0ms)
			ResolveRequiredComponents (9ms)
	FinalizeReload (835ms)
		ReleaseScriptCaches (0ms)
		RebuildScriptCaches (0ms)
		SetupLoadedEditorAssemblies (403ms)
			LogAssemblyErrors (0ms)
			InitializePlatformSupportModulesInManaged (11ms)
			SetLoadedEditorAssemblies (3ms)
			RefreshPlugins (0ms)
			BeforeProcessingInitializeOnLoad (55ms)
			ProcessInitializeOnLoadAttributes (292ms)
			ProcessInitializeOnLoadMethodAttributes (40ms)
			AfterProcessingInitializeOnLoad (2ms)
			EditorAssembliesLoaded (0ms)
		ExecutionOrderSort2 (0ms)
		AwakeInstancesAfterBackupRestoration (9ms)
Refreshing native plugins compatible for Editor in 6.12 ms, found 4 plugins.
Preloading 0 native plugins for Editor in 0.00 ms.
Unloading 4522 Unused Serialized files (Serialized files now loaded: 0)
Unloading 23 unused Assets / (1.2 MB). Loaded Objects now: 5031.
Memory consumption went from 152.4 MB to 151.3 MB.
Total: 3.629400 ms (FindLiveObjects: 0.275100 ms CreateObjectMapping: 0.294900 ms MarkObjects: 2.588500 ms  DeleteObjects: 0.469700 ms)

Prepare: number of updated asset objects reloaded= 5
AssetImportParameters requested are different than current active one (requested -> active):
  custom:scripting/monoscript/fileName/ArRecordingConfig.cs: dfdb22d280f26bff6727fe6f9c34f9d1 -> 
  custom:scripting/monoscript/fileName/ArCoreImg.cs: 284f8bc57305622727946cdceadb2cef -> 
  custom:scripting/monoscript/fileName/Cli.cs: f278fa05dc0a28f05b8e56cf7a587c31 -> d287e08b50f2cb135aa4d7f8e01b7ef9
  custom:container-demuxer-ogg: 62fdf1f143b41e24485cea50d1cbac27 -> 
  custom:scripting/monoscript/fileName/ARCoreAnchorSubsystem.cs: 8fd89380878aa630c35614c13d4b70e4 -> 
  custom:scripting/monoscript/fileName/ARCoreSessionSubsystem.cs: 0499cfac149f3ba6a8678a379c5077a0 -> 
  custom:scripting/monoscript/fileName/ARCoreOcclusionSubsystem.cs: 2a111039ddadb09f587c28ae3f37fc2b -> 
  custom:scripting/monoscript/fileName/ARCoreXRPointCloudSubsystem.cs: a817e9a702204b3fa3e30b3243847693 -> 
  custom:scripting/monoscript/fileName/Gradle.cs: f2ad869b521aeebb9f3c8c6665622b87 -> 
  custom:video-codec-MediaFoundation-h265: 746d11721c4dcdbdad8f713fa42b33f4 -> 
  custom:scripting/monoscript/fileName/ImageConversionJobs.cs: 5daa4e6aadb43a7b9057d64b0ba5d568 -> 
  custom:video-decoder-ogg-theora: a1e56fd34408186e4bbccfd4996cb3dc -> 
  custom:scripting/monoscript/fileName/HashCodeUtil.cs: 3ac2012e517078f051611cc23e19a706 -> ee7a4f9a9650d3c7f74eced4bfed8831
  custom:framework-win-MediaFoundation: 216162199b28c13a410421893ffa2e32 -> 
  custom:scripting/monoscript/fileName/ArSession.cs: dc9c4d04514fe088f4acb3a600cfa61f -> 
  custom:scripting/monoscript/fileName/ArPlaybackStatus.cs: f77b11c84a00703de9d452d424518caa -> 
  custom:scripting/monoscript/fileName/ManagedReferenceImage.cs: 3f74dd150e48d66b5dd8288f3c3e1c34 -> 
  custom:scripting/monoscript/fileName/ARCoreImageTrackingSubsystem.cs: 39d814b8b12f50336c43db8ce6f8ee94 -> 
  custom:scripting/monoscript/fileName/ARCorePackageMetadata.cs: 1751e19b3bc5d304ce814e7f02fa6d47 -> 
  custom:scripting/monoscript/fileName/ARCorePromise.cs: 90647cc400823b41df847a6cbfc29026 -> 
  custom:scripting/monoscript/fileName/ArCameraConfigFilter.cs: b80d5ef788f451fa06963271e9d59efb -> 
  custom:scripting/monoscript/fileName/NativeView.cs: 4afb79670cf27530a179f070ba3fe9aa -> 
  custom:scripting/monoscript/fileName/ARCoreLoader.cs: 2c650baba67f1e04bc070894acda684f -> 
  custom:scripting/monoscript/fileName/ARCoreXRDepthSubsystem.deprecated.cs: 9f24fee25a0b08179d7d1cb09e2e51f5 -> 
  custom:scripting/monoscript/fileName/ARCoreEnvironmentProbeSubsystem.cs: 1b868584605b2895b3934baf5f9f6033 -> 
  custom:CustomObjectIndexerAttribute: 9a22284fe3817be447336de3de66b15e -> 
  custom:scripting/monoscript/fileName/ARCoreBuildProcessor.cs: d9eab941277ca6504aeebd69836dd8b0 -> 
  custom:scripting/monoscript/fileName/ARCoreBeforeGetCameraConfigurationEventArgs.cs: 8e2a6fe308d51ad1f6b16c500dc5dfb3 -> 
  custom:scripting/monoscript/fileName/ARCorePlaneSubsystem.cs: d2278eda10dae0fc36c44eee439649a4 -> 
  custom:container-demuxer-webm: 4f35f7cbe854078d1ac9338744f61a02 -> 
  custom:scripting/monoscript/fileName/ARCoreSettingsProvider.cs: 79c816e2cf7b68babc51565d8a334acf -> 
  custom:scripting/monoscript/fileName/ARCoreRaycastSubsystem.cs: 4746ee3ed0cece0abfde776c634af447 -> 
  custom:scripting/monoscript/fileName/ARCoreFaceSubsystem.cs: c496ea8c93654d4c22c4220a77e9a21d -> 
  custom:scripting/monoscript/fileName/ArCameraConfig.cs: 4a875ddea718888a33e0d31342770b8d -> 
  custom:scripting/monoscript/fileName/Java.cs: 23333680cb2e70ba8bbce74628d877c3 -> 
  custom:scripting/monoscript/fileName/ARCoreLoaderConstants.cs: 1ca2b374b9eebdabc880c6eec02abfbe -> 
  custom:scripting/monoscript/fileName/RcoApi.cs: 1b7d1343bf82f11ff12a2ad830cbbf88 -> 
  custom:scripting/monoscript/fileName/ARCoreLoaderSettings.cs: 98d75423d90e6a85b8a5d383cd4fad48 -> 
  custom:scripting/monoscript/fileName/ArPrestoApi.cs: 102320236e333507f3c23510cf5fedf0 -> 
  custom:container-muxer-webm: aa71ff27fc2769a1b78a27578f13a17b -> 
  custom:scripting/monoscript/fileName/ArString.cs: a85954ac20e0c75f9dbcbebac19f7fbf -> 
  custom:video-decoder-webm-vp8: 9c59270c3fd7afecdb556c50c9e8de78 -> 
  custom:scripting/monoscript/fileName/NativeObject.cs: 1c83a6ff9bdb6f537b0ca273504b9cb1 -> 
  custom:scripting/precompiled-assembly-types:Unity.XR.ARCore.Editor: 02c2db43342c23e4477f9d7b07b95cb5 -> 
  custom:scripting/monoscript/fileName/ARCoreBeforeSetConfigurationEventArgs.cs: 234cd91ed3cdf60645705e8837e7e78d -> 
  custom:scripting/monoscript/fileName/ARCoreCameraSubsystem.cs: 2cce9a0f290d5c7a0cb70e2a3b0af3ab -> 
  custom:SearchIndexIgnoredProperties: e643bd26f0fe6173181afceb89e7c659 -> 
  custom:AudioImporter_EditorPlatform: d09bf68614088b80899f8185d706f6e7 -> 
  custom:scripting/monoscript/fileName/InputLayoutLoader.cs: 2980c1660657b98176f57e2070c5cb69 -> a6fad719a67e63b0838341df7c073961
  custom:scripting/monoscript/fileName/ARCoreImageDatabase.cs: 7f7d7783973546d2000bf9aa32566b8f -> 
  custom:scripting/monoscript/fileName/StringExtensions.cs: 6f6c226b1c73c5132416ef95ad867308 -> 0a3ecf20ea398b07067a97ad700896f0
  custom:scripting/monoscript/fileName/ARCoreSettings.cs: 40690c9c4969c061c980f80d35c3e6fb -> 
  custom:scripting/monoscript/fileName/ArRecordingStatus.cs: 1e851bf64f38781ab761ff7585b2fc01 -> 
  custom:video-encoder-webm-vp8: eb34c28f22e8b96e1ab97ce403110664 -> 
  custom:scripting/monoscript/fileName/ARCoreProjectValidationRules.cs: eeb621f554a206cb3c7975cb72a27397 -> 
  custom:audio-decoder-ogg-vorbis: bf7c407c2cedff20999df2af8eb42d56 -> 
  custom:scripting/monoscript/fileName/ArConfig.cs: 3fcec3d7584809d01b43e09f93c614f3 -> 
  custom:scripting/precompiled-assembly-types:Unity.XR.ARCore: 905f88ea8a843a72f400d724a929b837 -> 
  custom:scripting/monoscript/fileName/ARCoreFaceRegionData.cs: c3e1f4c128987c270a2af588eecf348c -> 
  custom:audio-encoder-webm-vorbis: bf7c407c2cedff20999df2af8eb42d56 -> 
  custom:scripting/monoscript/fileName/ARCoreApi.cs: b7be0b56411f0cdcb6a1075249abb802 -> 
  custom:scripting/monoscript/fileName/ARCorePermissionManager.cs: 532f7d03090ae14ae9bbbd403c359df8 -> 
  custom:scripting/monoscript/fileName/ARCoreImageLibraryBuildProcessor.cs: 3f33f565654fcd80e4aa61a92c2169a1 -> 
  custom:scripting/monoscript/fileName/ARCoreCpuImageApi.cs: 7e0d7ea0378a04357bca45463bebfe57 -> 
========================================================================
Received Prepare
Caller must complete domain reload
Begin MonoManager ReloadAssembly
- Loaded All Assemblies, in  0.363 seconds
Native extension for WindowsStandalone target not found
Native extension for Android target not found
[Package Manager] Server::EnsureServerProcessIsRunning -- launch failed, reason: Unity was launched with the -noUpm command-line argument
[Package Manager] UpmClient::Send -- Unable to send message (not connected to UPM process).
[Package Manager] Cannot connect to Unity Package Manager local server
Mono: successfully reloaded assembly
[Package Manager] Server::EnsureServerProcessIsRunning -- launch failed, reason: Unity was launched with the -noUpm command-line argument
[Package Manager] UpmClient::Send -- Unable to send message (not connected to UPM process).
[Package Manager] Cannot connect to Unity Package Manager local server
- Finished resetting the current domain, in  0.966 seconds
Domain Reload Profiling: 1329ms
	BeginReloadAssembly (130ms)
		ExecutionOrderSort (0ms)
		DisableScriptedObjects (4ms)
		BackupInstance (0ms)
		ReleaseScriptingObjects (0ms)
		CreateAndSetChildDomain (25ms)
	RebuildCommonClasses (25ms)
	RebuildNativeTypeToScriptingClass (8ms)
	initialDomainReloadingComplete (18ms)
	LoadAllAssembliesAndSetupDomain (182ms)
		LoadAssemblies (242ms)
		RebuildTransferFunctionScriptingTraits (0ms)
		AnalyzeDomain (14ms)
			TypeCache.Refresh (6ms)
				TypeCache.ScanAssembly (0ms)
			ScanForSourceGeneratedMonoScriptInfo (0ms)
			ResolveRequiredComponents (7ms)
	FinalizeReload (967ms)
		ReleaseScriptCaches (0ms)
		RebuildScriptCaches (0ms)
		SetupLoadedEditorAssemblies (544ms)
			LogAssemblyErrors (0ms)
			InitializePlatformSupportModulesInManaged (16ms)
			SetLoadedEditorAssemblies (3ms)
			RefreshPlugins (0ms)
			BeforeProcessingInitializeOnLoad (56ms)
			ProcessInitializeOnLoadAttributes (428ms)
			ProcessInitializeOnLoadMethodAttributes (39ms)
			AfterProcessingInitializeOnLoad (1ms)
			EditorAssembliesLoaded (0ms)
		ExecutionOrderSort2 (0ms)
		AwakeInstancesAfterBackupRestoration (9ms)
Refreshing native plugins compatible for Editor in 6.09 ms, found 4 plugins.
Preloading 0 native plugins for Editor in 0.00 ms.
Unloading 4522 Unused Serialized files (Serialized files now loaded: 0)
Unloading 23 unused Assets / (1.2 MB). Loaded Objects now: 5036.
Memory consumption went from 152.4 MB to 151.3 MB.
Total: 4.250700 ms (FindLiveObjects: 0.337400 ms CreateObjectMapping: 0.248600 ms MarkObjects: 3.085600 ms  DeleteObjects: 0.577800 ms)

Prepare: number of updated asset objects reloaded= 0
AssetImportParameters requested are different than current active one (requested -> active):
  custom:scripting/monoscript/fileName/ArRecordingConfig.cs: dfdb22d280f26bff6727fe6f9c34f9d1 -> 
  custom:scripting/monoscript/fileName/ArCoreImg.cs: 284f8bc57305622727946cdceadb2cef -> 
  custom:scripting/monoscript/fileName/Cli.cs: f278fa05dc0a28f05b8e56cf7a587c31 -> d287e08b50f2cb135aa4d7f8e01b7ef9
  custom:container-demuxer-ogg: 62fdf1f143b41e24485cea50d1cbac27 -> 
  custom:scripting/monoscript/fileName/ARCoreAnchorSubsystem.cs: 8fd89380878aa630c35614c13d4b70e4 -> 
  custom:scripting/monoscript/fileName/ARCoreSessionSubsystem.cs: 0499cfac149f3ba6a8678a379c5077a0 -> 
  custom:scripting/monoscript/fileName/ARCoreOcclusionSubsystem.cs: 2a111039ddadb09f587c28ae3f37fc2b -> 
  custom:scripting/monoscript/fileName/ARCoreXRPointCloudSubsystem.cs: a817e9a702204b3fa3e30b3243847693 -> 
  custom:scripting/monoscript/fileName/Gradle.cs: f2ad869b521aeebb9f3c8c6665622b87 -> 
  custom:video-codec-MediaFoundation-h265: 746d11721c4dcdbdad8f713fa42b33f4 -> 
  custom:scripting/monoscript/fileName/ImageConversionJobs.cs: 5daa4e6aadb43a7b9057d64b0ba5d568 -> 
  custom:video-decoder-ogg-theora: a1e56fd34408186e4bbccfd4996cb3dc -> 
  custom:scripting/monoscript/fileName/HashCodeUtil.cs: 3ac2012e517078f051611cc23e19a706 -> ee7a4f9a9650d3c7f74eced4bfed8831
  custom:framework-win-MediaFoundation: 216162199b28c13a410421893ffa2e32 -> 
  custom:scripting/monoscript/fileName/ArSession.cs: dc9c4d04514fe088f4acb3a600cfa61f -> 
  custom:scripting/monoscript/fileName/ArPlaybackStatus.cs: f77b11c84a00703de9d452d424518caa -> 
  custom:scripting/monoscript/fileName/ManagedReferenceImage.cs: 3f74dd150e48d66b5dd8288f3c3e1c34 -> 
  custom:scripting/monoscript/fileName/ARCoreImageTrackingSubsystem.cs: 39d814b8b12f50336c43db8ce6f8ee94 -> 
  custom:scripting/monoscript/fileName/ARCorePackageMetadata.cs: 1751e19b3bc5d304ce814e7f02fa6d47 -> 
  custom:scripting/monoscript/fileName/ARCorePromise.cs: 90647cc400823b41df847a6cbfc29026 -> 
  custom:scripting/monoscript/fileName/ArCameraConfigFilter.cs: b80d5ef788f451fa06963271e9d59efb -> 
  custom:scripting/monoscript/fileName/NativeView.cs: 4afb79670cf27530a179f070ba3fe9aa -> 
  custom:scripting/monoscript/fileName/ARCoreLoader.cs: 2c650baba67f1e04bc070894acda684f -> 
  custom:scripting/monoscript/fileName/ARCoreXRDepthSubsystem.deprecated.cs: 9f24fee25a0b08179d7d1cb09e2e51f5 -> 
  custom:scripting/monoscript/fileName/ARCoreEnvironmentProbeSubsystem.cs: 1b868584605b2895b3934baf5f9f6033 -> 
  custom:CustomObjectIndexerAttribute: 9a22284fe3817be447336de3de66b15e -> 
  custom:scripting/monoscript/fileName/ARCoreBuildProcessor.cs: d9eab941277ca6504aeebd69836dd8b0 -> 
  custom:scripting/monoscript/fileName/ARCoreBeforeGetCameraConfigurationEventArgs.cs: 8e2a6fe308d51ad1f6b16c500dc5dfb3 -> 
  custom:scripting/monoscript/fileName/ARCorePlaneSubsystem.cs: d2278eda10dae0fc36c44eee439649a4 -> 
  custom:container-demuxer-webm: 4f35f7cbe854078d1ac9338744f61a02 -> 
  custom:scripting/monoscript/fileName/ARCoreSettingsProvider.cs: 79c816e2cf7b68babc51565d8a334acf -> 
  custom:scripting/monoscript/fileName/ARCoreRaycastSubsystem.cs: 4746ee3ed0cece0abfde776c634af447 -> 
  custom:scripting/monoscript/fileName/ARCoreFaceSubsystem.cs: c496ea8c93654d4c22c4220a77e9a21d -> 
  custom:scripting/monoscript/fileName/ArCameraConfig.cs: 4a875ddea718888a33e0d31342770b8d -> 
  custom:scripting/monoscript/fileName/Java.cs: 23333680cb2e70ba8bbce74628d877c3 -> 
  custom:scripting/monoscript/fileName/ARCoreLoaderConstants.cs: 1ca2b374b9eebdabc880c6eec02abfbe -> 
  custom:scripting/monoscript/fileName/RcoApi.cs: 1b7d1343bf82f11ff12a2ad830cbbf88 -> 
  custom:scripting/monoscript/fileName/ARCoreLoaderSettings.cs: 98d75423d90e6a85b8a5d383cd4fad48 -> 
  custom:scripting/monoscript/fileName/ArPrestoApi.cs: 102320236e333507f3c23510cf5fedf0 -> 
  custom:container-muxer-webm: aa71ff27fc2769a1b78a27578f13a17b -> 
  custom:scripting/monoscript/fileName/ArString.cs: a85954ac20e0c75f9dbcbebac19f7fbf -> 
  custom:video-decoder-webm-vp8: 9c59270c3fd7afecdb556c50c9e8de78 -> 
  custom:scripting/monoscript/fileName/NativeObject.cs: 1c83a6ff9bdb6f537b0ca273504b9cb1 -> 
  custom:scripting/precompiled-assembly-types:Unity.XR.ARCore.Editor: 02c2db43342c23e4477f9d7b07b95cb5 -> 
  custom:scripting/monoscript/fileName/ARCoreBeforeSetConfigurationEventArgs.cs: 234cd91ed3cdf60645705e8837e7e78d -> 
  custom:scripting/monoscript/fileName/ARCoreCameraSubsystem.cs: 2cce9a0f290d5c7a0cb70e2a3b0af3ab -> 
  custom:SearchIndexIgnoredProperties: e643bd26f0fe6173181afceb89e7c659 -> 
  custom:AudioImporter_EditorPlatform: d09bf68614088b80899f8185d706f6e7 -> 
  custom:scripting/monoscript/fileName/InputLayoutLoader.cs: 2980c1660657b98176f57e2070c5cb69 -> a6fad719a67e63b0838341df7c073961
  custom:scripting/monoscript/fileName/ARCoreImageDatabase.cs: 7f7d7783973546d2000bf9aa32566b8f -> 
  custom:scripting/monoscript/fileName/StringExtensions.cs: 6f6c226b1c73c5132416ef95ad867308 -> 0a3ecf20ea398b07067a97ad700896f0
  custom:scripting/monoscript/fileName/ARCoreSettings.cs: 40690c9c4969c061c980f80d35c3e6fb -> 
  custom:scripting/monoscript/fileName/ArRecordingStatus.cs: 1e851bf64f38781ab761ff7585b2fc01 -> 
  custom:video-encoder-webm-vp8: eb34c28f22e8b96e1ab97ce403110664 -> 
  custom:scripting/monoscript/fileName/ARCoreProjectValidationRules.cs: eeb621f554a206cb3c7975cb72a27397 -> 
  custom:audio-decoder-ogg-vorbis: bf7c407c2cedff20999df2af8eb42d56 -> 
  custom:scripting/monoscript/fileName/ArConfig.cs: 3fcec3d7584809d01b43e09f93c614f3 -> 
  custom:scripting/precompiled-assembly-types:Unity.XR.ARCore: 905f88ea8a843a72f400d724a929b837 -> 
  custom:scripting/monoscript/fileName/ARCoreFaceRegionData.cs: c3e1f4c128987c270a2af588eecf348c -> 
  custom:audio-encoder-webm-vorbis: bf7c407c2cedff20999df2af8eb42d56 -> 
  custom:scripting/monoscript/fileName/ARCoreApi.cs: b7be0b56411f0cdcb6a1075249abb802 -> 
  custom:scripting/monoscript/fileName/ARCorePermissionManager.cs: 532f7d03090ae14ae9bbbd403c359df8 -> 
  custom:scripting/monoscript/fileName/ARCoreImageLibraryBuildProcessor.cs: 3f33f565654fcd80e4aa61a92c2169a1 -> 
  custom:scripting/monoscript/fileName/ARCoreCpuImageApi.cs: 7e0d7ea0378a04357bca45463bebfe57 -> 
========================================================================
Received Prepare
Refreshing native plugins compatible for Editor in 6.14 ms, found 4 plugins.
Preloading 0 native plugins for Editor in 0.00 ms.
Unloading 9 Unused Serialized files (Serialized files now loaded: 0)
Unloading 7 unused Assets / (1.1 MB). Loaded Objects now: 5038.
Memory consumption went from 82.4 MB to 81.3 MB.
Total: 6.429000 ms (FindLiveObjects: 0.381300 ms CreateObjectMapping: 0.606200 ms MarkObjects: 4.608200 ms  DeleteObjects: 0.831800 ms)

Prepare: number of updated asset objects reloaded= 0
AssetImportParameters requested are different than current active one (requested -> active):
  custom:scripting/monoscript/fileName/ArRecordingConfig.cs: dfdb22d280f26bff6727fe6f9c34f9d1 -> 
  custom:scripting/monoscript/fileName/ArCoreImg.cs: 284f8bc57305622727946cdceadb2cef -> 
  custom:scripting/monoscript/fileName/Cli.cs: f278fa05dc0a28f05b8e56cf7a587c31 -> d287e08b50f2cb135aa4d7f8e01b7ef9
  custom:container-demuxer-ogg: 62fdf1f143b41e24485cea50d1cbac27 -> 
  custom:scripting/monoscript/fileName/ARCoreAnchorSubsystem.cs: 8fd89380878aa630c35614c13d4b70e4 -> 
  custom:scripting/monoscript/fileName/ARCoreSessionSubsystem.cs: 0499cfac149f3ba6a8678a379c5077a0 -> 
  custom:scripting/monoscript/fileName/ARCoreOcclusionSubsystem.cs: 2a111039ddadb09f587c28ae3f37fc2b -> 
  custom:scripting/monoscript/fileName/ARCoreXRPointCloudSubsystem.cs: a817e9a702204b3fa3e30b3243847693 -> 
  custom:scripting/monoscript/fileName/Gradle.cs: f2ad869b521aeebb9f3c8c6665622b87 -> 
  custom:video-codec-MediaFoundation-h265: 746d11721c4dcdbdad8f713fa42b33f4 -> 
  custom:scripting/monoscript/fileName/ImageConversionJobs.cs: 5daa4e6aadb43a7b9057d64b0ba5d568 -> 
  custom:video-decoder-ogg-theora: a1e56fd34408186e4bbccfd4996cb3dc -> 
  custom:scripting/monoscript/fileName/HashCodeUtil.cs: 3ac2012e517078f051611cc23e19a706 -> ee7a4f9a9650d3c7f74eced4bfed8831
  custom:framework-win-MediaFoundation: 216162199b28c13a410421893ffa2e32 -> 
  custom:scripting/monoscript/fileName/ArSession.cs: dc9c4d04514fe088f4acb3a600cfa61f -> 
  custom:scripting/monoscript/fileName/ArPlaybackStatus.cs: f77b11c84a00703de9d452d424518caa -> 
  custom:scripting/monoscript/fileName/ManagedReferenceImage.cs: 3f74dd150e48d66b5dd8288f3c3e1c34 -> 
  custom:scripting/monoscript/fileName/ARCoreImageTrackingSubsystem.cs: 39d814b8b12f50336c43db8ce6f8ee94 -> 
  custom:scripting/monoscript/fileName/ARCorePackageMetadata.cs: 1751e19b3bc5d304ce814e7f02fa6d47 -> 
  custom:scripting/monoscript/fileName/ARCorePromise.cs: 90647cc400823b41df847a6cbfc29026 -> 
  custom:scripting/monoscript/fileName/ArCameraConfigFilter.cs: b80d5ef788f451fa06963271e9d59efb -> 
  custom:scripting/monoscript/fileName/NativeView.cs: 4afb79670cf27530a179f070ba3fe9aa -> 
  custom:scripting/monoscript/fileName/ARCoreLoader.cs: 2c650baba67f1e04bc070894acda684f -> 
  custom:scripting/monoscript/fileName/ARCoreXRDepthSubsystem.deprecated.cs: 9f24fee25a0b08179d7d1cb09e2e51f5 -> 
  custom:scripting/monoscript/fileName/ARCoreEnvironmentProbeSubsystem.cs: 1b868584605b2895b3934baf5f9f6033 -> 
  custom:CustomObjectIndexerAttribute: 9a22284fe3817be447336de3de66b15e -> 
  custom:scripting/monoscript/fileName/ARCoreBuildProcessor.cs: d9eab941277ca6504aeebd69836dd8b0 -> 
  custom:scripting/monoscript/fileName/ARCoreBeforeGetCameraConfigurationEventArgs.cs: 8e2a6fe308d51ad1f6b16c500dc5dfb3 -> 
  custom:scripting/monoscript/fileName/ARCorePlaneSubsystem.cs: d2278eda10dae0fc36c44eee439649a4 -> 
  custom:container-demuxer-webm: 4f35f7cbe854078d1ac9338744f61a02 -> 
  custom:scripting/monoscript/fileName/ARCoreSettingsProvider.cs: 79c816e2cf7b68babc51565d8a334acf -> 
  custom:scripting/monoscript/fileName/ARCoreRaycastSubsystem.cs: 4746ee3ed0cece0abfde776c634af447 -> 
  custom:scripting/monoscript/fileName/ARCoreFaceSubsystem.cs: c496ea8c93654d4c22c4220a77e9a21d -> 
  custom:scripting/monoscript/fileName/ArCameraConfig.cs: 4a875ddea718888a33e0d31342770b8d -> 
  custom:scripting/monoscript/fileName/Java.cs: 23333680cb2e70ba8bbce74628d877c3 -> 
  custom:scripting/monoscript/fileName/ARCoreLoaderConstants.cs: 1ca2b374b9eebdabc880c6eec02abfbe -> 
  custom:scripting/monoscript/fileName/RcoApi.cs: 1b7d1343bf82f11ff12a2ad830cbbf88 -> 
  custom:scripting/monoscript/fileName/ARCoreLoaderSettings.cs: 98d75423d90e6a85b8a5d383cd4fad48 -> 
  custom:scripting/monoscript/fileName/ArPrestoApi.cs: 102320236e333507f3c23510cf5fedf0 -> 
  custom:container-muxer-webm: aa71ff27fc2769a1b78a27578f13a17b -> 
  custom:scripting/monoscript/fileName/ArString.cs: a85954ac20e0c75f9dbcbebac19f7fbf -> 
  custom:video-decoder-webm-vp8: 9c59270c3fd7afecdb556c50c9e8de78 -> 
  custom:scripting/monoscript/fileName/NativeObject.cs: 1c83a6ff9bdb6f537b0ca273504b9cb1 -> 
  custom:scripting/precompiled-assembly-types:Unity.XR.ARCore.Editor: 02c2db43342c23e4477f9d7b07b95cb5 -> 
  custom:scripting/monoscript/fileName/ARCoreBeforeSetConfigurationEventArgs.cs: 234cd91ed3cdf60645705e8837e7e78d -> 
  custom:scripting/monoscript/fileName/ARCoreCameraSubsystem.cs: 2cce9a0f290d5c7a0cb70e2a3b0af3ab -> 
  custom:SearchIndexIgnoredProperties: e643bd26f0fe6173181afceb89e7c659 -> 
  custom:AudioImporter_EditorPlatform: d09bf68614088b80899f8185d706f6e7 -> 
  custom:scripting/monoscript/fileName/InputLayoutLoader.cs: 2980c1660657b98176f57e2070c5cb69 -> a6fad719a67e63b0838341df7c073961
  custom:scripting/monoscript/fileName/ARCoreImageDatabase.cs: 7f7d7783973546d2000bf9aa32566b8f -> 
  custom:scripting/monoscript/fileName/StringExtensions.cs: 6f6c226b1c73c5132416ef95ad867308 -> 0a3ecf20ea398b07067a97ad700896f0
  custom:scripting/monoscript/fileName/ARCoreSettings.cs: 40690c9c4969c061c980f80d35c3e6fb -> 
  custom:scripting/monoscript/fileName/ArRecordingStatus.cs: 1e851bf64f38781ab761ff7585b2fc01 -> 
  custom:video-encoder-webm-vp8: eb34c28f22e8b96e1ab97ce403110664 -> 
  custom:scripting/monoscript/fileName/ARCoreProjectValidationRules.cs: eeb621f554a206cb3c7975cb72a27397 -> 
  custom:audio-decoder-ogg-vorbis: bf7c407c2cedff20999df2af8eb42d56 -> 
  custom:scripting/monoscript/fileName/ArConfig.cs: 3fcec3d7584809d01b43e09f93c614f3 -> 
  custom:scripting/precompiled-assembly-types:Unity.XR.ARCore: 905f88ea8a843a72f400d724a929b837 -> 
  custom:scripting/monoscript/fileName/ARCoreFaceRegionData.cs: c3e1f4c128987c270a2af588eecf348c -> 
  custom:audio-encoder-webm-vorbis: bf7c407c2cedff20999df2af8eb42d56 -> 
  custom:scripting/monoscript/fileName/ARCoreApi.cs: b7be0b56411f0cdcb6a1075249abb802 -> 
  custom:scripting/monoscript/fileName/ARCorePermissionManager.cs: 532f7d03090ae14ae9bbbd403c359df8 -> 
  custom:scripting/monoscript/fileName/ARCoreImageLibraryBuildProcessor.cs: 3f33f565654fcd80e4aa61a92c2169a1 -> 
  custom:scripting/monoscript/fileName/ARCoreCpuImageApi.cs: 7e0d7ea0378a04357bca45463bebfe57 -> 
========================================================================
Received Prepare
Refreshing native plugins compatible for Editor in 5.49 ms, found 4 plugins.
Preloading 0 native plugins for Editor in 0.00 ms.
Unloading 7 Unused Serialized files (Serialized files now loaded: 0)
Unloading 7 unused Assets / (1.2 MB). Loaded Objects now: 5038.
Memory consumption went from 81.6 MB to 80.4 MB.
Total: 5.139300 ms (FindLiveObjects: 0.290700 ms CreateObjectMapping: 0.139300 ms MarkObjects: 4.155800 ms  DeleteObjects: 0.551800 ms)

Prepare: number of updated asset objects reloaded= 0
AssetImportParameters requested are different than current active one (requested -> active):
  custom:scripting/monoscript/fileName/ArRecordingConfig.cs: dfdb22d280f26bff6727fe6f9c34f9d1 -> 
  custom:scripting/monoscript/fileName/ArCoreImg.cs: 284f8bc57305622727946cdceadb2cef -> 
  custom:scripting/monoscript/fileName/Cli.cs: f278fa05dc0a28f05b8e56cf7a587c31 -> d287e08b50f2cb135aa4d7f8e01b7ef9
  custom:container-demuxer-ogg: 62fdf1f143b41e24485cea50d1cbac27 -> 
  custom:scripting/monoscript/fileName/ARCoreAnchorSubsystem.cs: 8fd89380878aa630c35614c13d4b70e4 -> 
  custom:scripting/monoscript/fileName/ARCoreSessionSubsystem.cs: 0499cfac149f3ba6a8678a379c5077a0 -> 
  custom:scripting/monoscript/fileName/ARCoreOcclusionSubsystem.cs: 2a111039ddadb09f587c28ae3f37fc2b -> 
  custom:scripting/monoscript/fileName/ARCoreXRPointCloudSubsystem.cs: a817e9a702204b3fa3e30b3243847693 -> 
  custom:scripting/monoscript/fileName/Gradle.cs: f2ad869b521aeebb9f3c8c6665622b87 -> 
  custom:video-codec-MediaFoundation-h265: 746d11721c4dcdbdad8f713fa42b33f4 -> 
  custom:scripting/monoscript/fileName/ImageConversionJobs.cs: 5daa4e6aadb43a7b9057d64b0ba5d568 -> 
  custom:video-decoder-ogg-theora: a1e56fd34408186e4bbccfd4996cb3dc -> 
  custom:scripting/monoscript/fileName/HashCodeUtil.cs: 3ac2012e517078f051611cc23e19a706 -> ee7a4f9a9650d3c7f74eced4bfed8831
  custom:framework-win-MediaFoundation: 216162199b28c13a410421893ffa2e32 -> 
  custom:scripting/monoscript/fileName/ArSession.cs: dc9c4d04514fe088f4acb3a600cfa61f -> 
  custom:scripting/monoscript/fileName/ArPlaybackStatus.cs: f77b11c84a00703de9d452d424518caa -> 
  custom:scripting/monoscript/fileName/ManagedReferenceImage.cs: 3f74dd150e48d66b5dd8288f3c3e1c34 -> 
  custom:scripting/monoscript/fileName/ARCoreImageTrackingSubsystem.cs: 39d814b8b12f50336c43db8ce6f8ee94 -> 
  custom:scripting/monoscript/fileName/ARCorePackageMetadata.cs: 1751e19b3bc5d304ce814e7f02fa6d47 -> 
  custom:scripting/monoscript/fileName/ARCorePromise.cs: 90647cc400823b41df847a6cbfc29026 -> 
  custom:scripting/monoscript/fileName/ArCameraConfigFilter.cs: b80d5ef788f451fa06963271e9d59efb -> 
  custom:scripting/monoscript/fileName/NativeView.cs: 4afb79670cf27530a179f070ba3fe9aa -> 
  custom:scripting/monoscript/fileName/ARCoreLoader.cs: 2c650baba67f1e04bc070894acda684f -> 
  custom:scripting/monoscript/fileName/ARCoreXRDepthSubsystem.deprecated.cs: 9f24fee25a0b08179d7d1cb09e2e51f5 -> 
  custom:scripting/monoscript/fileName/ARCoreEnvironmentProbeSubsystem.cs: 1b868584605b2895b3934baf5f9f6033 -> 
  custom:CustomObjectIndexerAttribute: 9a22284fe3817be447336de3de66b15e -> 
  custom:scripting/monoscript/fileName/ARCoreBuildProcessor.cs: d9eab941277ca6504aeebd69836dd8b0 -> 
  custom:scripting/monoscript/fileName/ARCoreBeforeGetCameraConfigurationEventArgs.cs: 8e2a6fe308d51ad1f6b16c500dc5dfb3 -> 
  custom:scripting/monoscript/fileName/ARCorePlaneSubsystem.cs: d2278eda10dae0fc36c44eee439649a4 -> 
  custom:container-demuxer-webm: 4f35f7cbe854078d1ac9338744f61a02 -> 
  custom:scripting/monoscript/fileName/ARCoreSettingsProvider.cs: 79c816e2cf7b68babc51565d8a334acf -> 
  custom:scripting/monoscript/fileName/ARCoreRaycastSubsystem.cs: 4746ee3ed0cece0abfde776c634af447 -> 
  custom:scripting/monoscript/fileName/ARCoreFaceSubsystem.cs: c496ea8c93654d4c22c4220a77e9a21d -> 
  custom:scripting/monoscript/fileName/ArCameraConfig.cs: 4a875ddea718888a33e0d31342770b8d -> 
  custom:scripting/monoscript/fileName/Java.cs: 23333680cb2e70ba8bbce74628d877c3 -> 
  custom:scripting/monoscript/fileName/ARCoreLoaderConstants.cs: 1ca2b374b9eebdabc880c6eec02abfbe -> 
  custom:scripting/monoscript/fileName/RcoApi.cs: 1b7d1343bf82f11ff12a2ad830cbbf88 -> 
  custom:scripting/monoscript/fileName/ARCoreLoaderSettings.cs: 98d75423d90e6a85b8a5d383cd4fad48 -> 
  custom:scripting/monoscript/fileName/ArPrestoApi.cs: 102320236e333507f3c23510cf5fedf0 -> 
  custom:container-muxer-webm: aa71ff27fc2769a1b78a27578f13a17b -> 
  custom:scripting/monoscript/fileName/ArString.cs: a85954ac20e0c75f9dbcbebac19f7fbf -> 
  custom:video-decoder-webm-vp8: 9c59270c3fd7afecdb556c50c9e8de78 -> 
  custom:scripting/monoscript/fileName/NativeObject.cs: 1c83a6ff9bdb6f537b0ca273504b9cb1 -> 
  custom:scripting/precompiled-assembly-types:Unity.XR.ARCore.Editor: 02c2db43342c23e4477f9d7b07b95cb5 -> 
  custom:scripting/monoscript/fileName/ARCoreBeforeSetConfigurationEventArgs.cs: 234cd91ed3cdf60645705e8837e7e78d -> 
  custom:scripting/monoscript/fileName/ARCoreCameraSubsystem.cs: 2cce9a0f290d5c7a0cb70e2a3b0af3ab -> 
  custom:SearchIndexIgnoredProperties: e643bd26f0fe6173181afceb89e7c659 -> 
  custom:AudioImporter_EditorPlatform: d09bf68614088b80899f8185d706f6e7 -> 
  custom:scripting/monoscript/fileName/InputLayoutLoader.cs: 2980c1660657b98176f57e2070c5cb69 -> a6fad719a67e63b0838341df7c073961
  custom:scripting/monoscript/fileName/ARCoreImageDatabase.cs: 7f7d7783973546d2000bf9aa32566b8f -> 
  custom:scripting/monoscript/fileName/StringExtensions.cs: 6f6c226b1c73c5132416ef95ad867308 -> 0a3ecf20ea398b07067a97ad700896f0
  custom:scripting/monoscript/fileName/ARCoreSettings.cs: 40690c9c4969c061c980f80d35c3e6fb -> 
  custom:scripting/monoscript/fileName/ArRecordingStatus.cs: 1e851bf64f38781ab761ff7585b2fc01 -> 
  custom:video-encoder-webm-vp8: eb34c28f22e8b96e1ab97ce403110664 -> 
  custom:scripting/monoscript/fileName/ARCoreProjectValidationRules.cs: eeb621f554a206cb3c7975cb72a27397 -> 
  custom:audio-decoder-ogg-vorbis: bf7c407c2cedff20999df2af8eb42d56 -> 
  custom:scripting/monoscript/fileName/ArConfig.cs: 3fcec3d7584809d01b43e09f93c614f3 -> 
  custom:scripting/precompiled-assembly-types:Unity.XR.ARCore: 905f88ea8a843a72f400d724a929b837 -> 
  custom:scripting/monoscript/fileName/ARCoreFaceRegionData.cs: c3e1f4c128987c270a2af588eecf348c -> 
  custom:audio-encoder-webm-vorbis: bf7c407c2cedff20999df2af8eb42d56 -> 
  custom:scripting/monoscript/fileName/ARCoreApi.cs: b7be0b56411f0cdcb6a1075249abb802 -> 
  custom:scripting/monoscript/fileName/ARCorePermissionManager.cs: 532f7d03090ae14ae9bbbd403c359df8 -> 
  custom:scripting/monoscript/fileName/ARCoreImageLibraryBuildProcessor.cs: 3f33f565654fcd80e4aa61a92c2169a1 -> 
  custom:scripting/monoscript/fileName/ARCoreCpuImageApi.cs: 7e0d7ea0378a04357bca45463bebfe57 -> 
========================================================================
Received Prepare
Refreshing native plugins compatible for Editor in 4.73 ms, found 4 plugins.
Preloading 0 native plugins for Editor in 0.00 ms.
Unloading 7 Unused Serialized files (Serialized files now loaded: 0)
Unloading 7 unused Assets / (1.1 MB). Loaded Objects now: 5038.
Memory consumption went from 81.6 MB to 80.4 MB.
Total: 5.605700 ms (FindLiveObjects: 0.299500 ms CreateObjectMapping: 0.170700 ms MarkObjects: 4.603100 ms  DeleteObjects: 0.531100 ms)

Prepare: number of updated asset objects reloaded= 0
AssetImportParameters requested are different than current active one (requested -> active):
  custom:scripting/monoscript/fileName/ArRecordingConfig.cs: dfdb22d280f26bff6727fe6f9c34f9d1 -> 
  custom:scripting/monoscript/fileName/ArCoreImg.cs: 284f8bc57305622727946cdceadb2cef -> 
  custom:scripting/monoscript/fileName/Cli.cs: f278fa05dc0a28f05b8e56cf7a587c31 -> d287e08b50f2cb135aa4d7f8e01b7ef9
  custom:container-demuxer-ogg: 62fdf1f143b41e24485cea50d1cbac27 -> 
  custom:scripting/monoscript/fileName/ARCoreAnchorSubsystem.cs: 8fd89380878aa630c35614c13d4b70e4 -> 
  custom:scripting/monoscript/fileName/ARCoreSessionSubsystem.cs: 0499cfac149f3ba6a8678a379c5077a0 -> 
  custom:scripting/monoscript/fileName/ARCoreOcclusionSubsystem.cs: 2a111039ddadb09f587c28ae3f37fc2b -> 
  custom:scripting/monoscript/fileName/ARCoreXRPointCloudSubsystem.cs: a817e9a702204b3fa3e30b3243847693 -> 
  custom:scripting/monoscript/fileName/Gradle.cs: f2ad869b521aeebb9f3c8c6665622b87 -> 
  custom:video-codec-MediaFoundation-h265: 746d11721c4dcdbdad8f713fa42b33f4 -> 
  custom:scripting/monoscript/fileName/ImageConversionJobs.cs: 5daa4e6aadb43a7b9057d64b0ba5d568 -> 
  custom:video-decoder-ogg-theora: a1e56fd34408186e4bbccfd4996cb3dc -> 
  custom:scripting/monoscript/fileName/HashCodeUtil.cs: 3ac2012e517078f051611cc23e19a706 -> ee7a4f9a9650d3c7f74eced4bfed8831
  custom:framework-win-MediaFoundation: 216162199b28c13a410421893ffa2e32 -> 
  custom:scripting/monoscript/fileName/ArSession.cs: dc9c4d04514fe088f4acb3a600cfa61f -> 
  custom:scripting/monoscript/fileName/ArPlaybackStatus.cs: f77b11c84a00703de9d452d424518caa -> 
  custom:scripting/monoscript/fileName/ManagedReferenceImage.cs: 3f74dd150e48d66b5dd8288f3c3e1c34 -> 
  custom:scripting/monoscript/fileName/ARCoreImageTrackingSubsystem.cs: 39d814b8b12f50336c43db8ce6f8ee94 -> 
  custom:scripting/monoscript/fileName/ARCorePackageMetadata.cs: 1751e19b3bc5d304ce814e7f02fa6d47 -> 
  custom:scripting/monoscript/fileName/ARCorePromise.cs: 90647cc400823b41df847a6cbfc29026 -> 
  custom:scripting/monoscript/fileName/ArCameraConfigFilter.cs: b80d5ef788f451fa06963271e9d59efb -> 
  custom:scripting/monoscript/fileName/NativeView.cs: 4afb79670cf27530a179f070ba3fe9aa -> 
  custom:scripting/monoscript/fileName/ARCoreLoader.cs: 2c650baba67f1e04bc070894acda684f -> 
  custom:scripting/monoscript/fileName/ARCoreXRDepthSubsystem.deprecated.cs: 9f24fee25a0b08179d7d1cb09e2e51f5 -> 
  custom:scripting/monoscript/fileName/ARCoreEnvironmentProbeSubsystem.cs: 1b868584605b2895b3934baf5f9f6033 -> 
  custom:CustomObjectIndexerAttribute: 9a22284fe3817be447336de3de66b15e -> 
  custom:scripting/monoscript/fileName/ARCoreBuildProcessor.cs: d9eab941277ca6504aeebd69836dd8b0 -> 
  custom:scripting/monoscript/fileName/ARCoreBeforeGetCameraConfigurationEventArgs.cs: 8e2a6fe308d51ad1f6b16c500dc5dfb3 -> 
  custom:scripting/monoscript/fileName/ARCorePlaneSubsystem.cs: d2278eda10dae0fc36c44eee439649a4 -> 
  custom:container-demuxer-webm: 4f35f7cbe854078d1ac9338744f61a02 -> 
  custom:scripting/monoscript/fileName/ARCoreSettingsProvider.cs: 79c816e2cf7b68babc51565d8a334acf -> 
  custom:scripting/monoscript/fileName/ARCoreRaycastSubsystem.cs: 4746ee3ed0cece0abfde776c634af447 -> 
  custom:scripting/monoscript/fileName/ARCoreFaceSubsystem.cs: c496ea8c93654d4c22c4220a77e9a21d -> 
  custom:scripting/monoscript/fileName/ArCameraConfig.cs: 4a875ddea718888a33e0d31342770b8d -> 
  custom:scripting/monoscript/fileName/Java.cs: 23333680cb2e70ba8bbce74628d877c3 -> 
  custom:scripting/monoscript/fileName/ARCoreLoaderConstants.cs: 1ca2b374b9eebdabc880c6eec02abfbe -> 
  custom:scripting/monoscript/fileName/RcoApi.cs: 1b7d1343bf82f11ff12a2ad830cbbf88 -> 
  custom:scripting/monoscript/fileName/ARCoreLoaderSettings.cs: 98d75423d90e6a85b8a5d383cd4fad48 -> 
  custom:scripting/monoscript/fileName/ArPrestoApi.cs: 102320236e333507f3c23510cf5fedf0 -> 
  custom:container-muxer-webm: aa71ff27fc2769a1b78a27578f13a17b -> 
  custom:scripting/monoscript/fileName/ArString.cs: a85954ac20e0c75f9dbcbebac19f7fbf -> 
  custom:video-decoder-webm-vp8: 9c59270c3fd7afecdb556c50c9e8de78 -> 
  custom:scripting/monoscript/fileName/NativeObject.cs: 1c83a6ff9bdb6f537b0ca273504b9cb1 -> 
  custom:scripting/precompiled-assembly-types:Unity.XR.ARCore.Editor: 02c2db43342c23e4477f9d7b07b95cb5 -> 
  custom:scripting/monoscript/fileName/ARCoreBeforeSetConfigurationEventArgs.cs: 234cd91ed3cdf60645705e8837e7e78d -> 
  custom:scripting/monoscript/fileName/ARCoreCameraSubsystem.cs: 2cce9a0f290d5c7a0cb70e2a3b0af3ab -> 
  custom:SearchIndexIgnoredProperties: e643bd26f0fe6173181afceb89e7c659 -> 
  custom:AudioImporter_EditorPlatform: d09bf68614088b80899f8185d706f6e7 -> 
  custom:scripting/monoscript/fileName/InputLayoutLoader.cs: 2980c1660657b98176f57e2070c5cb69 -> a6fad719a67e63b0838341df7c073961
  custom:scripting/monoscript/fileName/ARCoreImageDatabase.cs: 7f7d7783973546d2000bf9aa32566b8f -> 
  custom:scripting/monoscript/fileName/StringExtensions.cs: 6f6c226b1c73c5132416ef95ad867308 -> 0a3ecf20ea398b07067a97ad700896f0
  custom:scripting/monoscript/fileName/ARCoreSettings.cs: 40690c9c4969c061c980f80d35c3e6fb -> 
  custom:scripting/monoscript/fileName/ArRecordingStatus.cs: 1e851bf64f38781ab761ff7585b2fc01 -> 
  custom:video-encoder-webm-vp8: eb34c28f22e8b96e1ab97ce403110664 -> 
  custom:scripting/monoscript/fileName/ARCoreProjectValidationRules.cs: eeb621f554a206cb3c7975cb72a27397 -> 
  custom:audio-decoder-ogg-vorbis: bf7c407c2cedff20999df2af8eb42d56 -> 
  custom:scripting/monoscript/fileName/ArConfig.cs: 3fcec3d7584809d01b43e09f93c614f3 -> 
  custom:scripting/precompiled-assembly-types:Unity.XR.ARCore: 905f88ea8a843a72f400d724a929b837 -> 
  custom:scripting/monoscript/fileName/ARCoreFaceRegionData.cs: c3e1f4c128987c270a2af588eecf348c -> 
  custom:audio-encoder-webm-vorbis: bf7c407c2cedff20999df2af8eb42d56 -> 
  custom:scripting/monoscript/fileName/ARCoreApi.cs: b7be0b56411f0cdcb6a1075249abb802 -> 
  custom:scripting/monoscript/fileName/ARCorePermissionManager.cs: 532f7d03090ae14ae9bbbd403c359df8 -> 
  custom:scripting/monoscript/fileName/ARCoreImageLibraryBuildProcessor.cs: 3f33f565654fcd80e4aa61a92c2169a1 -> 
  custom:scripting/monoscript/fileName/ARCoreCpuImageApi.cs: 7e0d7ea0378a04357bca45463bebfe57 -> 
========================================================================
Received Prepare
Caller must complete domain reload
Begin MonoManager ReloadAssembly
- Loaded All Assemblies, in  0.481 seconds
Native extension for WindowsStandalone target not found
Native extension for Android target not found
[Package Manager] Server::EnsureServerProcessIsRunning -- launch failed, reason: Unity was launched with the -noUpm command-line argument
[Package Manager] UpmClient::Send -- Unable to send message (not connected to UPM process).
[Package Manager] Cannot connect to Unity Package Manager local server
Mono: successfully reloaded assembly
[Package Manager] Server::EnsureServerProcessIsRunning -- launch failed, reason: Unity was launched with the -noUpm command-line argument
[Package Manager] UpmClient::Send -- Unable to send message (not connected to UPM process).
[Package Manager] Cannot connect to Unity Package Manager local server
- Finished resetting the current domain, in  1.487 seconds
Domain Reload Profiling: 1967ms
	BeginReloadAssembly (171ms)
		ExecutionOrderSort (0ms)
		DisableScriptedObjects (5ms)
		BackupInstance (0ms)
		ReleaseScriptingObjects (0ms)
		CreateAndSetChildDomain (47ms)
	RebuildCommonClasses (24ms)
	RebuildNativeTypeToScriptingClass (8ms)
	initialDomainReloadingComplete (23ms)
	LoadAllAssembliesAndSetupDomain (255ms)
		LoadAssemblies (304ms)
		RebuildTransferFunctionScriptingTraits (0ms)
		AnalyzeDomain (35ms)
			TypeCache.Refresh (12ms)
				TypeCache.ScanAssembly (1ms)
			ScanForSourceGeneratedMonoScriptInfo (15ms)
			ResolveRequiredComponents (7ms)
	FinalizeReload (1487ms)
		ReleaseScriptCaches (0ms)
		RebuildScriptCaches (0ms)
		SetupLoadedEditorAssemblies (345ms)
			LogAssemblyErrors (0ms)
			InitializePlatformSupportModulesInManaged (11ms)
			SetLoadedEditorAssemblies (3ms)
			RefreshPlugins (0ms)
			BeforeProcessingInitializeOnLoad (45ms)
			ProcessInitializeOnLoadAttributes (254ms)
			ProcessInitializeOnLoadMethodAttributes (32ms)
			AfterProcessingInitializeOnLoad (1ms)
			EditorAssembliesLoaded (0ms)
		ExecutionOrderSort2 (0ms)
		AwakeInstancesAfterBackupRestoration (8ms)
Refreshing native plugins compatible for Editor in 4.99 ms, found 4 plugins.
Preloading 0 native plugins for Editor in 0.00 ms.
Unloading 4567 Unused Serialized files (Serialized files now loaded: 0)
Unloading 36 unused Assets / (1.9 MB). Loaded Objects now: 5074.
Memory consumption went from 156.5 MB to 154.6 MB.
Total: 3.977900 ms (FindLiveObjects: 0.265100 ms CreateObjectMapping: 0.144200 ms MarkObjects: 2.950800 ms  DeleteObjects: 0.616900 ms)

Prepare: number of updated asset objects reloaded= 0
AssetImportParameters requested are different than current active one (requested -> active):
  custom:scripting/monoscript/fileName/ArRecordingConfig.cs: dfdb22d280f26bff6727fe6f9c34f9d1 -> 
  custom:scripting/monoscript/fileName/ArCoreImg.cs: 284f8bc57305622727946cdceadb2cef -> 
  custom:scripting/monoscript/fileName/Cli.cs: f278fa05dc0a28f05b8e56cf7a587c31 -> d287e08b50f2cb135aa4d7f8e01b7ef9
  custom:scripting/monoscript/fileName/SkewTextExample.cs: c142d02d70a129e0533975f7c2f96956 -> 
  custom:container-demuxer-ogg: 62fdf1f143b41e24485cea50d1cbac27 -> 
  custom:scripting/monoscript/fileName/ARCoreAnchorSubsystem.cs: 8fd89380878aa630c35614c13d4b70e4 -> 
  custom:scripting/monoscript/fileName/TMP_TextEventHandler.cs: f5cd9d5a43bfefc8f4fec80e6de896a4 -> 
  custom:scripting/monoscript/fileName/ARCoreSessionSubsystem.cs: 0499cfac149f3ba6a8678a379c5077a0 -> 
  custom:scripting/monoscript/fileName/TextMeshProFloatingText.cs: 92608fa4a6315cd0786d82205e77b697 -> 
  custom:scripting/monoscript/fileName/ARCoreOcclusionSubsystem.cs: 2a111039ddadb09f587c28ae3f37fc2b -> 
  custom:scripting/monoscript/fileName/VertexZoom.cs: 650ab1e81d40126e3edcf737cce646e4 -> 
  custom:scripting/monoscript/fileName/ARCoreXRPointCloudSubsystem.cs: a817e9a702204b3fa3e30b3243847693 -> 
  custom:scripting/monoscript/fileName/Gradle.cs: f2ad869b521aeebb9f3c8c6665622b87 -> 
  custom:video-codec-MediaFoundation-h265: 746d11721c4dcdbdad8f713fa42b33f4 -> 
  custom:scripting/monoscript/fileName/ImageConversionJobs.cs: 5daa4e6aadb43a7b9057d64b0ba5d568 -> 
  custom:scripting/monoscript/fileName/VertexShakeA.cs: 63ec564c588058369499638dd899e05b -> 
  custom:scripting/monoscript/fileName/TMP_ExampleScript_01.cs: a9d4be556104ff54e7d240529b3e01dc -> 
  custom:video-decoder-ogg-theora: a1e56fd34408186e4bbccfd4996cb3dc -> 
  custom:scripting/monoscript/fileName/TMP_TextEventCheck.cs: 13505d917eab5868c435e0c2986dadfa -> 
  custom:scripting/monoscript/fileName/TMP_TextSelector_B.cs: ba2be21a7486d37b1011342977a2e49d -> 
  custom:scripting/monoscript/fileName/Benchmark01.cs: 2d3e2cd961730ab95f139a49a673bace -> 
  custom:scripting/monoscript/fileName/HashCodeUtil.cs: 3ac2012e517078f051611cc23e19a706 -> ee7a4f9a9650d3c7f74eced4bfed8831
  custom:framework-win-MediaFoundation: 216162199b28c13a410421893ffa2e32 -> 
  custom:scripting/monoscript/fileName/ArSession.cs: dc9c4d04514fe088f4acb3a600cfa61f -> 
  custom:scripting/monoscript/fileName/ArPlaybackStatus.cs: f77b11c84a00703de9d452d424518caa -> 
  custom:scripting/monoscript/fileName/ManagedReferenceImage.cs: 3f74dd150e48d66b5dd8288f3c3e1c34 -> 
  custom:scripting/monoscript/fileName/ARCoreImageTrackingSubsystem.cs: 39d814b8b12f50336c43db8ce6f8ee94 -> 
  custom:scripting/monoscript/fileName/ARCorePackageMetadata.cs: 1751e19b3bc5d304ce814e7f02fa6d47 -> 
  custom:scripting/monoscript/fileName/ARCorePromise.cs: 90647cc400823b41df847a6cbfc29026 -> 
  custom:scripting/monoscript/fileName/ArCameraConfigFilter.cs: b80d5ef788f451fa06963271e9d59efb -> 
  custom:scripting/monoscript/fileName/Benchmark02.cs: 5640963252ce70910e726415f869ced6 -> 
  custom:scripting/monoscript/fileName/NativeView.cs: 4afb79670cf27530a179f070ba3fe9aa -> 
  custom:scripting/monoscript/fileName/ARCoreLoader.cs: 2c650baba67f1e04bc070894acda684f -> 
  custom:scripting/monoscript/fileName/ARCoreXRDepthSubsystem.deprecated.cs: 9f24fee25a0b08179d7d1cb09e2e51f5 -> 
  custom:scripting/monoscript/fileName/DropdownSample.cs: 0a92251794e5f10400149f96c3c59e5d -> 
  custom:scripting/monoscript/fileName/ARCoreEnvironmentProbeSubsystem.cs: 1b868584605b2895b3934baf5f9f6033 -> 
  custom:scripting/monoscript/fileName/WarpTextExample.cs: 2663459c266363641981c7d17b698d7f -> 
  custom:CustomObjectIndexerAttribute: 9a22284fe3817be447336de3de66b15e -> 
  custom:scripting/monoscript/fileName/ARCoreBuildProcessor.cs: d9eab941277ca6504aeebd69836dd8b0 -> 
  custom:scripting/monoscript/fileName/ARCoreBeforeGetCameraConfigurationEventArgs.cs: 8e2a6fe308d51ad1f6b16c500dc5dfb3 -> 
  custom:scripting/monoscript/fileName/ARCorePlaneSubsystem.cs: d2278eda10dae0fc36c44eee439649a4 -> 
  custom:container-demuxer-webm: 4f35f7cbe854078d1ac9338744f61a02 -> 
  custom:scripting/monoscript/fileName/ARCoreSettingsProvider.cs: 79c816e2cf7b68babc51565d8a334acf -> 
  custom:scripting/monoscript/fileName/ARCoreRaycastSubsystem.cs: 4746ee3ed0cece0abfde776c634af447 -> 
  custom:scripting/monoscript/fileName/ARCoreFaceSubsystem.cs: c496ea8c93654d4c22c4220a77e9a21d -> 
  custom:scripting/monoscript/fileName/ChatController.cs: 876d5ccae6e345dd5d9450eb0a748f16 -> 
  custom:scripting/monoscript/fileName/ArCameraConfig.cs: 4a875ddea718888a33e0d31342770b8d -> 
  custom:scripting/monoscript/fileName/TextMeshSpawner.cs: 76f28e2ddb031571e6ec62b018f65fa8 -> 
  custom:scripting/monoscript/fileName/Java.cs: 23333680cb2e70ba8bbce74628d877c3 -> 
  custom:scripting/monoscript/fileName/TeleType.cs: 31fa97821c4c70f157ec81d507aa6b62 -> 
  custom:scripting/monoscript/fileName/ARCoreLoaderConstants.cs: 1ca2b374b9eebdabc880c6eec02abfbe -> 
  custom:scripting/monoscript/fileName/Benchmark04.cs: 32220b148620e52aa81c13a114862bf4 -> 
  custom:scripting/monoscript/fileName/RcoApi.cs: 1b7d1343bf82f11ff12a2ad830cbbf88 -> 
  custom:scripting/monoscript/fileName/ARCoreLoaderSettings.cs: 98d75423d90e6a85b8a5d383cd4fad48 -> 
  custom:scripting/monoscript/fileName/ArPrestoApi.cs: 102320236e333507f3c23510cf5fedf0 -> 
  custom:container-muxer-webm: aa71ff27fc2769a1b78a27578f13a17b -> 
  custom:scripting/monoscript/fileName/ArString.cs: a85954ac20e0c75f9dbcbebac19f7fbf -> 
  custom:video-decoder-webm-vp8: 9c59270c3fd7afecdb556c50c9e8de78 -> 
  custom:scripting/monoscript/fileName/NativeObject.cs: 1c83a6ff9bdb6f537b0ca273504b9cb1 -> 
  custom:scripting/monoscript/fileName/TMP_PhoneNumberValidator.cs: 7c3049f481e464c6a9a15dee56c3126f -> 
  custom:scripting/precompiled-assembly-types:Unity.XR.ARCore.Editor: 02c2db43342c23e4477f9d7b07b95cb5 -> 
  custom:scripting/monoscript/fileName/ARCoreBeforeSetConfigurationEventArgs.cs: 234cd91ed3cdf60645705e8837e7e78d -> 
  custom:scripting/monoscript/fileName/ARCoreCameraSubsystem.cs: 2cce9a0f290d5c7a0cb70e2a3b0af3ab -> 
  custom:SearchIndexIgnoredProperties: e643bd26f0fe6173181afceb89e7c659 -> 
  custom:AudioImporter_EditorPlatform: d09bf68614088b80899f8185d706f6e7 -> 
  custom:scripting/monoscript/fileName/EnvMapAnimator.cs: 1b4f61c17e4b7283c3ac351aacff9d26 -> 
  custom:scripting/monoscript/fileName/InputLayoutLoader.cs: 2980c1660657b98176f57e2070c5cb69 -> a6fad719a67e63b0838341df7c073961
  custom:scripting/monoscript/fileName/ShaderPropAnimator.cs: 55ce425812446482e623ff2695c94cb2 -> 
  custom:scripting/monoscript/fileName/ARCoreImageDatabase.cs: 7f7d7783973546d2000bf9aa32566b8f -> 
  custom:scripting/monoscript/fileName/SimpleScript.cs: 454caab0c6c050f29b39d82e1d66d0fa -> 
  custom:scripting/monoscript/fileName/ObjectSpin.cs: 2b96bb2079dd7fa5108d981627a28e1e -> 
  custom:scripting/monoscript/fileName/StringExtensions.cs: 6f6c226b1c73c5132416ef95ad867308 -> 0a3ecf20ea398b07067a97ad700896f0
  custom:scripting/monoscript/fileName/CameraController.cs: 34b6be4e23ce86dc89786916c5983296 -> 
  custom:scripting/monoscript/fileName/TMP_TextInfoDebugTool.cs: 3f1709cfb2cc628169113a35b5e9be3f -> 
  custom:scripting/monoscript/fileName/ARCoreSettings.cs: 40690c9c4969c061c980f80d35c3e6fb -> 
  custom:scripting/monoscript/fileName/ArRecordingStatus.cs: 1e851bf64f38781ab761ff7585b2fc01 -> 
  custom:scripting/monoscript/fileName/TMP_TextSelector_A.cs: 347309a09d56e367b188a6978f75b424 -> 
  custom:video-encoder-webm-vp8: eb34c28f22e8b96e1ab97ce403110664 -> 
  custom:scripting/monoscript/fileName/ARCoreProjectValidationRules.cs: eeb621f554a206cb3c7975cb72a27397 -> 
  custom:audio-decoder-ogg-vorbis: bf7c407c2cedff20999df2af8eb42d56 -> 
  custom:scripting/monoscript/fileName/VertexJitter.cs: d27eb5498e48714a66aece98da065133 -> 
  custom:scripting/monoscript/fileName/TextConsoleSimulator.cs: 33fc311abb20b5b0ed8f00e4d86b574e -> 
  custom:scripting/monoscript/fileName/VertexColorCycler.cs: 5f984ca91cf3609293aecc6bc5641572 -> 
  custom:scripting/monoscript/fileName/TMP_FrameRateCounter.cs: 46f655df8cb483ac5958307137b1585a -> 
  custom:scripting/monoscript/fileName/VertexShakeB.cs: a6f78c4fcda1a29a1a1c1baefedba9e7 -> 
  custom:scripting/monoscript/fileName/TMP_UiFrameRateCounter.cs: b01021aea19247f14a98ab338907956a -> 
  custom:scripting/monoscript/fileName/ArConfig.cs: 3fcec3d7584809d01b43e09f93c614f3 -> 
  custom:scripting/precompiled-assembly-types:Unity.XR.ARCore: 905f88ea8a843a72f400d724a929b837 -> 
  custom:scripting/monoscript/fileName/ARCoreFaceRegionData.cs: c3e1f4c128987c270a2af588eecf348c -> 
  custom:scripting/monoscript/fileName/TMPro_InstructionOverlay.cs: b626d2270e6ebd5c4311585c18b58d8d -> 
  custom:scripting/monoscript/fileName/TMP_DigitValidator.cs: ac02af96215ae3951a3cce9e1a8c6085 -> 
  custom:audio-encoder-webm-vorbis: bf7c407c2cedff20999df2af8eb42d56 -> 
  custom:scripting/monoscript/fileName/Benchmark01_UGUI.cs: 6148cfe2627b7708298f301788144139 -> 
  custom:scripting/monoscript/fileName/ARCoreApi.cs: b7be0b56411f0cdcb6a1075249abb802 -> 
  custom:scripting/monoscript/fileName/ARCorePermissionManager.cs: 532f7d03090ae14ae9bbbd403c359df8 -> 
  custom:scripting/monoscript/fileName/ARCoreImageLibraryBuildProcessor.cs: 3f33f565654fcd80e4aa61a92c2169a1 -> 
  custom:scripting/monoscript/fileName/ARCoreCpuImageApi.cs: 7e0d7ea0378a04357bca45463bebfe57 -> 
  custom:scripting/precompiled-assembly-types:Assembly-CSharp: 6248c70c833e08215915988a356c45e5 -> 89929ada5f43583ec1b7a1998853525c
  custom:scripting/monoscript/fileName/Benchmark03.cs: 17cc87e0529ac71d909a946afb47a274 -> 
========================================================================
Received Import Request.
  Time since last request: 13382.743623 seconds.
  path: Assets/Assets/UI Elements/Black/2x/video.png
  artifactKey: Guid(276fa799c0a9c10408ec9b4bfde32f22) Importer(815301076,1909f56bfc062723c751e8b465ee728b)
Start importing Assets/Assets/UI Elements/Black/2x/video.png using Guid(276fa799c0a9c10408ec9b4bfde32f22) Importer(815301076,1909f56bfc062723c751e8b465ee728b) [PhysX] Initialized MultithreadedTaskDispatcher with 20 workers.
[PhysX] Initialized MultithreadedTaskDispatcher with 20 workers.
 -> (artifact id: 'ca05c473639d5c4ef8b810549f073764') in 0.116427 seconds
Number of updated asset objects reloaded before import = 0
Number of asset objects unloaded after import = 3
========================================================================
Received Import Request.
  Time since last request: 0.000020 seconds.
  path: Assets/Assets/Raw and SpriteSheets/White1x.png
  artifactKey: Guid(39593ca37478df14e8e229aa2a036999) Importer(815301076,1909f56bfc062723c751e8b465ee728b)
Start importing Assets/Assets/Raw and SpriteSheets/White1x.png using Guid(39593ca37478df14e8e229aa2a036999) Importer(815301076,1909f56bfc062723c751e8b465ee728b) [PhysX] Initialized MultithreadedTaskDispatcher with 20 workers.
[PhysX] Initialized MultithreadedTaskDispatcher with 20 workers.
 -> (artifact id: 'cbd507f8fc3b3e388aff345b1bacbd72') in 0.037890 seconds
Number of updated asset objects reloaded before import = 0
Number of asset objects unloaded after import = 3
========================================================================
Received Import Request.
  Time since last request: 0.000052 seconds.
  path: Assets/Assets/UI Elements/White/1x/yes-tic.png
  artifactKey: Guid(f4cb417d1cba28d4d911cc35d2a19d64) Importer(815301076,1909f56bfc062723c751e8b465ee728b)
Start importing Assets/Assets/UI Elements/White/1x/yes-tic.png using Guid(f4cb417d1cba28d4d911cc35d2a19d64) Importer(815301076,1909f56bfc062723c751e8b465ee728b) [PhysX] Initialized MultithreadedTaskDispatcher with 20 workers.
[PhysX] Initialized MultithreadedTaskDispatcher with 20 workers.
 -> (artifact id: '4ddcd4b46513037046fdb1b417306b5c') in 0.035761 seconds
Number of updated asset objects reloaded before import = 0
Number of asset objects unloaded after import = 3
========================================================================
Received Import Request.
  Time since last request: 0.697720 seconds.
  path: Assets/Assets/UI Elements/Black/1x/up arrow.png
  artifactKey: Guid(1f831ad7dc1b3d64d832d03b7b51fe17) Importer(815301076,1909f56bfc062723c751e8b465ee728b)
Start importing Assets/Assets/UI Elements/Black/1x/up arrow.png using Guid(1f831ad7dc1b3d64d832d03b7b51fe17) Importer(815301076,1909f56bfc062723c751e8b465ee728b) [PhysX] Initialized MultithreadedTaskDispatcher with 20 workers.
[PhysX] Initialized MultithreadedTaskDispatcher with 20 workers.
 -> (artifact id: '1c155820da4cdb04f08dbf9dacce517e') in 0.016103 seconds
Number of updated asset objects reloaded before import = 0
Number of asset objects unloaded after import = 3
========================================================================
Received Import Request.
  Time since last request: 0.000018 seconds.
  path: Assets/Assets/UI Elements/White/1x/video.png
  artifactKey: Guid(3718d157a9ae33d469bcd89dc6fe863f) Importer(815301076,1909f56bfc062723c751e8b465ee728b)
Start importing Assets/Assets/UI Elements/White/1x/video.png using Guid(3718d157a9ae33d469bcd89dc6fe863f) Importer(815301076,1909f56bfc062723c751e8b465ee728b) [PhysX] Initialized MultithreadedTaskDispatcher with 20 workers.
[PhysX] Initialized MultithreadedTaskDispatcher with 20 workers.
 -> (artifact id: '3feeab7f8049bd30637a03f93558e307') in 0.019163 seconds
Number of updated asset objects reloaded before import = 0
Number of asset objects unloaded after import = 3
========================================================================
Received Import Request.
  Time since last request: 0.021904 seconds.
  path: Assets/Assets/UI Elements/White/1x/stop.png
  artifactKey: Guid(8c85c1dc629ff204fbfcca59471b5123) Importer(815301076,1909f56bfc062723c751e8b465ee728b)
Start importing Assets/Assets/UI Elements/White/1x/stop.png using Guid(8c85c1dc629ff204fbfcca59471b5123) Importer(815301076,1909f56bfc062723c751e8b465ee728b) [PhysX] Initialized MultithreadedTaskDispatcher with 20 workers.
[PhysX] Initialized MultithreadedTaskDispatcher with 20 workers.
 -> (artifact id: '5869a79e47135e61e1ccb9d1a28df1d2') in 0.017536 seconds
Number of updated asset objects reloaded before import = 0
Number of asset objects unloaded after import = 3
========================================================================
Received Import Request.
  Time since last request: 0.000018 seconds.
  path: Assets/Assets/UI Elements/White/2x/unlock.png
  artifactKey: Guid(37e6324d39e963f4b94cbd4311ddfef4) Importer(815301076,1909f56bfc062723c751e8b465ee728b)
Start importing Assets/Assets/UI Elements/White/2x/unlock.png using Guid(37e6324d39e963f4b94cbd4311ddfef4) Importer(815301076,1909f56bfc062723c751e8b465ee728b) [PhysX] Initialized MultithreadedTaskDispatcher with 20 workers.
[PhysX] Initialized MultithreadedTaskDispatcher with 20 workers.
 -> (artifact id: '1714c78d6cf9677c66e4e3a69da132ab') in 0.018306 seconds
Number of updated asset objects reloaded before import = 0
Number of asset objects unloaded after import = 3
========================================================================
Received Import Request.
  Time since last request: 0.000064 seconds.
  path: Assets/Assets/UI Elements/White/1x/unlock.png
  artifactKey: Guid(9dde89aa890342541a7eab6fe3af8187) Importer(815301076,1909f56bfc062723c751e8b465ee728b)
Start importing Assets/Assets/UI Elements/White/1x/unlock.png using Guid(9dde89aa890342541a7eab6fe3af8187) Importer(815301076,1909f56bfc062723c751e8b465ee728b) [PhysX] Initialized MultithreadedTaskDispatcher with 20 workers.
[PhysX] Initialized MultithreadedTaskDispatcher with 20 workers.
 -> (artifact id: '6a2f6cdd3fd58cee94a84da802791968') in 0.012890 seconds
Number of updated asset objects reloaded before import = 0
Number of asset objects unloaded after import = 3
========================================================================
Received Import Request.
  Time since last request: 0.000019 seconds.
  path: Assets/Assets/UI Elements/White/2x/up.png
  artifactKey: Guid(8a17f6ee71d7cd84893f3bf08e22e95a) Importer(815301076,1909f56bfc062723c751e8b465ee728b)
Start importing Assets/Assets/UI Elements/White/2x/up.png using Guid(8a17f6ee71d7cd84893f3bf08e22e95a) Importer(815301076,1909f56bfc062723c751e8b465ee728b) [PhysX] Initialized MultithreadedTaskDispatcher with 20 workers.
[PhysX] Initialized MultithreadedTaskDispatcher with 20 workers.
 -> (artifact id: 'eac2ff38e1888a6ea486c2b63803a9ca') in 0.013050 seconds
Number of updated asset objects reloaded before import = 0
Number of asset objects unloaded after import = 3
========================================================================
Received Import Request.
  Time since last request: 0.000021 seconds.
  path: Assets/Assets/UI Elements/Black/1x/up.png
  artifactKey: Guid(41f5a7f2f23784341b1688043372ad80) Importer(815301076,1909f56bfc062723c751e8b465ee728b)
Start importing Assets/Assets/UI Elements/Black/1x/up.png using Guid(41f5a7f2f23784341b1688043372ad80) Importer(815301076,1909f56bfc062723c751e8b465ee728b) [PhysX] Initialized MultithreadedTaskDispatcher with 20 workers.
[PhysX] Initialized MultithreadedTaskDispatcher with 20 workers.
 -> (artifact id: '37e6f2cebf8dc482f5e68fa334aa6184') in 0.013097 seconds
Number of updated asset objects reloaded before import = 0
Number of asset objects unloaded after import = 3
========================================================================
Received Import Request.
  Time since last request: 0.000027 seconds.
  path: Assets/Assets/UI Elements/White/1x/up.png
  artifactKey: Guid(32dcb7e3f2355c44f98f9350b3a3fc92) Importer(815301076,1909f56bfc062723c751e8b465ee728b)
Start importing Assets/Assets/UI Elements/White/1x/up.png using Guid(32dcb7e3f2355c44f98f9350b3a3fc92) Importer(815301076,1909f56bfc062723c751e8b465ee728b) [PhysX] Initialized MultithreadedTaskDispatcher with 20 workers.
[PhysX] Initialized MultithreadedTaskDispatcher with 20 workers.
 -> (artifact id: '1bd2b4ebd66fb40b9f00ec773dc57912') in 0.013538 seconds
Number of updated asset objects reloaded before import = 0
Number of asset objects unloaded after import = 3
========================================================================
Received Import Request.
  Time since last request: 0.000028 seconds.
  path: Assets/Assets/UI Elements/White/1x/up arrow.png
  artifactKey: Guid(c356d10b4a98a33448a9da4bb7bc4990) Importer(815301076,1909f56bfc062723c751e8b465ee728b)
Start importing Assets/Assets/UI Elements/White/1x/up arrow.png using Guid(c356d10b4a98a33448a9da4bb7bc4990) Importer(815301076,1909f56bfc062723c751e8b465ee728b) [PhysX] Initialized MultithreadedTaskDispatcher with 20 workers.
[PhysX] Initialized MultithreadedTaskDispatcher with 20 workers.
 -> (artifact id: '38921043b546a83cbdff41ca8a786195') in 0.013077 seconds
Number of updated asset objects reloaded before import = 0
Number of asset objects unloaded after import = 3
========================================================================
Received Import Request.
  Time since last request: 0.000048 seconds.
  path: Assets/Assets/UI Elements/White/2x/sign1.png
  artifactKey: Guid(aa71daf2bdaf98f4294b307607c548cb) Importer(815301076,1909f56bfc062723c751e8b465ee728b)
Start importing Assets/Assets/UI Elements/White/2x/sign1.png using Guid(aa71daf2bdaf98f4294b307607c548cb) Importer(815301076,1909f56bfc062723c751e8b465ee728b) [PhysX] Initialized MultithreadedTaskDispatcher with 20 workers.
[PhysX] Initialized MultithreadedTaskDispatcher with 20 workers.
 -> (artifact id: '0e9cab71fa8b93954aa7d4cc4fe9deb5') in 0.012196 seconds
Number of updated asset objects reloaded before import = 0
Number of asset objects unloaded after import = 3
========================================================================
Received Import Request.
  Time since last request: 0.000018 seconds.
  path: Assets/Assets/UI Elements/Black/2x/sign1.png
  artifactKey: Guid(268ebca04f683fa4c91705d99d3d8186) Importer(815301076,1909f56bfc062723c751e8b465ee728b)
Start importing Assets/Assets/UI Elements/Black/2x/sign1.png using Guid(268ebca04f683fa4c91705d99d3d8186) Importer(815301076,1909f56bfc062723c751e8b465ee728b) [PhysX] Initialized MultithreadedTaskDispatcher with 20 workers.
[PhysX] Initialized MultithreadedTaskDispatcher with 20 workers.
 -> (artifact id: 'd5ac12d81286e2578ae8d6eb2402b8c8') in 0.012201 seconds
Number of updated asset objects reloaded before import = 0
Number of asset objects unloaded after import = 3
========================================================================
Received Import Request.
  Time since last request: 0.023866 seconds.
  path: Assets/Assets/UI Elements/White/2x/south-east arrow.png
  artifactKey: Guid(bc44ea1b1bcaab44b93549378feea5b1) Importer(815301076,1909f56bfc062723c751e8b465ee728b)
Start importing Assets/Assets/UI Elements/White/2x/south-east arrow.png using Guid(bc44ea1b1bcaab44b93549378feea5b1) Importer(815301076,1909f56bfc062723c751e8b465ee728b) [PhysX] Initialized MultithreadedTaskDispatcher with 20 workers.
[PhysX] Initialized MultithreadedTaskDispatcher with 20 workers.
 -> (artifact id: '5de169b4b1c2b4885d4c0f757bf6bb54') in 0.012913 seconds
Number of updated asset objects reloaded before import = 0
Number of asset objects unloaded after import = 3
========================================================================
Received Import Request.
  Time since last request: 0.000017 seconds.
  path: Assets/Assets/UI Elements/Black/2x/south-east arrow.png
  artifactKey: Guid(c3e154f98c2acf540a698d3a69c83788) Importer(815301076,1909f56bfc062723c751e8b465ee728b)
Start importing Assets/Assets/UI Elements/Black/2x/south-east arrow.png using Guid(c3e154f98c2acf540a698d3a69c83788) Importer(815301076,1909f56bfc062723c751e8b465ee728b) [PhysX] Initialized MultithreadedTaskDispatcher with 20 workers.
[PhysX] Initialized MultithreadedTaskDispatcher with 20 workers.
 -> (artifact id: '922f083d2ea91e5077c1402234356da4') in 0.011407 seconds
Number of updated asset objects reloaded before import = 0
Number of asset objects unloaded after import = 3
========================================================================
Received Import Request.
  Time since last request: 0.000019 seconds.
  path: Assets/Assets/UI Elements/White/2x/south-west arrow.png
  artifactKey: Guid(e20340ac73587864ab34d78294bc0bfa) Importer(815301076,1909f56bfc062723c751e8b465ee728b)
Start importing Assets/Assets/UI Elements/White/2x/south-west arrow.png using Guid(e20340ac73587864ab34d78294bc0bfa) Importer(815301076,1909f56bfc062723c751e8b465ee728b) [PhysX] Initialized MultithreadedTaskDispatcher with 20 workers.
[PhysX] Initialized MultithreadedTaskDispatcher with 20 workers.
 -> (artifact id: 'cbcc4049b409f79ec9e8dc72e009f3c3') in 0.013153 seconds
Number of updated asset objects reloaded before import = 0
Number of asset objects unloaded after import = 3
========================================================================
Received Import Request.
  Time since last request: 0.000018 seconds.
  path: Assets/Assets/UI Elements/White/1x/south-west arrow.png
  artifactKey: Guid(836cc840e5e199640b27fd4c8b01701c) Importer(815301076,1909f56bfc062723c751e8b465ee728b)
Start importing Assets/Assets/UI Elements/White/1x/south-west arrow.png using Guid(836cc840e5e199640b27fd4c8b01701c) Importer(815301076,1909f56bfc062723c751e8b465ee728b) [PhysX] Initialized MultithreadedTaskDispatcher with 20 workers.
[PhysX] Initialized MultithreadedTaskDispatcher with 20 workers.
 -> (artifact id: 'bed5fd75e56203eef24403acc52ae0f2') in 0.011313 seconds
Number of updated asset objects reloaded before import = 0
Number of asset objects unloaded after import = 3
========================================================================
Received Import Request.
  Time since last request: 0.000066 seconds.
  path: Assets/Assets/UI Elements/Extras/Rects/SquareRy8.png
  artifactKey: Guid(02bc6413e9c541c4c8fd2e7501c27232) Importer(815301076,1909f56bfc062723c751e8b465ee728b)
Start importing Assets/Assets/UI Elements/Extras/Rects/SquareRy8.png using Guid(02bc6413e9c541c4c8fd2e7501c27232) Importer(815301076,1909f56bfc062723c751e8b465ee728b) [PhysX] Initialized MultithreadedTaskDispatcher with 20 workers.
[PhysX] Initialized MultithreadedTaskDispatcher with 20 workers.
 -> (artifact id: 'e854596b43543a71f7d9e06120b89e88') in 0.014425 seconds
Number of updated asset objects reloaded before import = 0
Number of asset objects unloaded after import = 3
========================================================================
Received Import Request.
  Time since last request: 0.000021 seconds.
  path: Assets/Assets/UI Elements/Black/2x/star.png
  artifactKey: Guid(4869d39903b74944aa3d8f1992581d6a) Importer(815301076,1909f56bfc062723c751e8b465ee728b)
Start importing Assets/Assets/UI Elements/Black/2x/star.png using Guid(4869d39903b74944aa3d8f1992581d6a) Importer(815301076,1909f56bfc062723c751e8b465ee728b) [PhysX] Initialized MultithreadedTaskDispatcher with 20 workers.
[PhysX] Initialized MultithreadedTaskDispatcher with 20 workers.
 -> (artifact id: '9e3225628cbaf38ff6271920bf237a59') in 0.013277 seconds
Number of updated asset objects reloaded before import = 0
Number of asset objects unloaded after import = 3
========================================================================
Received Import Request.
  Time since last request: 0.000020 seconds.
  path: Assets/Assets/UI Elements/White/1x/star.png
  artifactKey: Guid(929b54ef59aaeba4a9807a6ef928457b) Importer(815301076,1909f56bfc062723c751e8b465ee728b)
Start importing Assets/Assets/UI Elements/White/1x/star.png using Guid(929b54ef59aaeba4a9807a6ef928457b) Importer(815301076,1909f56bfc062723c751e8b465ee728b) [PhysX] Initialized MultithreadedTaskDispatcher with 20 workers.
[PhysX] Initialized MultithreadedTaskDispatcher with 20 workers.
 -> (artifact id: '7e22afa7c05ce39e9e9029eb00d5d8fd') in 0.012990 seconds
Number of updated asset objects reloaded before import = 0
Number of asset objects unloaded after import = 3
========================================================================
Received Import Request.
  Time since last request: 0.000021 seconds.
  path: Assets/Assets/UI Elements/Extras/ProgressBars/Starprogress.png
  artifactKey: Guid(4b00c26149944254a804c18b63fd9c1c) Importer(815301076,1909f56bfc062723c751e8b465ee728b)
Start importing Assets/Assets/UI Elements/Extras/ProgressBars/Starprogress.png using Guid(4b00c26149944254a804c18b63fd9c1c) Importer(815301076,1909f56bfc062723c751e8b465ee728b) [PhysX] Initialized MultithreadedTaskDispatcher with 20 workers.
[PhysX] Initialized MultithreadedTaskDispatcher with 20 workers.
 -> (artifact id: '3eafbdc06da4f1c3c5ebf705f472eac9') in 0.016141 seconds
Number of updated asset objects reloaded before import = 0
Number of asset objects unloaded after import = 3
========================================================================
Received Import Request.
  Time since last request: 0.000030 seconds.
  path: Assets/Assets/UI Elements/Black/2x/stop.png
  artifactKey: Guid(4af585c0b7de5ca478615272a5c8cef7) Importer(815301076,1909f56bfc062723c751e8b465ee728b)
Start importing Assets/Assets/UI Elements/Black/2x/stop.png using Guid(4af585c0b7de5ca478615272a5c8cef7) Importer(815301076,1909f56bfc062723c751e8b465ee728b) [PhysX] Initialized MultithreadedTaskDispatcher with 20 workers.
[PhysX] Initialized MultithreadedTaskDispatcher with 20 workers.
 -> (artifact id: 'ecbb3e5604a5634632f6773ea6c83260') in 0.012708 seconds
Number of updated asset objects reloaded before import = 0
Number of asset objects unloaded after import = 3
========================================================================
Received Import Request.
  Time since last request: 0.173007 seconds.
  path: Assets/Assets/UI Elements/Black/1x/left arrow.png
  artifactKey: Guid(2b751643e14a05747ba418a17dbc024d) Importer(815301076,1909f56bfc062723c751e8b465ee728b)
Start importing Assets/Assets/UI Elements/Black/1x/left arrow.png using Guid(2b751643e14a05747ba418a17dbc024d) Importer(815301076,1909f56bfc062723c751e8b465ee728b) [PhysX] Initialized MultithreadedTaskDispatcher with 20 workers.
[PhysX] Initialized MultithreadedTaskDispatcher with 20 workers.
 -> (artifact id: '4eb049c5192c2507d8d514a7987baac7') in 0.013568 seconds
Number of updated asset objects reloaded before import = 0
Number of asset objects unloaded after import = 3
========================================================================
Received Import Request.
  Time since last request: 0.000017 seconds.
  path: Assets/Assets/UI Elements/Black/2x/left arrow.png
  artifactKey: Guid(dc2343e3fa1ea0e458f4de9fd96d4372) Importer(815301076,1909f56bfc062723c751e8b465ee728b)
Start importing Assets/Assets/UI Elements/Black/2x/left arrow.png using Guid(dc2343e3fa1ea0e458f4de9fd96d4372) Importer(815301076,1909f56bfc062723c751e8b465ee728b) [PhysX] Initialized MultithreadedTaskDispatcher with 20 workers.
[PhysX] Initialized MultithreadedTaskDispatcher with 20 workers.
 -> (artifact id: '307b99e4f5ae88e1ccb2bc4097e18c3c') in 0.014144 seconds
Number of updated asset objects reloaded before import = 0
Number of asset objects unloaded after import = 3
========================================================================
Received Import Request.
  Time since last request: 0.000020 seconds.
  path: Assets/Assets/UI Elements/White/2x/left arrow.png
  artifactKey: Guid(43e9e9534dbced44d8adc26fb27a07c2) Importer(815301076,1909f56bfc062723c751e8b465ee728b)
Start importing Assets/Assets/UI Elements/White/2x/left arrow.png using Guid(43e9e9534dbced44d8adc26fb27a07c2) Importer(815301076,1909f56bfc062723c751e8b465ee728b) [PhysX] Initialized MultithreadedTaskDispatcher with 20 workers.
[PhysX] Initialized MultithreadedTaskDispatcher with 20 workers.
 -> (artifact id: 'c544210bb219a0f720b4995445c2117d') in 0.015907 seconds
Number of updated asset objects reloaded before import = 0
Number of asset objects unloaded after import = 3
========================================================================
Received Import Request.
  Time since last request: 0.165093 seconds.
  path: Assets/Assets/UI Elements/Black/1x/hamburger icon.png
  artifactKey: Guid(526cc0e3015b2ce4890db0c2d9490600) Importer(815301076,1909f56bfc062723c751e8b465ee728b)
Start importing Assets/Assets/UI Elements/Black/1x/hamburger icon.png using Guid(526cc0e3015b2ce4890db0c2d9490600) Importer(815301076,1909f56bfc062723c751e8b465ee728b) [PhysX] Initialized MultithreadedTaskDispatcher with 20 workers.
[PhysX] Initialized MultithreadedTaskDispatcher with 20 workers.
 -> (artifact id: 'db7dd48b62064d5edc1ff84f8694b6ae') in 0.019331 seconds
Number of updated asset objects reloaded before import = 0
Number of asset objects unloaded after import = 3
========================================================================
Received Import Request.
  Time since last request: 0.000019 seconds.
  path: Assets/Assets/UI Elements/White/2x/hamburger icon.png
  artifactKey: Guid(e4087c1d315eaf04394c8ae915a7eef6) Importer(815301076,1909f56bfc062723c751e8b465ee728b)
Start importing Assets/Assets/UI Elements/White/2x/hamburger icon.png using Guid(e4087c1d315eaf04394c8ae915a7eef6) Importer(815301076,1909f56bfc062723c751e8b465ee728b) [PhysX] Initialized MultithreadedTaskDispatcher with 20 workers.
[PhysX] Initialized MultithreadedTaskDispatcher with 20 workers.
 -> (artifact id: '7c246bc87054748bdddebb901044d0c2') in 0.019764 seconds
Number of updated asset objects reloaded before import = 0
Number of asset objects unloaded after import = 3
========================================================================
Received Prepare
Caller must complete domain reload
Begin MonoManager ReloadAssembly
- Loaded All Assemblies, in  0.502 seconds
Native extension for WindowsStandalone target not found
Native extension for Android target not found
[Package Manager] Server::EnsureServerProcessIsRunning -- launch failed, reason: Unity was launched with the -noUpm command-line argument
[Package Manager] UpmClient::Send -- Unable to send message (not connected to UPM process).
[Package Manager] Cannot connect to Unity Package Manager local server
Mono: successfully reloaded assembly
[Package Manager] Server::EnsureServerProcessIsRunning -- launch failed, reason: Unity was launched with the -noUpm command-line argument
[Package Manager] UpmClient::Send -- Unable to send message (not connected to UPM process).
[Package Manager] Cannot connect to Unity Package Manager local server
- Finished resetting the current domain, in  0.968 seconds
Domain Reload Profiling: 1470ms
	BeginReloadAssembly (164ms)
		ExecutionOrderSort (0ms)
		DisableScriptedObjects (4ms)
		BackupInstance (0ms)
		ReleaseScriptingObjects (0ms)
		CreateAndSetChildDomain (33ms)
	RebuildCommonClasses (29ms)
	RebuildNativeTypeToScriptingClass (8ms)
	initialDomainReloadingComplete (20ms)
	LoadAllAssembliesAndSetupDomain (281ms)
		LoadAssemblies (345ms)
		RebuildTransferFunctionScriptingTraits (0ms)
		AnalyzeDomain (31ms)
			TypeCache.Refresh (9ms)
				TypeCache.ScanAssembly (1ms)
			ScanForSourceGeneratedMonoScriptInfo (15ms)
			ResolveRequiredComponents (6ms)
	FinalizeReload (969ms)
		ReleaseScriptCaches (0ms)
		RebuildScriptCaches (0ms)
		SetupLoadedEditorAssemblies (424ms)
			LogAssemblyErrors (0ms)
			InitializePlatformSupportModulesInManaged (16ms)
			SetLoadedEditorAssemblies (4ms)
			RefreshPlugins (0ms)
			BeforeProcessingInitializeOnLoad (53ms)
			ProcessInitializeOnLoadAttributes (313ms)
			ProcessInitializeOnLoadMethodAttributes (35ms)
			AfterProcessingInitializeOnLoad (2ms)
			EditorAssembliesLoaded (0ms)
		ExecutionOrderSort2 (0ms)
		AwakeInstancesAfterBackupRestoration (9ms)
Refreshing native plugins compatible for Editor in 5.65 ms, found 4 plugins.
Preloading 0 native plugins for Editor in 0.00 ms.
Unloading 4569 Unused Serialized files (Serialized files now loaded: 0)
Unloading 36 unused Assets / (1.9 MB). Loaded Objects now: 5117.
Memory consumption went from 161.2 MB to 159.3 MB.
Total: 3.461100 ms (FindLiveObjects: 0.242300 ms CreateObjectMapping: 0.231000 ms MarkObjects: 2.377400 ms  DeleteObjects: 0.609500 ms)

Prepare: number of updated asset objects reloaded= 0
AssetImportParameters requested are different than current active one (requested -> active):
  custom:scripting/monoscript/fileName/ArRecordingConfig.cs: dfdb22d280f26bff6727fe6f9c34f9d1 -> 
  custom:scripting/monoscript/fileName/ArCoreImg.cs: 284f8bc57305622727946cdceadb2cef -> 
  custom:scripting/monoscript/fileName/Cli.cs: f278fa05dc0a28f05b8e56cf7a587c31 -> d287e08b50f2cb135aa4d7f8e01b7ef9
  custom:scripting/monoscript/fileName/SkewTextExample.cs: c142d02d70a129e0533975f7c2f96956 -> 
  custom:container-demuxer-ogg: 62fdf1f143b41e24485cea50d1cbac27 -> 
  custom:scripting/monoscript/fileName/ARCoreAnchorSubsystem.cs: 8fd89380878aa630c35614c13d4b70e4 -> 
  custom:scripting/monoscript/fileName/TMP_TextEventHandler.cs: f5cd9d5a43bfefc8f4fec80e6de896a4 -> 
  custom:scripting/monoscript/fileName/ARCoreSessionSubsystem.cs: 0499cfac149f3ba6a8678a379c5077a0 -> 
  custom:scripting/monoscript/fileName/TextMeshProFloatingText.cs: 92608fa4a6315cd0786d82205e77b697 -> 
  custom:scripting/monoscript/fileName/ARCoreOcclusionSubsystem.cs: 2a111039ddadb09f587c28ae3f37fc2b -> 
  custom:scripting/monoscript/fileName/VertexZoom.cs: 650ab1e81d40126e3edcf737cce646e4 -> 
  custom:scripting/monoscript/fileName/ARCoreXRPointCloudSubsystem.cs: a817e9a702204b3fa3e30b3243847693 -> 
  custom:scripting/monoscript/fileName/Gradle.cs: f2ad869b521aeebb9f3c8c6665622b87 -> 
  custom:video-codec-MediaFoundation-h265: 746d11721c4dcdbdad8f713fa42b33f4 -> 
  custom:scripting/monoscript/fileName/ImageConversionJobs.cs: 5daa4e6aadb43a7b9057d64b0ba5d568 -> 
  custom:scripting/monoscript/fileName/VertexShakeA.cs: 63ec564c588058369499638dd899e05b -> 
  custom:scripting/monoscript/fileName/TMP_ExampleScript_01.cs: a9d4be556104ff54e7d240529b3e01dc -> 
  custom:video-decoder-ogg-theora: a1e56fd34408186e4bbccfd4996cb3dc -> 
  custom:scripting/monoscript/fileName/TMP_TextEventCheck.cs: 13505d917eab5868c435e0c2986dadfa -> 
  custom:scripting/monoscript/fileName/TMP_TextSelector_B.cs: ba2be21a7486d37b1011342977a2e49d -> 
  custom:scripting/monoscript/fileName/Benchmark01.cs: 2d3e2cd961730ab95f139a49a673bace -> 
  custom:scripting/monoscript/fileName/HashCodeUtil.cs: 3ac2012e517078f051611cc23e19a706 -> ee7a4f9a9650d3c7f74eced4bfed8831
  custom:framework-win-MediaFoundation: 216162199b28c13a410421893ffa2e32 -> 
  custom:scripting/monoscript/fileName/ArSession.cs: dc9c4d04514fe088f4acb3a600cfa61f -> 
  custom:scripting/monoscript/fileName/ArPlaybackStatus.cs: f77b11c84a00703de9d452d424518caa -> 
  custom:scripting/monoscript/fileName/ManagedReferenceImage.cs: 3f74dd150e48d66b5dd8288f3c3e1c34 -> 
  custom:scripting/monoscript/fileName/ARCoreImageTrackingSubsystem.cs: 39d814b8b12f50336c43db8ce6f8ee94 -> 
  custom:scripting/monoscript/fileName/ARCorePackageMetadata.cs: 1751e19b3bc5d304ce814e7f02fa6d47 -> 
  custom:scripting/monoscript/fileName/ARCorePromise.cs: 90647cc400823b41df847a6cbfc29026 -> 
  custom:scripting/monoscript/fileName/ArCameraConfigFilter.cs: b80d5ef788f451fa06963271e9d59efb -> 
  custom:scripting/monoscript/fileName/Benchmark02.cs: 5640963252ce70910e726415f869ced6 -> 
  custom:scripting/monoscript/fileName/NativeView.cs: 4afb79670cf27530a179f070ba3fe9aa -> 
  custom:scripting/monoscript/fileName/ARCoreLoader.cs: 2c650baba67f1e04bc070894acda684f -> 
  custom:scripting/monoscript/fileName/ARCoreXRDepthSubsystem.deprecated.cs: 9f24fee25a0b08179d7d1cb09e2e51f5 -> 
  custom:scripting/monoscript/fileName/DropdownSample.cs: 0a92251794e5f10400149f96c3c59e5d -> 
  custom:scripting/monoscript/fileName/ARCoreEnvironmentProbeSubsystem.cs: 1b868584605b2895b3934baf5f9f6033 -> 
  custom:scripting/monoscript/fileName/WarpTextExample.cs: 2663459c266363641981c7d17b698d7f -> 
  custom:CustomObjectIndexerAttribute: 9a22284fe3817be447336de3de66b15e -> 
  custom:scripting/monoscript/fileName/ARCoreBuildProcessor.cs: d9eab941277ca6504aeebd69836dd8b0 -> 
  custom:scripting/monoscript/fileName/ARCoreBeforeGetCameraConfigurationEventArgs.cs: 8e2a6fe308d51ad1f6b16c500dc5dfb3 -> 
  custom:scripting/monoscript/fileName/ARCorePlaneSubsystem.cs: d2278eda10dae0fc36c44eee439649a4 -> 
  custom:container-demuxer-webm: 4f35f7cbe854078d1ac9338744f61a02 -> 
  custom:scripting/monoscript/fileName/ARCoreSettingsProvider.cs: 79c816e2cf7b68babc51565d8a334acf -> 
  custom:scripting/monoscript/fileName/ARCoreRaycastSubsystem.cs: 4746ee3ed0cece0abfde776c634af447 -> 
  custom:scripting/monoscript/fileName/ARCoreFaceSubsystem.cs: c496ea8c93654d4c22c4220a77e9a21d -> 
  custom:scripting/monoscript/fileName/ChatController.cs: 876d5ccae6e345dd5d9450eb0a748f16 -> 
  custom:scripting/monoscript/fileName/ArCameraConfig.cs: 4a875ddea718888a33e0d31342770b8d -> 
  custom:scripting/monoscript/fileName/TextMeshSpawner.cs: 76f28e2ddb031571e6ec62b018f65fa8 -> 
  custom:scripting/monoscript/fileName/Java.cs: 23333680cb2e70ba8bbce74628d877c3 -> 
  custom:scripting/monoscript/fileName/TeleType.cs: 31fa97821c4c70f157ec81d507aa6b62 -> 
  custom:scripting/monoscript/fileName/ARCoreLoaderConstants.cs: 1ca2b374b9eebdabc880c6eec02abfbe -> 
  custom:scripting/monoscript/fileName/Benchmark04.cs: 32220b148620e52aa81c13a114862bf4 -> 
  custom:scripting/monoscript/fileName/RcoApi.cs: 1b7d1343bf82f11ff12a2ad830cbbf88 -> 
  custom:scripting/monoscript/fileName/ARCoreLoaderSettings.cs: 98d75423d90e6a85b8a5d383cd4fad48 -> 
  custom:scripting/monoscript/fileName/ArPrestoApi.cs: 102320236e333507f3c23510cf5fedf0 -> 
  custom:container-muxer-webm: aa71ff27fc2769a1b78a27578f13a17b -> 
  custom:scripting/monoscript/fileName/ArString.cs: a85954ac20e0c75f9dbcbebac19f7fbf -> 
  custom:video-decoder-webm-vp8: 9c59270c3fd7afecdb556c50c9e8de78 -> 
  custom:scripting/monoscript/fileName/NativeObject.cs: 1c83a6ff9bdb6f537b0ca273504b9cb1 -> 
  custom:scripting/monoscript/fileName/TMP_PhoneNumberValidator.cs: 7c3049f481e464c6a9a15dee56c3126f -> 
  custom:scripting/precompiled-assembly-types:Unity.XR.ARCore.Editor: 02c2db43342c23e4477f9d7b07b95cb5 -> 
  custom:scripting/monoscript/fileName/ARCoreBeforeSetConfigurationEventArgs.cs: 234cd91ed3cdf60645705e8837e7e78d -> 
  custom:scripting/monoscript/fileName/ARCoreCameraSubsystem.cs: 2cce9a0f290d5c7a0cb70e2a3b0af3ab -> 
  custom:SearchIndexIgnoredProperties: e643bd26f0fe6173181afceb89e7c659 -> 
  custom:AudioImporter_EditorPlatform: d09bf68614088b80899f8185d706f6e7 -> 
  custom:scripting/monoscript/fileName/EnvMapAnimator.cs: 1b4f61c17e4b7283c3ac351aacff9d26 -> 
  custom:scripting/monoscript/fileName/InputLayoutLoader.cs: 2980c1660657b98176f57e2070c5cb69 -> a6fad719a67e63b0838341df7c073961
  custom:scripting/monoscript/fileName/ShaderPropAnimator.cs: 55ce425812446482e623ff2695c94cb2 -> 
  custom:scripting/monoscript/fileName/ARCoreImageDatabase.cs: 7f7d7783973546d2000bf9aa32566b8f -> 
  custom:scripting/monoscript/fileName/SimpleScript.cs: 454caab0c6c050f29b39d82e1d66d0fa -> 
  custom:scripting/monoscript/fileName/ObjectSpin.cs: 2b96bb2079dd7fa5108d981627a28e1e -> 
  custom:scripting/monoscript/fileName/StringExtensions.cs: 6f6c226b1c73c5132416ef95ad867308 -> 0a3ecf20ea398b07067a97ad700896f0
  custom:scripting/monoscript/fileName/CameraController.cs: 34b6be4e23ce86dc89786916c5983296 -> 
  custom:scripting/monoscript/fileName/TMP_TextInfoDebugTool.cs: 3f1709cfb2cc628169113a35b5e9be3f -> 
  custom:scripting/monoscript/fileName/ARCoreSettings.cs: 40690c9c4969c061c980f80d35c3e6fb -> 
  custom:scripting/monoscript/fileName/ArRecordingStatus.cs: 1e851bf64f38781ab761ff7585b2fc01 -> 
  custom:scripting/monoscript/fileName/TMP_TextSelector_A.cs: 347309a09d56e367b188a6978f75b424 -> 
  custom:video-encoder-webm-vp8: eb34c28f22e8b96e1ab97ce403110664 -> 
  custom:scripting/monoscript/fileName/ARCoreProjectValidationRules.cs: eeb621f554a206cb3c7975cb72a27397 -> 
  custom:audio-decoder-ogg-vorbis: bf7c407c2cedff20999df2af8eb42d56 -> 
  custom:scripting/monoscript/fileName/VertexJitter.cs: d27eb5498e48714a66aece98da065133 -> 
  custom:scripting/monoscript/fileName/TextConsoleSimulator.cs: 33fc311abb20b5b0ed8f00e4d86b574e -> 
  custom:scripting/monoscript/fileName/VertexColorCycler.cs: 5f984ca91cf3609293aecc6bc5641572 -> 
  custom:scripting/monoscript/fileName/TMP_FrameRateCounter.cs: 46f655df8cb483ac5958307137b1585a -> 
  custom:scripting/monoscript/fileName/VertexShakeB.cs: a6f78c4fcda1a29a1a1c1baefedba9e7 -> 
  custom:scripting/monoscript/fileName/TMP_UiFrameRateCounter.cs: b01021aea19247f14a98ab338907956a -> 
  custom:scripting/monoscript/fileName/ArConfig.cs: 3fcec3d7584809d01b43e09f93c614f3 -> 
  custom:scripting/monoscript/fileName/SafeArea.cs: 5837f9ee308c1c81b303fe8b1b1a4dd3 -> 
  custom:scripting/precompiled-assembly-types:Unity.XR.ARCore: 905f88ea8a843a72f400d724a929b837 -> 
  custom:scripting/monoscript/fileName/ARCoreFaceRegionData.cs: c3e1f4c128987c270a2af588eecf348c -> 
  custom:scripting/monoscript/fileName/TMPro_InstructionOverlay.cs: b626d2270e6ebd5c4311585c18b58d8d -> 
  custom:scripting/monoscript/fileName/TMP_DigitValidator.cs: ac02af96215ae3951a3cce9e1a8c6085 -> 
  custom:audio-encoder-webm-vorbis: bf7c407c2cedff20999df2af8eb42d56 -> 
  custom:scripting/monoscript/fileName/Benchmark01_UGUI.cs: 6148cfe2627b7708298f301788144139 -> 
  custom:scripting/monoscript/fileName/ARCoreApi.cs: b7be0b56411f0cdcb6a1075249abb802 -> 
  custom:scripting/monoscript/fileName/ARCorePermissionManager.cs: 532f7d03090ae14ae9bbbd403c359df8 -> 
  custom:scripting/monoscript/fileName/ARCoreImageLibraryBuildProcessor.cs: 3f33f565654fcd80e4aa61a92c2169a1 -> 
  custom:scripting/monoscript/fileName/ARCoreCpuImageApi.cs: 7e0d7ea0378a04357bca45463bebfe57 -> 
  custom:scripting/precompiled-assembly-types:Assembly-CSharp: 7b637c336cc9b539e1b3f8f2feef3298 -> 89929ada5f43583ec1b7a1998853525c
  custom:scripting/monoscript/fileName/Benchmark03.cs: 17cc87e0529ac71d909a946afb47a274 -> 
========================================================================
Received Prepare
Caller must complete domain reload
Begin MonoManager ReloadAssembly
- Loaded All Assemblies, in  0.422 seconds
Native extension for WindowsStandalone target not found
Native extension for Android target not found
[Package Manager] Server::EnsureServerProcessIsRunning -- launch failed, reason: Unity was launched with the -noUpm command-line argument
[Package Manager] UpmClient::Send -- Unable to send message (not connected to UPM process).
[Package Manager] Cannot connect to Unity Package Manager local server
Mono: successfully reloaded assembly
[Package Manager] Server::EnsureServerProcessIsRunning -- launch failed, reason: Unity was launched with the -noUpm command-line argument
[Package Manager] UpmClient::Send -- Unable to send message (not connected to UPM process).
[Package Manager] Cannot connect to Unity Package Manager local server
- Finished resetting the current domain, in  1.391 seconds
Domain Reload Profiling: 1813ms
	BeginReloadAssembly (133ms)
		ExecutionOrderSort (0ms)
		DisableScriptedObjects (3ms)
		BackupInstance (0ms)
		ReleaseScriptingObjects (0ms)
		CreateAndSetChildDomain (27ms)
	RebuildCommonClasses (25ms)
	RebuildNativeTypeToScriptingClass (8ms)
	initialDomainReloadingComplete (19ms)
	LoadAllAssembliesAndSetupDomain (236ms)
		LoadAssemblies (286ms)
		RebuildTransferFunctionScriptingTraits (0ms)
		AnalyzeDomain (27ms)
			TypeCache.Refresh (9ms)
				TypeCache.ScanAssembly (1ms)
			ScanForSourceGeneratedMonoScriptInfo (12ms)
			ResolveRequiredComponents (5ms)
	FinalizeReload (1391ms)
		ReleaseScriptCaches (0ms)
		RebuildScriptCaches (0ms)
		SetupLoadedEditorAssemblies (373ms)
			LogAssemblyErrors (0ms)
			InitializePlatformSupportModulesInManaged (11ms)
			SetLoadedEditorAssemblies (3ms)
			RefreshPlugins (0ms)
			BeforeProcessingInitializeOnLoad (49ms)
			ProcessInitializeOnLoadAttributes (275ms)
			ProcessInitializeOnLoadMethodAttributes (34ms)
			AfterProcessingInitializeOnLoad (1ms)
			EditorAssembliesLoaded (0ms)
		ExecutionOrderSort2 (0ms)
		AwakeInstancesAfterBackupRestoration (8ms)
Refreshing native plugins compatible for Editor in 5.70 ms, found 4 plugins.
Preloading 0 native plugins for Editor in 0.00 ms.
Unloading 4570 Unused Serialized files (Serialized files now loaded: 0)
Unloading 36 unused Assets / (1.9 MB). Loaded Objects now: 5121.
Memory consumption went from 161.5 MB to 159.6 MB.
Total: 3.600600 ms (FindLiveObjects: 0.232300 ms CreateObjectMapping: 0.122700 ms MarkObjects: 2.527500 ms  DeleteObjects: 0.717100 ms)

Prepare: number of updated asset objects reloaded= 0
AssetImportParameters requested are different than current active one (requested -> active):
  custom:scripting/monoscript/fileName/ArRecordingConfig.cs: dfdb22d280f26bff6727fe6f9c34f9d1 -> 
  custom:scripting/monoscript/fileName/ArCoreImg.cs: 284f8bc57305622727946cdceadb2cef -> 
  custom:scripting/monoscript/fileName/Cli.cs: f278fa05dc0a28f05b8e56cf7a587c31 -> d287e08b50f2cb135aa4d7f8e01b7ef9
  custom:scripting/monoscript/fileName/SkewTextExample.cs: c142d02d70a129e0533975f7c2f96956 -> 
  custom:container-demuxer-ogg: 62fdf1f143b41e24485cea50d1cbac27 -> 
  custom:scripting/monoscript/fileName/ARCoreAnchorSubsystem.cs: 8fd89380878aa630c35614c13d4b70e4 -> 
  custom:scripting/monoscript/fileName/TMP_TextEventHandler.cs: f5cd9d5a43bfefc8f4fec80e6de896a4 -> 
  custom:scripting/monoscript/fileName/ARCoreSessionSubsystem.cs: 0499cfac149f3ba6a8678a379c5077a0 -> 
  custom:scripting/monoscript/fileName/TextMeshProFloatingText.cs: 92608fa4a6315cd0786d82205e77b697 -> 
  custom:scripting/monoscript/fileName/ARCoreOcclusionSubsystem.cs: 2a111039ddadb09f587c28ae3f37fc2b -> 
  custom:scripting/monoscript/fileName/VertexZoom.cs: 650ab1e81d40126e3edcf737cce646e4 -> 
  custom:scripting/monoscript/fileName/ARCoreXRPointCloudSubsystem.cs: a817e9a702204b3fa3e30b3243847693 -> 
  custom:scripting/monoscript/fileName/Gradle.cs: f2ad869b521aeebb9f3c8c6665622b87 -> 
  custom:video-codec-MediaFoundation-h265: 746d11721c4dcdbdad8f713fa42b33f4 -> 
  custom:scripting/monoscript/fileName/ImageConversionJobs.cs: 5daa4e6aadb43a7b9057d64b0ba5d568 -> 
  custom:scripting/monoscript/fileName/VertexShakeA.cs: 63ec564c588058369499638dd899e05b -> 
  custom:scripting/monoscript/fileName/TMP_ExampleScript_01.cs: a9d4be556104ff54e7d240529b3e01dc -> 
  custom:video-decoder-ogg-theora: a1e56fd34408186e4bbccfd4996cb3dc -> 
  custom:scripting/monoscript/fileName/TMP_TextEventCheck.cs: 13505d917eab5868c435e0c2986dadfa -> 
  custom:scripting/monoscript/fileName/TMP_TextSelector_B.cs: ba2be21a7486d37b1011342977a2e49d -> 
  custom:scripting/monoscript/fileName/Benchmark01.cs: 2d3e2cd961730ab95f139a49a673bace -> 
  custom:scripting/monoscript/fileName/HashCodeUtil.cs: 3ac2012e517078f051611cc23e19a706 -> ee7a4f9a9650d3c7f74eced4bfed8831
  custom:framework-win-MediaFoundation: 216162199b28c13a410421893ffa2e32 -> 
  custom:scripting/monoscript/fileName/ArSession.cs: dc9c4d04514fe088f4acb3a600cfa61f -> 
  custom:scripting/monoscript/fileName/ArPlaybackStatus.cs: f77b11c84a00703de9d452d424518caa -> 
  custom:scripting/monoscript/fileName/ManagedReferenceImage.cs: 3f74dd150e48d66b5dd8288f3c3e1c34 -> 
  custom:scripting/monoscript/fileName/ARCoreImageTrackingSubsystem.cs: 39d814b8b12f50336c43db8ce6f8ee94 -> 
  custom:scripting/monoscript/fileName/ARCorePackageMetadata.cs: 1751e19b3bc5d304ce814e7f02fa6d47 -> 
  custom:scripting/monoscript/fileName/ARCorePromise.cs: 90647cc400823b41df847a6cbfc29026 -> 
  custom:scripting/monoscript/fileName/ArCameraConfigFilter.cs: b80d5ef788f451fa06963271e9d59efb -> 
  custom:scripting/monoscript/fileName/Benchmark02.cs: 5640963252ce70910e726415f869ced6 -> 
  custom:scripting/monoscript/fileName/NativeView.cs: 4afb79670cf27530a179f070ba3fe9aa -> 
  custom:scripting/monoscript/fileName/ARCoreLoader.cs: 2c650baba67f1e04bc070894acda684f -> 
  custom:scripting/monoscript/fileName/ARCoreXRDepthSubsystem.deprecated.cs: 9f24fee25a0b08179d7d1cb09e2e51f5 -> 
  custom:scripting/monoscript/fileName/DropdownSample.cs: 0a92251794e5f10400149f96c3c59e5d -> 
  custom:scripting/monoscript/fileName/ARCoreEnvironmentProbeSubsystem.cs: 1b868584605b2895b3934baf5f9f6033 -> 
  custom:scripting/monoscript/fileName/WarpTextExample.cs: 2663459c266363641981c7d17b698d7f -> 
  custom:CustomObjectIndexerAttribute: 9a22284fe3817be447336de3de66b15e -> 
  custom:scripting/monoscript/fileName/ARCoreBuildProcessor.cs: d9eab941277ca6504aeebd69836dd8b0 -> 
  custom:scripting/monoscript/fileName/ARCoreBeforeGetCameraConfigurationEventArgs.cs: 8e2a6fe308d51ad1f6b16c500dc5dfb3 -> 
  custom:scripting/monoscript/fileName/ARCorePlaneSubsystem.cs: d2278eda10dae0fc36c44eee439649a4 -> 
  custom:container-demuxer-webm: 4f35f7cbe854078d1ac9338744f61a02 -> 
  custom:scripting/monoscript/fileName/ARCoreSettingsProvider.cs: 79c816e2cf7b68babc51565d8a334acf -> 
  custom:scripting/monoscript/fileName/ARCoreRaycastSubsystem.cs: 4746ee3ed0cece0abfde776c634af447 -> 
  custom:scripting/monoscript/fileName/ARCoreFaceSubsystem.cs: c496ea8c93654d4c22c4220a77e9a21d -> 
  custom:scripting/monoscript/fileName/ChatController.cs: 876d5ccae6e345dd5d9450eb0a748f16 -> 
  custom:scripting/monoscript/fileName/ArCameraConfig.cs: 4a875ddea718888a33e0d31342770b8d -> 
  custom:scripting/monoscript/fileName/TextMeshSpawner.cs: 76f28e2ddb031571e6ec62b018f65fa8 -> 
  custom:scripting/monoscript/fileName/Java.cs: 23333680cb2e70ba8bbce74628d877c3 -> 
  custom:scripting/monoscript/fileName/TeleType.cs: 31fa97821c4c70f157ec81d507aa6b62 -> 
  custom:scripting/monoscript/fileName/ARCoreLoaderConstants.cs: 1ca2b374b9eebdabc880c6eec02abfbe -> 
  custom:scripting/monoscript/fileName/Benchmark04.cs: 32220b148620e52aa81c13a114862bf4 -> 
  custom:scripting/monoscript/fileName/RcoApi.cs: 1b7d1343bf82f11ff12a2ad830cbbf88 -> 
  custom:scripting/monoscript/fileName/ARCoreLoaderSettings.cs: 98d75423d90e6a85b8a5d383cd4fad48 -> 
  custom:scripting/monoscript/fileName/ArPrestoApi.cs: 102320236e333507f3c23510cf5fedf0 -> 
  custom:container-muxer-webm: aa71ff27fc2769a1b78a27578f13a17b -> 
  custom:scripting/monoscript/fileName/ArString.cs: a85954ac20e0c75f9dbcbebac19f7fbf -> 
  custom:video-decoder-webm-vp8: 9c59270c3fd7afecdb556c50c9e8de78 -> 
  custom:scripting/monoscript/fileName/NativeObject.cs: 1c83a6ff9bdb6f537b0ca273504b9cb1 -> 
  custom:scripting/monoscript/fileName/TMP_PhoneNumberValidator.cs: 7c3049f481e464c6a9a15dee56c3126f -> 
  custom:scripting/precompiled-assembly-types:Unity.XR.ARCore.Editor: 02c2db43342c23e4477f9d7b07b95cb5 -> 
  custom:scripting/monoscript/fileName/ARCoreBeforeSetConfigurationEventArgs.cs: 234cd91ed3cdf60645705e8837e7e78d -> 
  custom:scripting/monoscript/fileName/ARCoreCameraSubsystem.cs: 2cce9a0f290d5c7a0cb70e2a3b0af3ab -> 
  custom:SearchIndexIgnoredProperties: e643bd26f0fe6173181afceb89e7c659 -> 
  custom:AudioImporter_EditorPlatform: d09bf68614088b80899f8185d706f6e7 -> 
  custom:scripting/monoscript/fileName/EnvMapAnimator.cs: 1b4f61c17e4b7283c3ac351aacff9d26 -> 
  custom:scripting/monoscript/fileName/InputLayoutLoader.cs: 2980c1660657b98176f57e2070c5cb69 -> a6fad719a67e63b0838341df7c073961
  custom:scripting/monoscript/fileName/ShaderPropAnimator.cs: 55ce425812446482e623ff2695c94cb2 -> 
  custom:scripting/monoscript/fileName/ARCoreImageDatabase.cs: 7f7d7783973546d2000bf9aa32566b8f -> 
  custom:scripting/monoscript/fileName/SimpleScript.cs: 454caab0c6c050f29b39d82e1d66d0fa -> 
  custom:scripting/monoscript/fileName/ObjectSpin.cs: 2b96bb2079dd7fa5108d981627a28e1e -> 
  custom:scripting/monoscript/fileName/StringExtensions.cs: 6f6c226b1c73c5132416ef95ad867308 -> 0a3ecf20ea398b07067a97ad700896f0
  custom:scripting/monoscript/fileName/CameraController.cs: 34b6be4e23ce86dc89786916c5983296 -> 
  custom:scripting/monoscript/fileName/TMP_TextInfoDebugTool.cs: 3f1709cfb2cc628169113a35b5e9be3f -> 
  custom:scripting/monoscript/fileName/ARCoreSettings.cs: 40690c9c4969c061c980f80d35c3e6fb -> 
  custom:scripting/monoscript/fileName/ArRecordingStatus.cs: 1e851bf64f38781ab761ff7585b2fc01 -> 
  custom:scripting/monoscript/fileName/TMP_TextSelector_A.cs: 347309a09d56e367b188a6978f75b424 -> 
  custom:video-encoder-webm-vp8: eb34c28f22e8b96e1ab97ce403110664 -> 
  custom:scripting/monoscript/fileName/ARCoreProjectValidationRules.cs: eeb621f554a206cb3c7975cb72a27397 -> 
  custom:audio-decoder-ogg-vorbis: bf7c407c2cedff20999df2af8eb42d56 -> 
  custom:scripting/monoscript/fileName/VertexJitter.cs: d27eb5498e48714a66aece98da065133 -> 
  custom:scripting/monoscript/fileName/TextConsoleSimulator.cs: 33fc311abb20b5b0ed8f00e4d86b574e -> 
  custom:scripting/monoscript/fileName/VertexColorCycler.cs: 5f984ca91cf3609293aecc6bc5641572 -> 
  custom:scripting/monoscript/fileName/TMP_FrameRateCounter.cs: 46f655df8cb483ac5958307137b1585a -> 
  custom:scripting/monoscript/fileName/VertexShakeB.cs: a6f78c4fcda1a29a1a1c1baefedba9e7 -> 
  custom:scripting/monoscript/fileName/TMP_UiFrameRateCounter.cs: b01021aea19247f14a98ab338907956a -> 
  custom:scripting/monoscript/fileName/ArConfig.cs: 3fcec3d7584809d01b43e09f93c614f3 -> 
  custom:scripting/monoscript/fileName/SafeArea.cs: 5837f9ee308c1c81b303fe8b1b1a4dd3 -> 
  custom:scripting/precompiled-assembly-types:Unity.XR.ARCore: 905f88ea8a843a72f400d724a929b837 -> 
  custom:scripting/monoscript/fileName/ARCoreFaceRegionData.cs: c3e1f4c128987c270a2af588eecf348c -> 
  custom:scripting/monoscript/fileName/TMPro_InstructionOverlay.cs: b626d2270e6ebd5c4311585c18b58d8d -> 
  custom:scripting/monoscript/fileName/TMP_DigitValidator.cs: ac02af96215ae3951a3cce9e1a8c6085 -> 
  custom:audio-encoder-webm-vorbis: bf7c407c2cedff20999df2af8eb42d56 -> 
  custom:scripting/monoscript/fileName/Benchmark01_UGUI.cs: 6148cfe2627b7708298f301788144139 -> 
  custom:scripting/monoscript/fileName/ARCoreApi.cs: b7be0b56411f0cdcb6a1075249abb802 -> 
  custom:scripting/monoscript/fileName/ARCorePermissionManager.cs: 532f7d03090ae14ae9bbbd403c359df8 -> 
  custom:scripting/monoscript/fileName/ARCoreImageLibraryBuildProcessor.cs: 3f33f565654fcd80e4aa61a92c2169a1 -> 
  custom:scripting/monoscript/fileName/ARCoreCpuImageApi.cs: 7e0d7ea0378a04357bca45463bebfe57 -> 
  custom:scripting/precompiled-assembly-types:Assembly-CSharp: 7b637c336cc9b539e1b3f8f2feef3298 -> 89929ada5f43583ec1b7a1998853525c
  custom:scripting/monoscript/fileName/Benchmark03.cs: 17cc87e0529ac71d909a946afb47a274 -> 
========================================================================
Received Import Request.
  Time since last request: 114.627030 seconds.
  path: Assets/Script/SafeArea.cs
  artifactKey: Guid(b7a8231f3d30a5e4eb79e5fc127a5e8c) Importer(815301076,1909f56bfc062723c751e8b465ee728b)
Start importing Assets/Script/SafeArea.cs using Guid(b7a8231f3d30a5e4eb79e5fc127a5e8c) Importer(815301076,1909f56bfc062723c751e8b465ee728b) [PhysX] Initialized MultithreadedTaskDispatcher with 20 workers.
 -> (artifact id: '153de071478d371e418115649ed8b9ba') in 0.002895 seconds
Number of updated asset objects reloaded before import = 0
Number of asset objects unloaded after import = 0
========================================================================
Received Prepare
Caller must complete domain reload
Begin MonoManager ReloadAssembly
- Loaded All Assemblies, in  0.391 seconds
Native extension for WindowsStandalone target not found
Native extension for Android target not found
[Package Manager] Server::EnsureServerProcessIsRunning -- launch failed, reason: Unity was launched with the -noUpm command-line argument
[Package Manager] UpmClient::Send -- Unable to send message (not connected to UPM process).
[Package Manager] Cannot connect to Unity Package Manager local server
Mono: successfully reloaded assembly
[Package Manager] Server::EnsureServerProcessIsRunning -- launch failed, reason: Unity was launched with the -noUpm command-line argument
[Package Manager] UpmClient::Send -- Unable to send message (not connected to UPM process).
[Package Manager] Cannot connect to Unity Package Manager local server
- Finished resetting the current domain, in  0.915 seconds
Domain Reload Profiling: 1307ms
	BeginReloadAssembly (145ms)
		ExecutionOrderSort (0ms)
		DisableScriptedObjects (4ms)
		BackupInstance (0ms)
		ReleaseScriptingObjects (0ms)
		CreateAndSetChildDomain (32ms)
	RebuildCommonClasses (25ms)
	RebuildNativeTypeToScriptingClass (8ms)
	initialDomainReloadingComplete (19ms)
	LoadAllAssembliesAndSetupDomain (194ms)
		LoadAssemblies (246ms)
		RebuildTransferFunctionScriptingTraits (0ms)
		AnalyzeDomain (29ms)
			TypeCache.Refresh (9ms)
				TypeCache.ScanAssembly (1ms)
			ScanForSourceGeneratedMonoScriptInfo (13ms)
			ResolveRequiredComponents (7ms)
	FinalizeReload (916ms)
		ReleaseScriptCaches (0ms)
		RebuildScriptCaches (0ms)
		SetupLoadedEditorAssemblies (443ms)
			LogAssemblyErrors (0ms)
			InitializePlatformSupportModulesInManaged (14ms)
			SetLoadedEditorAssemblies (4ms)
			RefreshPlugins (0ms)
			BeforeProcessingInitializeOnLoad (52ms)
			ProcessInitializeOnLoadAttributes (325ms)
			ProcessInitializeOnLoadMethodAttributes (46ms)
			AfterProcessingInitializeOnLoad (2ms)
			EditorAssembliesLoaded (1ms)
		ExecutionOrderSort2 (0ms)
		AwakeInstancesAfterBackupRestoration (9ms)
Refreshing native plugins compatible for Editor in 5.63 ms, found 4 plugins.
Preloading 0 native plugins for Editor in 0.00 ms.
Unloading 4570 Unused Serialized files (Serialized files now loaded: 0)
Unloading 36 unused Assets / (1.9 MB). Loaded Objects now: 5126.
Memory consumption went from 161.2 MB to 159.3 MB.
Total: 3.925600 ms (FindLiveObjects: 0.233400 ms CreateObjectMapping: 0.123200 ms MarkObjects: 2.590600 ms  DeleteObjects: 0.977600 ms)

Prepare: number of updated asset objects reloaded= 0
AssetImportParameters requested are different than current active one (requested -> active):
  custom:scripting/monoscript/fileName/ArRecordingConfig.cs: dfdb22d280f26bff6727fe6f9c34f9d1 -> 
  custom:scripting/monoscript/fileName/ArCoreImg.cs: 284f8bc57305622727946cdceadb2cef -> 
  custom:scripting/monoscript/fileName/Cli.cs: f278fa05dc0a28f05b8e56cf7a587c31 -> d287e08b50f2cb135aa4d7f8e01b7ef9
  custom:scripting/monoscript/fileName/SkewTextExample.cs: c142d02d70a129e0533975f7c2f96956 -> 
  custom:container-demuxer-ogg: 62fdf1f143b41e24485cea50d1cbac27 -> 
  custom:scripting/monoscript/fileName/ARCoreAnchorSubsystem.cs: 8fd89380878aa630c35614c13d4b70e4 -> 
  custom:scripting/monoscript/fileName/TMP_TextEventHandler.cs: f5cd9d5a43bfefc8f4fec80e6de896a4 -> 
  custom:scripting/monoscript/fileName/ARCoreSessionSubsystem.cs: 0499cfac149f3ba6a8678a379c5077a0 -> 
  custom:scripting/monoscript/fileName/TextMeshProFloatingText.cs: 92608fa4a6315cd0786d82205e77b697 -> 
  custom:scripting/monoscript/fileName/ARCoreOcclusionSubsystem.cs: 2a111039ddadb09f587c28ae3f37fc2b -> 
  custom:scripting/monoscript/fileName/VertexZoom.cs: 650ab1e81d40126e3edcf737cce646e4 -> 
  custom:scripting/monoscript/fileName/ARCoreXRPointCloudSubsystem.cs: a817e9a702204b3fa3e30b3243847693 -> 
  custom:scripting/monoscript/fileName/Gradle.cs: f2ad869b521aeebb9f3c8c6665622b87 -> 
  custom:video-codec-MediaFoundation-h265: 746d11721c4dcdbdad8f713fa42b33f4 -> 
  custom:scripting/monoscript/fileName/ImageConversionJobs.cs: 5daa4e6aadb43a7b9057d64b0ba5d568 -> 
  custom:scripting/monoscript/fileName/VertexShakeA.cs: 63ec564c588058369499638dd899e05b -> 
  custom:scripting/monoscript/fileName/TMP_ExampleScript_01.cs: a9d4be556104ff54e7d240529b3e01dc -> 
  custom:video-decoder-ogg-theora: a1e56fd34408186e4bbccfd4996cb3dc -> 
  custom:scripting/monoscript/fileName/TMP_TextEventCheck.cs: 13505d917eab5868c435e0c2986dadfa -> 
  custom:scripting/monoscript/fileName/TMP_TextSelector_B.cs: ba2be21a7486d37b1011342977a2e49d -> 
  custom:scripting/monoscript/fileName/Benchmark01.cs: 2d3e2cd961730ab95f139a49a673bace -> 
  custom:scripting/monoscript/fileName/HashCodeUtil.cs: 3ac2012e517078f051611cc23e19a706 -> ee7a4f9a9650d3c7f74eced4bfed8831
  custom:framework-win-MediaFoundation: 216162199b28c13a410421893ffa2e32 -> 
  custom:scripting/monoscript/fileName/ArSession.cs: dc9c4d04514fe088f4acb3a600cfa61f -> 
  custom:scripting/monoscript/fileName/ArPlaybackStatus.cs: f77b11c84a00703de9d452d424518caa -> 
  custom:scripting/monoscript/fileName/ManagedReferenceImage.cs: 3f74dd150e48d66b5dd8288f3c3e1c34 -> 
  custom:scripting/monoscript/fileName/ARCoreImageTrackingSubsystem.cs: 39d814b8b12f50336c43db8ce6f8ee94 -> 
  custom:scripting/monoscript/fileName/ARCorePackageMetadata.cs: 1751e19b3bc5d304ce814e7f02fa6d47 -> 
  custom:scripting/monoscript/fileName/ARCorePromise.cs: 90647cc400823b41df847a6cbfc29026 -> 
  custom:scripting/monoscript/fileName/ArCameraConfigFilter.cs: b80d5ef788f451fa06963271e9d59efb -> 
  custom:scripting/monoscript/fileName/Benchmark02.cs: 5640963252ce70910e726415f869ced6 -> 
  custom:scripting/monoscript/fileName/NativeView.cs: 4afb79670cf27530a179f070ba3fe9aa -> 
  custom:scripting/monoscript/fileName/ARCoreLoader.cs: 2c650baba67f1e04bc070894acda684f -> 
  custom:scripting/monoscript/fileName/ARCoreXRDepthSubsystem.deprecated.cs: 9f24fee25a0b08179d7d1cb09e2e51f5 -> 
  custom:scripting/monoscript/fileName/DropdownSample.cs: 0a92251794e5f10400149f96c3c59e5d -> 
  custom:scripting/monoscript/fileName/ARCoreEnvironmentProbeSubsystem.cs: 1b868584605b2895b3934baf5f9f6033 -> 
  custom:scripting/monoscript/fileName/WarpTextExample.cs: 2663459c266363641981c7d17b698d7f -> 
  custom:CustomObjectIndexerAttribute: 9a22284fe3817be447336de3de66b15e -> 
  custom:scripting/monoscript/fileName/ARCoreBuildProcessor.cs: d9eab941277ca6504aeebd69836dd8b0 -> 
  custom:scripting/monoscript/fileName/ARCoreBeforeGetCameraConfigurationEventArgs.cs: 8e2a6fe308d51ad1f6b16c500dc5dfb3 -> 
  custom:scripting/monoscript/fileName/ARCorePlaneSubsystem.cs: d2278eda10dae0fc36c44eee439649a4 -> 
  custom:container-demuxer-webm: 4f35f7cbe854078d1ac9338744f61a02 -> 
  custom:scripting/monoscript/fileName/ARCoreSettingsProvider.cs: 79c816e2cf7b68babc51565d8a334acf -> 
  custom:scripting/monoscript/fileName/ARCoreRaycastSubsystem.cs: 4746ee3ed0cece0abfde776c634af447 -> 
  custom:scripting/monoscript/fileName/ARCoreFaceSubsystem.cs: c496ea8c93654d4c22c4220a77e9a21d -> 
  custom:scripting/monoscript/fileName/ChatController.cs: 876d5ccae6e345dd5d9450eb0a748f16 -> 
  custom:scripting/monoscript/fileName/ArCameraConfig.cs: 4a875ddea718888a33e0d31342770b8d -> 
  custom:scripting/monoscript/fileName/TextMeshSpawner.cs: 76f28e2ddb031571e6ec62b018f65fa8 -> 
  custom:scripting/monoscript/fileName/Java.cs: 23333680cb2e70ba8bbce74628d877c3 -> 
  custom:scripting/monoscript/fileName/TeleType.cs: 31fa97821c4c70f157ec81d507aa6b62 -> 
  custom:scripting/monoscript/fileName/ARCoreLoaderConstants.cs: 1ca2b374b9eebdabc880c6eec02abfbe -> 
  custom:scripting/monoscript/fileName/Benchmark04.cs: 32220b148620e52aa81c13a114862bf4 -> 
  custom:scripting/monoscript/fileName/RcoApi.cs: 1b7d1343bf82f11ff12a2ad830cbbf88 -> 
  custom:scripting/monoscript/fileName/ARCoreLoaderSettings.cs: 98d75423d90e6a85b8a5d383cd4fad48 -> 
  custom:scripting/monoscript/fileName/ArPrestoApi.cs: 102320236e333507f3c23510cf5fedf0 -> 
  custom:container-muxer-webm: aa71ff27fc2769a1b78a27578f13a17b -> 
  custom:scripting/monoscript/fileName/ArString.cs: a85954ac20e0c75f9dbcbebac19f7fbf -> 
  custom:video-decoder-webm-vp8: 9c59270c3fd7afecdb556c50c9e8de78 -> 
  custom:scripting/monoscript/fileName/NativeObject.cs: 1c83a6ff9bdb6f537b0ca273504b9cb1 -> 
  custom:scripting/monoscript/fileName/TMP_PhoneNumberValidator.cs: 7c3049f481e464c6a9a15dee56c3126f -> 
  custom:scripting/precompiled-assembly-types:Unity.XR.ARCore.Editor: 02c2db43342c23e4477f9d7b07b95cb5 -> 
  custom:scripting/monoscript/fileName/ARCoreBeforeSetConfigurationEventArgs.cs: 234cd91ed3cdf60645705e8837e7e78d -> 
  custom:scripting/monoscript/fileName/ARCoreCameraSubsystem.cs: 2cce9a0f290d5c7a0cb70e2a3b0af3ab -> 
  custom:SearchIndexIgnoredProperties: e643bd26f0fe6173181afceb89e7c659 -> 
  custom:AudioImporter_EditorPlatform: d09bf68614088b80899f8185d706f6e7 -> 
  custom:scripting/monoscript/fileName/EnvMapAnimator.cs: 1b4f61c17e4b7283c3ac351aacff9d26 -> 
  custom:scripting/monoscript/fileName/InputLayoutLoader.cs: 2980c1660657b98176f57e2070c5cb69 -> a6fad719a67e63b0838341df7c073961
  custom:scripting/monoscript/fileName/ShaderPropAnimator.cs: 55ce425812446482e623ff2695c94cb2 -> 
  custom:scripting/monoscript/fileName/ARCoreImageDatabase.cs: 7f7d7783973546d2000bf9aa32566b8f -> 
  custom:scripting/monoscript/fileName/SimpleScript.cs: 454caab0c6c050f29b39d82e1d66d0fa -> 
  custom:scripting/monoscript/fileName/ObjectSpin.cs: 2b96bb2079dd7fa5108d981627a28e1e -> 
  custom:scripting/monoscript/fileName/StringExtensions.cs: 6f6c226b1c73c5132416ef95ad867308 -> 0a3ecf20ea398b07067a97ad700896f0
  custom:scripting/monoscript/fileName/CameraController.cs: 34b6be4e23ce86dc89786916c5983296 -> 
  custom:scripting/monoscript/fileName/TMP_TextInfoDebugTool.cs: 3f1709cfb2cc628169113a35b5e9be3f -> 
  custom:scripting/monoscript/fileName/CorrectAns.cs: d65c7b8a673ffa674e3f44ab3946818a -> 
  custom:scripting/monoscript/fileName/ARCoreSettings.cs: 40690c9c4969c061c980f80d35c3e6fb -> 
  custom:scripting/monoscript/fileName/ArRecordingStatus.cs: 1e851bf64f38781ab761ff7585b2fc01 -> 
  custom:scripting/monoscript/fileName/TMP_TextSelector_A.cs: 347309a09d56e367b188a6978f75b424 -> 
  custom:video-encoder-webm-vp8: eb34c28f22e8b96e1ab97ce403110664 -> 
  custom:scripting/monoscript/fileName/ARCoreProjectValidationRules.cs: eeb621f554a206cb3c7975cb72a27397 -> 
  custom:audio-decoder-ogg-vorbis: bf7c407c2cedff20999df2af8eb42d56 -> 
  custom:scripting/monoscript/fileName/VertexJitter.cs: d27eb5498e48714a66aece98da065133 -> 
  custom:scripting/monoscript/fileName/TextConsoleSimulator.cs: 33fc311abb20b5b0ed8f00e4d86b574e -> 
  custom:scripting/monoscript/fileName/VertexColorCycler.cs: 5f984ca91cf3609293aecc6bc5641572 -> 
  custom:scripting/monoscript/fileName/TMP_FrameRateCounter.cs: 46f655df8cb483ac5958307137b1585a -> 
  custom:scripting/monoscript/fileName/VertexShakeB.cs: a6f78c4fcda1a29a1a1c1baefedba9e7 -> 
  custom:scripting/monoscript/fileName/TMP_UiFrameRateCounter.cs: b01021aea19247f14a98ab338907956a -> 
  custom:scripting/monoscript/fileName/ArConfig.cs: 3fcec3d7584809d01b43e09f93c614f3 -> 
  custom:scripting/monoscript/fileName/SafeArea.cs: 5837f9ee308c1c81b303fe8b1b1a4dd3 -> 
  custom:scripting/precompiled-assembly-types:Unity.XR.ARCore: 905f88ea8a843a72f400d724a929b837 -> 
  custom:scripting/monoscript/fileName/ARCoreFaceRegionData.cs: c3e1f4c128987c270a2af588eecf348c -> 
  custom:scripting/monoscript/fileName/TMPro_InstructionOverlay.cs: b626d2270e6ebd5c4311585c18b58d8d -> 
  custom:scripting/monoscript/fileName/TMP_DigitValidator.cs: ac02af96215ae3951a3cce9e1a8c6085 -> 
  custom:audio-encoder-webm-vorbis: bf7c407c2cedff20999df2af8eb42d56 -> 
  custom:scripting/monoscript/fileName/Benchmark01_UGUI.cs: 6148cfe2627b7708298f301788144139 -> 
  custom:scripting/monoscript/fileName/ARCoreApi.cs: b7be0b56411f0cdcb6a1075249abb802 -> 
  custom:scripting/monoscript/fileName/ARCorePermissionManager.cs: 532f7d03090ae14ae9bbbd403c359df8 -> 
  custom:scripting/monoscript/fileName/ARCoreImageLibraryBuildProcessor.cs: 3f33f565654fcd80e4aa61a92c2169a1 -> 
  custom:scripting/monoscript/fileName/ARCoreCpuImageApi.cs: 7e0d7ea0378a04357bca45463bebfe57 -> 
  custom:scripting/precompiled-assembly-types:Assembly-CSharp: 852c3480bb1d0c7a8ad6790ff990d0eb -> 89929ada5f43583ec1b7a1998853525c
  custom:scripting/monoscript/fileName/Benchmark03.cs: 17cc87e0529ac71d909a946afb47a274 -> 
========================================================================
Received Prepare
Caller must complete domain reload
Begin MonoManager ReloadAssembly
- Loaded All Assemblies, in  0.365 seconds
Native extension for WindowsStandalone target not found
Native extension for Android target not found
[Package Manager] Server::EnsureServerProcessIsRunning -- launch failed, reason: Unity was launched with the -noUpm command-line argument
[Package Manager] UpmClient::Send -- Unable to send message (not connected to UPM process).
[Package Manager] Cannot connect to Unity Package Manager local server
Mono: successfully reloaded assembly
[Package Manager] Server::EnsureServerProcessIsRunning -- launch failed, reason: Unity was launched with the -noUpm command-line argument
[Package Manager] UpmClient::Send -- Unable to send message (not connected to UPM process).
[Package Manager] Cannot connect to Unity Package Manager local server
- Finished resetting the current domain, in  0.835 seconds
Domain Reload Profiling: 1199ms
	BeginReloadAssembly (129ms)
		ExecutionOrderSort (0ms)
		DisableScriptedObjects (3ms)
		BackupInstance (0ms)
		ReleaseScriptingObjects (0ms)
		CreateAndSetChildDomain (24ms)
	RebuildCommonClasses (24ms)
	RebuildNativeTypeToScriptingClass (8ms)
	initialDomainReloadingComplete (19ms)
	LoadAllAssembliesAndSetupDomain (183ms)
		LoadAssemblies (232ms)
		RebuildTransferFunctionScriptingTraits (0ms)
		AnalyzeDomain (27ms)
			TypeCache.Refresh (8ms)
				TypeCache.ScanAssembly (1ms)
			ScanForSourceGeneratedMonoScriptInfo (13ms)
			ResolveRequiredComponents (6ms)
	FinalizeReload (835ms)
		ReleaseScriptCaches (0ms)
		RebuildScriptCaches (0ms)
		SetupLoadedEditorAssemblies (411ms)
			LogAssemblyErrors (0ms)
			InitializePlatformSupportModulesInManaged (12ms)
			SetLoadedEditorAssemblies (3ms)
			RefreshPlugins (0ms)
			BeforeProcessingInitializeOnLoad (57ms)
			ProcessInitializeOnLoadAttributes (304ms)
			ProcessInitializeOnLoadMethodAttributes (33ms)
			AfterProcessingInitializeOnLoad (1ms)
			EditorAssembliesLoaded (0ms)
		ExecutionOrderSort2 (0ms)
		AwakeInstancesAfterBackupRestoration (8ms)
Refreshing native plugins compatible for Editor in 3.45 ms, found 4 plugins.
Preloading 0 native plugins for Editor in 0.00 ms.
Unloading 4571 Unused Serialized files (Serialized files now loaded: 0)
Unloading 36 unused Assets / (1.8 MB). Loaded Objects now: 5130.
Memory consumption went from 161.4 MB to 159.6 MB.
Total: 3.382400 ms (FindLiveObjects: 0.223000 ms CreateObjectMapping: 0.124300 ms MarkObjects: 2.379200 ms  DeleteObjects: 0.655100 ms)

Prepare: number of updated asset objects reloaded= 0
AssetImportParameters requested are different than current active one (requested -> active):
  custom:scripting/monoscript/fileName/ArRecordingConfig.cs: dfdb22d280f26bff6727fe6f9c34f9d1 -> 
  custom:scripting/monoscript/fileName/ArCoreImg.cs: 284f8bc57305622727946cdceadb2cef -> 
  custom:scripting/monoscript/fileName/Cli.cs: f278fa05dc0a28f05b8e56cf7a587c31 -> d287e08b50f2cb135aa4d7f8e01b7ef9
  custom:scripting/monoscript/fileName/SkewTextExample.cs: c142d02d70a129e0533975f7c2f96956 -> 
  custom:container-demuxer-ogg: 62fdf1f143b41e24485cea50d1cbac27 -> 
  custom:scripting/monoscript/fileName/ARCoreAnchorSubsystem.cs: 8fd89380878aa630c35614c13d4b70e4 -> 
  custom:scripting/monoscript/fileName/TMP_TextEventHandler.cs: f5cd9d5a43bfefc8f4fec80e6de896a4 -> 
  custom:scripting/monoscript/fileName/ARCoreSessionSubsystem.cs: 0499cfac149f3ba6a8678a379c5077a0 -> 
  custom:scripting/monoscript/fileName/TextMeshProFloatingText.cs: 92608fa4a6315cd0786d82205e77b697 -> 
  custom:scripting/monoscript/fileName/ARCoreOcclusionSubsystem.cs: 2a111039ddadb09f587c28ae3f37fc2b -> 
  custom:scripting/monoscript/fileName/VertexZoom.cs: 650ab1e81d40126e3edcf737cce646e4 -> 
  custom:scripting/monoscript/fileName/ARCoreXRPointCloudSubsystem.cs: a817e9a702204b3fa3e30b3243847693 -> 
  custom:scripting/monoscript/fileName/Gradle.cs: f2ad869b521aeebb9f3c8c6665622b87 -> 
  custom:video-codec-MediaFoundation-h265: 746d11721c4dcdbdad8f713fa42b33f4 -> 
  custom:scripting/monoscript/fileName/ImageConversionJobs.cs: 5daa4e6aadb43a7b9057d64b0ba5d568 -> 
  custom:scripting/monoscript/fileName/VertexShakeA.cs: 63ec564c588058369499638dd899e05b -> 
  custom:scripting/monoscript/fileName/TMP_ExampleScript_01.cs: a9d4be556104ff54e7d240529b3e01dc -> 
  custom:video-decoder-ogg-theora: a1e56fd34408186e4bbccfd4996cb3dc -> 
  custom:scripting/monoscript/fileName/TMP_TextEventCheck.cs: 13505d917eab5868c435e0c2986dadfa -> 
  custom:scripting/monoscript/fileName/TMP_TextSelector_B.cs: ba2be21a7486d37b1011342977a2e49d -> 
  custom:scripting/monoscript/fileName/Benchmark01.cs: 2d3e2cd961730ab95f139a49a673bace -> 
  custom:scripting/monoscript/fileName/HashCodeUtil.cs: 3ac2012e517078f051611cc23e19a706 -> ee7a4f9a9650d3c7f74eced4bfed8831
  custom:framework-win-MediaFoundation: 216162199b28c13a410421893ffa2e32 -> 
  custom:scripting/monoscript/fileName/ArSession.cs: dc9c4d04514fe088f4acb3a600cfa61f -> 
  custom:scripting/monoscript/fileName/ArPlaybackStatus.cs: f77b11c84a00703de9d452d424518caa -> 
  custom:scripting/monoscript/fileName/ManagedReferenceImage.cs: 3f74dd150e48d66b5dd8288f3c3e1c34 -> 
  custom:scripting/monoscript/fileName/ARCoreImageTrackingSubsystem.cs: 39d814b8b12f50336c43db8ce6f8ee94 -> 
  custom:scripting/monoscript/fileName/ARCorePackageMetadata.cs: 1751e19b3bc5d304ce814e7f02fa6d47 -> 
  custom:scripting/monoscript/fileName/ARCorePromise.cs: 90647cc400823b41df847a6cbfc29026 -> 
  custom:scripting/monoscript/fileName/ArCameraConfigFilter.cs: b80d5ef788f451fa06963271e9d59efb -> 
  custom:scripting/monoscript/fileName/Benchmark02.cs: 5640963252ce70910e726415f869ced6 -> 
  custom:scripting/monoscript/fileName/NativeView.cs: 4afb79670cf27530a179f070ba3fe9aa -> 
  custom:scripting/monoscript/fileName/ARCoreLoader.cs: 2c650baba67f1e04bc070894acda684f -> 
  custom:scripting/monoscript/fileName/ARCoreXRDepthSubsystem.deprecated.cs: 9f24fee25a0b08179d7d1cb09e2e51f5 -> 
  custom:scripting/monoscript/fileName/DropdownSample.cs: 0a92251794e5f10400149f96c3c59e5d -> 
  custom:scripting/monoscript/fileName/ARCoreEnvironmentProbeSubsystem.cs: 1b868584605b2895b3934baf5f9f6033 -> 
  custom:scripting/monoscript/fileName/WarpTextExample.cs: 2663459c266363641981c7d17b698d7f -> 
  custom:CustomObjectIndexerAttribute: 9a22284fe3817be447336de3de66b15e -> 
  custom:scripting/monoscript/fileName/ARCoreBuildProcessor.cs: d9eab941277ca6504aeebd69836dd8b0 -> 
  custom:scripting/monoscript/fileName/ARCoreBeforeGetCameraConfigurationEventArgs.cs: 8e2a6fe308d51ad1f6b16c500dc5dfb3 -> 
  custom:scripting/monoscript/fileName/ARCorePlaneSubsystem.cs: d2278eda10dae0fc36c44eee439649a4 -> 
  custom:container-demuxer-webm: 4f35f7cbe854078d1ac9338744f61a02 -> 
  custom:scripting/monoscript/fileName/ARCoreSettingsProvider.cs: 79c816e2cf7b68babc51565d8a334acf -> 
  custom:scripting/monoscript/fileName/ARCoreRaycastSubsystem.cs: 4746ee3ed0cece0abfde776c634af447 -> 
  custom:scripting/monoscript/fileName/ARCoreFaceSubsystem.cs: c496ea8c93654d4c22c4220a77e9a21d -> 
  custom:scripting/monoscript/fileName/ChatController.cs: 876d5ccae6e345dd5d9450eb0a748f16 -> 
  custom:scripting/monoscript/fileName/ArCameraConfig.cs: 4a875ddea718888a33e0d31342770b8d -> 
  custom:scripting/monoscript/fileName/TextMeshSpawner.cs: 76f28e2ddb031571e6ec62b018f65fa8 -> 
  custom:scripting/monoscript/fileName/Java.cs: 23333680cb2e70ba8bbce74628d877c3 -> 
  custom:scripting/monoscript/fileName/TeleType.cs: 31fa97821c4c70f157ec81d507aa6b62 -> 
  custom:scripting/monoscript/fileName/ARCoreLoaderConstants.cs: 1ca2b374b9eebdabc880c6eec02abfbe -> 
  custom:scripting/monoscript/fileName/Benchmark04.cs: 32220b148620e52aa81c13a114862bf4 -> 
  custom:scripting/monoscript/fileName/RcoApi.cs: 1b7d1343bf82f11ff12a2ad830cbbf88 -> 
  custom:scripting/monoscript/fileName/ARCoreLoaderSettings.cs: 98d75423d90e6a85b8a5d383cd4fad48 -> 
  custom:scripting/monoscript/fileName/ArPrestoApi.cs: 102320236e333507f3c23510cf5fedf0 -> 
  custom:container-muxer-webm: aa71ff27fc2769a1b78a27578f13a17b -> 
  custom:scripting/monoscript/fileName/ArString.cs: a85954ac20e0c75f9dbcbebac19f7fbf -> 
  custom:video-decoder-webm-vp8: 9c59270c3fd7afecdb556c50c9e8de78 -> 
  custom:scripting/monoscript/fileName/NativeObject.cs: 1c83a6ff9bdb6f537b0ca273504b9cb1 -> 
  custom:scripting/monoscript/fileName/TMP_PhoneNumberValidator.cs: 7c3049f481e464c6a9a15dee56c3126f -> 
  custom:scripting/precompiled-assembly-types:Unity.XR.ARCore.Editor: 02c2db43342c23e4477f9d7b07b95cb5 -> 
  custom:scripting/monoscript/fileName/ARCoreBeforeSetConfigurationEventArgs.cs: 234cd91ed3cdf60645705e8837e7e78d -> 
  custom:scripting/monoscript/fileName/ARCoreCameraSubsystem.cs: 2cce9a0f290d5c7a0cb70e2a3b0af3ab -> 
  custom:SearchIndexIgnoredProperties: e643bd26f0fe6173181afceb89e7c659 -> 
  custom:AudioImporter_EditorPlatform: d09bf68614088b80899f8185d706f6e7 -> 
  custom:scripting/monoscript/fileName/EnvMapAnimator.cs: 1b4f61c17e4b7283c3ac351aacff9d26 -> 
  custom:scripting/monoscript/fileName/InputLayoutLoader.cs: 2980c1660657b98176f57e2070c5cb69 -> a6fad719a67e63b0838341df7c073961
  custom:scripting/monoscript/fileName/ShaderPropAnimator.cs: 55ce425812446482e623ff2695c94cb2 -> 
  custom:scripting/monoscript/fileName/ARCoreImageDatabase.cs: 7f7d7783973546d2000bf9aa32566b8f -> 
  custom:scripting/monoscript/fileName/SimpleScript.cs: 454caab0c6c050f29b39d82e1d66d0fa -> 
  custom:scripting/monoscript/fileName/ObjectSpin.cs: 2b96bb2079dd7fa5108d981627a28e1e -> 
  custom:scripting/monoscript/fileName/StringExtensions.cs: 6f6c226b1c73c5132416ef95ad867308 -> 0a3ecf20ea398b07067a97ad700896f0
  custom:scripting/monoscript/fileName/CameraController.cs: 34b6be4e23ce86dc89786916c5983296 -> 
  custom:scripting/monoscript/fileName/TMP_TextInfoDebugTool.cs: 3f1709cfb2cc628169113a35b5e9be3f -> 
  custom:scripting/monoscript/fileName/CorrectAns.cs: fdde4066277fc48c40275864fb35c645 -> 
  custom:scripting/monoscript/fileName/ARCoreSettings.cs: 40690c9c4969c061c980f80d35c3e6fb -> 
  custom:scripting/monoscript/fileName/ArRecordingStatus.cs: 1e851bf64f38781ab761ff7585b2fc01 -> 
  custom:scripting/monoscript/fileName/TMP_TextSelector_A.cs: 347309a09d56e367b188a6978f75b424 -> 
  custom:video-encoder-webm-vp8: eb34c28f22e8b96e1ab97ce403110664 -> 
  custom:scripting/monoscript/fileName/ARCoreProjectValidationRules.cs: eeb621f554a206cb3c7975cb72a27397 -> 
  custom:audio-decoder-ogg-vorbis: bf7c407c2cedff20999df2af8eb42d56 -> 
  custom:scripting/monoscript/fileName/VertexJitter.cs: d27eb5498e48714a66aece98da065133 -> 
  custom:scripting/monoscript/fileName/TextConsoleSimulator.cs: 33fc311abb20b5b0ed8f00e4d86b574e -> 
  custom:scripting/monoscript/fileName/VertexColorCycler.cs: 5f984ca91cf3609293aecc6bc5641572 -> 
  custom:scripting/monoscript/fileName/TMP_FrameRateCounter.cs: 46f655df8cb483ac5958307137b1585a -> 
  custom:scripting/monoscript/fileName/VertexShakeB.cs: a6f78c4fcda1a29a1a1c1baefedba9e7 -> 
  custom:scripting/monoscript/fileName/TMP_UiFrameRateCounter.cs: b01021aea19247f14a98ab338907956a -> 
  custom:scripting/monoscript/fileName/ArConfig.cs: 3fcec3d7584809d01b43e09f93c614f3 -> 
  custom:scripting/monoscript/fileName/SafeArea.cs: 5837f9ee308c1c81b303fe8b1b1a4dd3 -> 
  custom:scripting/precompiled-assembly-types:Unity.XR.ARCore: 905f88ea8a843a72f400d724a929b837 -> 
  custom:scripting/monoscript/fileName/ARCoreFaceRegionData.cs: c3e1f4c128987c270a2af588eecf348c -> 
  custom:scripting/monoscript/fileName/TMPro_InstructionOverlay.cs: b626d2270e6ebd5c4311585c18b58d8d -> 
  custom:scripting/monoscript/fileName/TMP_DigitValidator.cs: ac02af96215ae3951a3cce9e1a8c6085 -> 
  custom:audio-encoder-webm-vorbis: bf7c407c2cedff20999df2af8eb42d56 -> 
  custom:scripting/monoscript/fileName/Benchmark01_UGUI.cs: 6148cfe2627b7708298f301788144139 -> 
  custom:scripting/monoscript/fileName/ARCoreApi.cs: b7be0b56411f0cdcb6a1075249abb802 -> 
  custom:scripting/monoscript/fileName/ARCorePermissionManager.cs: 532f7d03090ae14ae9bbbd403c359df8 -> 
  custom:scripting/monoscript/fileName/ARCoreImageLibraryBuildProcessor.cs: 3f33f565654fcd80e4aa61a92c2169a1 -> 
  custom:scripting/monoscript/fileName/ARCoreCpuImageApi.cs: 7e0d7ea0378a04357bca45463bebfe57 -> 
  custom:scripting/precompiled-assembly-types:Assembly-CSharp: 04058eb4e059ecaaffaf628fbb8cc8b6 -> 89929ada5f43583ec1b7a1998853525c
  custom:scripting/monoscript/fileName/Benchmark03.cs: 17cc87e0529ac71d909a946afb47a274 -> 
========================================================================
Received Prepare
Caller must complete domain reload
Begin MonoManager ReloadAssembly
- Loaded All Assemblies, in  0.386 seconds
Native extension for WindowsStandalone target not found
Native extension for Android target not found
[Package Manager] Server::EnsureServerProcessIsRunning -- launch failed, reason: Unity was launched with the -noUpm command-line argument
[Package Manager] UpmClient::Send -- Unable to send message (not connected to UPM process).
[Package Manager] Cannot connect to Unity Package Manager local server
Mono: successfully reloaded assembly
[Package Manager] Server::EnsureServerProcessIsRunning -- launch failed, reason: Unity was launched with the -noUpm command-line argument
[Package Manager] UpmClient::Send -- Unable to send message (not connected to UPM process).
[Package Manager] Cannot connect to Unity Package Manager local server
- Finished resetting the current domain, in  0.806 seconds
Domain Reload Profiling: 1192ms
	BeginReloadAssembly (153ms)
		ExecutionOrderSort (0ms)
		DisableScriptedObjects (4ms)
		BackupInstance (0ms)
		ReleaseScriptingObjects (0ms)
		CreateAndSetChildDomain (28ms)
	RebuildCommonClasses (28ms)
	RebuildNativeTypeToScriptingClass (8ms)
	initialDomainReloadingComplete (19ms)
	LoadAllAssembliesAndSetupDomain (177ms)
		LoadAssemblies (252ms)
		RebuildTransferFunctionScriptingTraits (0ms)
		AnalyzeDomain (17ms)
			TypeCache.Refresh (6ms)
				TypeCache.ScanAssembly (0ms)
			ScanForSourceGeneratedMonoScriptInfo (0ms)
			ResolveRequiredComponents (9ms)
	FinalizeReload (806ms)
		ReleaseScriptCaches (0ms)
		RebuildScriptCaches (0ms)
		SetupLoadedEditorAssemblies (392ms)
			LogAssemblyErrors (0ms)
			InitializePlatformSupportModulesInManaged (11ms)
			SetLoadedEditorAssemblies (2ms)
			RefreshPlugins (0ms)
			BeforeProcessingInitializeOnLoad (46ms)
			ProcessInitializeOnLoadAttributes (293ms)
			ProcessInitializeOnLoadMethodAttributes (38ms)
			AfterProcessingInitializeOnLoad (1ms)
			EditorAssembliesLoaded (0ms)
		ExecutionOrderSort2 (0ms)
		AwakeInstancesAfterBackupRestoration (11ms)
Refreshing native plugins compatible for Editor in 5.13 ms, found 4 plugins.
Preloading 0 native plugins for Editor in 0.00 ms.
Unloading 4571 Unused Serialized files (Serialized files now loaded: 0)
Unloading 36 unused Assets / (2.0 MB). Loaded Objects now: 5134.
Memory consumption went from 161.6 MB to 159.6 MB.
Total: 3.969200 ms (FindLiveObjects: 0.261300 ms CreateObjectMapping: 0.131900 ms MarkObjects: 2.685300 ms  DeleteObjects: 0.889100 ms)

Prepare: number of updated asset objects reloaded= 0
AssetImportParameters requested are different than current active one (requested -> active):
  custom:scripting/monoscript/fileName/ArRecordingConfig.cs: dfdb22d280f26bff6727fe6f9c34f9d1 -> 
  custom:scripting/monoscript/fileName/ArCoreImg.cs: 284f8bc57305622727946cdceadb2cef -> 
  custom:scripting/monoscript/fileName/Cli.cs: f278fa05dc0a28f05b8e56cf7a587c31 -> d287e08b50f2cb135aa4d7f8e01b7ef9
  custom:scripting/monoscript/fileName/SkewTextExample.cs: c142d02d70a129e0533975f7c2f96956 -> 
  custom:container-demuxer-ogg: 62fdf1f143b41e24485cea50d1cbac27 -> 
  custom:scripting/monoscript/fileName/ARCoreAnchorSubsystem.cs: 8fd89380878aa630c35614c13d4b70e4 -> 
  custom:scripting/monoscript/fileName/TMP_TextEventHandler.cs: f5cd9d5a43bfefc8f4fec80e6de896a4 -> 
  custom:scripting/monoscript/fileName/ARCoreSessionSubsystem.cs: 0499cfac149f3ba6a8678a379c5077a0 -> 
  custom:scripting/monoscript/fileName/TextMeshProFloatingText.cs: 92608fa4a6315cd0786d82205e77b697 -> 
  custom:scripting/monoscript/fileName/ARCoreOcclusionSubsystem.cs: 2a111039ddadb09f587c28ae3f37fc2b -> 
  custom:scripting/monoscript/fileName/VertexZoom.cs: 650ab1e81d40126e3edcf737cce646e4 -> 
  custom:scripting/monoscript/fileName/ARCoreXRPointCloudSubsystem.cs: a817e9a702204b3fa3e30b3243847693 -> 
  custom:scripting/monoscript/fileName/Gradle.cs: f2ad869b521aeebb9f3c8c6665622b87 -> 
  custom:video-codec-MediaFoundation-h265: 746d11721c4dcdbdad8f713fa42b33f4 -> 
  custom:scripting/monoscript/fileName/ImageConversionJobs.cs: 5daa4e6aadb43a7b9057d64b0ba5d568 -> 
  custom:scripting/monoscript/fileName/VertexShakeA.cs: 63ec564c588058369499638dd899e05b -> 
  custom:scripting/monoscript/fileName/TMP_ExampleScript_01.cs: a9d4be556104ff54e7d240529b3e01dc -> 
  custom:video-decoder-ogg-theora: a1e56fd34408186e4bbccfd4996cb3dc -> 
  custom:scripting/monoscript/fileName/TMP_TextEventCheck.cs: 13505d917eab5868c435e0c2986dadfa -> 
  custom:scripting/monoscript/fileName/TMP_TextSelector_B.cs: ba2be21a7486d37b1011342977a2e49d -> 
  custom:scripting/monoscript/fileName/Benchmark01.cs: 2d3e2cd961730ab95f139a49a673bace -> 
  custom:scripting/monoscript/fileName/HashCodeUtil.cs: 3ac2012e517078f051611cc23e19a706 -> ee7a4f9a9650d3c7f74eced4bfed8831
  custom:framework-win-MediaFoundation: 216162199b28c13a410421893ffa2e32 -> 
  custom:scripting/monoscript/fileName/ArSession.cs: dc9c4d04514fe088f4acb3a600cfa61f -> 
  custom:scripting/monoscript/fileName/ArPlaybackStatus.cs: f77b11c84a00703de9d452d424518caa -> 
  custom:scripting/monoscript/fileName/ManagedReferenceImage.cs: 3f74dd150e48d66b5dd8288f3c3e1c34 -> 
  custom:scripting/monoscript/fileName/ARCoreImageTrackingSubsystem.cs: 39d814b8b12f50336c43db8ce6f8ee94 -> 
  custom:scripting/monoscript/fileName/ARCorePackageMetadata.cs: 1751e19b3bc5d304ce814e7f02fa6d47 -> 
  custom:scripting/monoscript/fileName/ARCorePromise.cs: 90647cc400823b41df847a6cbfc29026 -> 
  custom:scripting/monoscript/fileName/ArCameraConfigFilter.cs: b80d5ef788f451fa06963271e9d59efb -> 
  custom:scripting/monoscript/fileName/Benchmark02.cs: 5640963252ce70910e726415f869ced6 -> 
  custom:scripting/monoscript/fileName/NativeView.cs: 4afb79670cf27530a179f070ba3fe9aa -> 
  custom:scripting/monoscript/fileName/ARCoreLoader.cs: 2c650baba67f1e04bc070894acda684f -> 
  custom:scripting/monoscript/fileName/ARCoreXRDepthSubsystem.deprecated.cs: 9f24fee25a0b08179d7d1cb09e2e51f5 -> 
  custom:scripting/monoscript/fileName/DropdownSample.cs: 0a92251794e5f10400149f96c3c59e5d -> 
  custom:scripting/monoscript/fileName/ARCoreEnvironmentProbeSubsystem.cs: 1b868584605b2895b3934baf5f9f6033 -> 
  custom:scripting/monoscript/fileName/WarpTextExample.cs: 2663459c266363641981c7d17b698d7f -> 
  custom:CustomObjectIndexerAttribute: 9a22284fe3817be447336de3de66b15e -> 
  custom:scripting/monoscript/fileName/ARCoreBuildProcessor.cs: d9eab941277ca6504aeebd69836dd8b0 -> 
  custom:scripting/monoscript/fileName/ARCoreBeforeGetCameraConfigurationEventArgs.cs: 8e2a6fe308d51ad1f6b16c500dc5dfb3 -> 
  custom:scripting/monoscript/fileName/ARCorePlaneSubsystem.cs: d2278eda10dae0fc36c44eee439649a4 -> 
  custom:container-demuxer-webm: 4f35f7cbe854078d1ac9338744f61a02 -> 
  custom:scripting/monoscript/fileName/ARCoreSettingsProvider.cs: 79c816e2cf7b68babc51565d8a334acf -> 
  custom:scripting/monoscript/fileName/ARCoreRaycastSubsystem.cs: 4746ee3ed0cece0abfde776c634af447 -> 
  custom:scripting/monoscript/fileName/ARCoreFaceSubsystem.cs: c496ea8c93654d4c22c4220a77e9a21d -> 
  custom:scripting/monoscript/fileName/ChatController.cs: 876d5ccae6e345dd5d9450eb0a748f16 -> 
  custom:scripting/monoscript/fileName/ArCameraConfig.cs: 4a875ddea718888a33e0d31342770b8d -> 
  custom:scripting/monoscript/fileName/TextMeshSpawner.cs: 76f28e2ddb031571e6ec62b018f65fa8 -> 
  custom:scripting/monoscript/fileName/Java.cs: 23333680cb2e70ba8bbce74628d877c3 -> 
  custom:scripting/monoscript/fileName/TeleType.cs: 31fa97821c4c70f157ec81d507aa6b62 -> 
  custom:scripting/monoscript/fileName/ARCoreLoaderConstants.cs: 1ca2b374b9eebdabc880c6eec02abfbe -> 
  custom:scripting/monoscript/fileName/Benchmark04.cs: 32220b148620e52aa81c13a114862bf4 -> 
  custom:scripting/monoscript/fileName/RcoApi.cs: 1b7d1343bf82f11ff12a2ad830cbbf88 -> 
  custom:scripting/monoscript/fileName/ARCoreLoaderSettings.cs: 98d75423d90e6a85b8a5d383cd4fad48 -> 
  custom:scripting/monoscript/fileName/ArPrestoApi.cs: 102320236e333507f3c23510cf5fedf0 -> 
  custom:container-muxer-webm: aa71ff27fc2769a1b78a27578f13a17b -> 
  custom:scripting/monoscript/fileName/ArString.cs: a85954ac20e0c75f9dbcbebac19f7fbf -> 
  custom:video-decoder-webm-vp8: 9c59270c3fd7afecdb556c50c9e8de78 -> 
  custom:scripting/monoscript/fileName/NativeObject.cs: 1c83a6ff9bdb6f537b0ca273504b9cb1 -> 
  custom:scripting/monoscript/fileName/TMP_PhoneNumberValidator.cs: 7c3049f481e464c6a9a15dee56c3126f -> 
  custom:scripting/precompiled-assembly-types:Unity.XR.ARCore.Editor: 02c2db43342c23e4477f9d7b07b95cb5 -> 
  custom:scripting/monoscript/fileName/ARCoreBeforeSetConfigurationEventArgs.cs: 234cd91ed3cdf60645705e8837e7e78d -> 
  custom:scripting/monoscript/fileName/ARCoreCameraSubsystem.cs: 2cce9a0f290d5c7a0cb70e2a3b0af3ab -> 
  custom:SearchIndexIgnoredProperties: e643bd26f0fe6173181afceb89e7c659 -> 
  custom:AudioImporter_EditorPlatform: d09bf68614088b80899f8185d706f6e7 -> 
  custom:scripting/monoscript/fileName/EnvMapAnimator.cs: 1b4f61c17e4b7283c3ac351aacff9d26 -> 
  custom:scripting/monoscript/fileName/InputLayoutLoader.cs: 2980c1660657b98176f57e2070c5cb69 -> a6fad719a67e63b0838341df7c073961
  custom:scripting/monoscript/fileName/ShaderPropAnimator.cs: 55ce425812446482e623ff2695c94cb2 -> 
  custom:scripting/monoscript/fileName/ARCoreImageDatabase.cs: 7f7d7783973546d2000bf9aa32566b8f -> 
  custom:scripting/monoscript/fileName/SimpleScript.cs: 454caab0c6c050f29b39d82e1d66d0fa -> 
  custom:scripting/monoscript/fileName/ObjectSpin.cs: 2b96bb2079dd7fa5108d981627a28e1e -> 
  custom:scripting/monoscript/fileName/StringExtensions.cs: 6f6c226b1c73c5132416ef95ad867308 -> 0a3ecf20ea398b07067a97ad700896f0
  custom:scripting/monoscript/fileName/CameraController.cs: 34b6be4e23ce86dc89786916c5983296 -> 
  custom:scripting/monoscript/fileName/TMP_TextInfoDebugTool.cs: 3f1709cfb2cc628169113a35b5e9be3f -> 
  custom:scripting/monoscript/fileName/CorrectAns.cs: fdde4066277fc48c40275864fb35c645 -> 
  custom:scripting/monoscript/fileName/ARCoreSettings.cs: 40690c9c4969c061c980f80d35c3e6fb -> 
  custom:scripting/monoscript/fileName/ArRecordingStatus.cs: 1e851bf64f38781ab761ff7585b2fc01 -> 
  custom:scripting/monoscript/fileName/TMP_TextSelector_A.cs: 347309a09d56e367b188a6978f75b424 -> 
  custom:video-encoder-webm-vp8: eb34c28f22e8b96e1ab97ce403110664 -> 
  custom:scripting/monoscript/fileName/ARCoreProjectValidationRules.cs: eeb621f554a206cb3c7975cb72a27397 -> 
  custom:audio-decoder-ogg-vorbis: bf7c407c2cedff20999df2af8eb42d56 -> 
  custom:scripting/monoscript/fileName/VertexJitter.cs: d27eb5498e48714a66aece98da065133 -> 
  custom:scripting/monoscript/fileName/TextConsoleSimulator.cs: 33fc311abb20b5b0ed8f00e4d86b574e -> 
  custom:scripting/monoscript/fileName/VertexColorCycler.cs: 5f984ca91cf3609293aecc6bc5641572 -> 
  custom:scripting/monoscript/fileName/TMP_FrameRateCounter.cs: 46f655df8cb483ac5958307137b1585a -> 
  custom:scripting/monoscript/fileName/VertexShakeB.cs: a6f78c4fcda1a29a1a1c1baefedba9e7 -> 
  custom:scripting/monoscript/fileName/TMP_UiFrameRateCounter.cs: b01021aea19247f14a98ab338907956a -> 
  custom:scripting/monoscript/fileName/ArConfig.cs: 3fcec3d7584809d01b43e09f93c614f3 -> 
  custom:scripting/monoscript/fileName/SafeArea.cs: 5837f9ee308c1c81b303fe8b1b1a4dd3 -> 
  custom:scripting/precompiled-assembly-types:Unity.XR.ARCore: 905f88ea8a843a72f400d724a929b837 -> 
  custom:scripting/monoscript/fileName/ARCoreFaceRegionData.cs: c3e1f4c128987c270a2af588eecf348c -> 
  custom:scripting/monoscript/fileName/TMPro_InstructionOverlay.cs: b626d2270e6ebd5c4311585c18b58d8d -> 
  custom:scripting/monoscript/fileName/TMP_DigitValidator.cs: ac02af96215ae3951a3cce9e1a8c6085 -> 
  custom:audio-encoder-webm-vorbis: bf7c407c2cedff20999df2af8eb42d56 -> 
  custom:scripting/monoscript/fileName/Benchmark01_UGUI.cs: 6148cfe2627b7708298f301788144139 -> 
  custom:scripting/monoscript/fileName/ARCoreApi.cs: b7be0b56411f0cdcb6a1075249abb802 -> 
  custom:scripting/monoscript/fileName/ARCorePermissionManager.cs: 532f7d03090ae14ae9bbbd403c359df8 -> 
  custom:scripting/monoscript/fileName/ARCoreImageLibraryBuildProcessor.cs: 3f33f565654fcd80e4aa61a92c2169a1 -> 
  custom:scripting/monoscript/fileName/ARCoreCpuImageApi.cs: 7e0d7ea0378a04357bca45463bebfe57 -> 
  custom:scripting/precompiled-assembly-types:Assembly-CSharp: 04058eb4e059ecaaffaf628fbb8cc8b6 -> 89929ada5f43583ec1b7a1998853525c
  custom:scripting/monoscript/fileName/Benchmark03.cs: 17cc87e0529ac71d909a946afb47a274 -> 
========================================================================
Received Prepare
Caller must complete domain reload
Begin MonoManager ReloadAssembly
- Loaded All Assemblies, in  0.366 seconds
Native extension for WindowsStandalone target not found
Native extension for Android target not found
[Package Manager] Server::EnsureServerProcessIsRunning -- launch failed, reason: Unity was launched with the -noUpm command-line argument
[Package Manager] UpmClient::Send -- Unable to send message (not connected to UPM process).
[Package Manager] Cannot connect to Unity Package Manager local server
Mono: successfully reloaded assembly
[Package Manager] Server::EnsureServerProcessIsRunning -- launch failed, reason: Unity was launched with the -noUpm command-line argument
[Package Manager] UpmClient::Send -- Unable to send message (not connected to UPM process).
[Package Manager] Cannot connect to Unity Package Manager local server
- Finished resetting the current domain, in  0.765 seconds
Domain Reload Profiling: 1131ms
	BeginReloadAssembly (137ms)
		ExecutionOrderSort (0ms)
		DisableScriptedObjects (3ms)
		BackupInstance (0ms)
		ReleaseScriptingObjects (0ms)
		CreateAndSetChildDomain (27ms)
	RebuildCommonClasses (30ms)
	RebuildNativeTypeToScriptingClass (11ms)
	initialDomainReloadingComplete (21ms)
	LoadAllAssembliesAndSetupDomain (166ms)
		LoadAssemblies (231ms)
		RebuildTransferFunctionScriptingTraits (0ms)
		AnalyzeDomain (14ms)
			TypeCache.Refresh (5ms)
				TypeCache.ScanAssembly (0ms)
			ScanForSourceGeneratedMonoScriptInfo (0ms)
			ResolveRequiredComponents (7ms)
	FinalizeReload (765ms)
		ReleaseScriptCaches (0ms)
		RebuildScriptCaches (0ms)
		SetupLoadedEditorAssemblies (372ms)
			LogAssemblyErrors (0ms)
			InitializePlatformSupportModulesInManaged (11ms)
			SetLoadedEditorAssemblies (2ms)
			RefreshPlugins (0ms)
			BeforeProcessingInitializeOnLoad (52ms)
			ProcessInitializeOnLoadAttributes (265ms)
			ProcessInitializeOnLoadMethodAttributes (39ms)
			AfterProcessingInitializeOnLoad (2ms)
			EditorAssembliesLoaded (0ms)
		ExecutionOrderSort2 (0ms)
		AwakeInstancesAfterBackupRestoration (9ms)
Refreshing native plugins compatible for Editor in 6.87 ms, found 4 plugins.
Preloading 0 native plugins for Editor in 0.00 ms.
Unloading 4571 Unused Serialized files (Serialized files now loaded: 0)
Unloading 36 unused Assets / (1.9 MB). Loaded Objects now: 5138.
Memory consumption went from 161.5 MB to 159.6 MB.
Total: 4.165700 ms (FindLiveObjects: 0.263700 ms CreateObjectMapping: 0.132900 ms MarkObjects: 2.936800 ms  DeleteObjects: 0.831500 ms)

Prepare: number of updated asset objects reloaded= 0
AssetImportParameters requested are different than current active one (requested -> active):
  custom:scripting/monoscript/fileName/ArRecordingConfig.cs: dfdb22d280f26bff6727fe6f9c34f9d1 -> 
  custom:scripting/monoscript/fileName/ArCoreImg.cs: 284f8bc57305622727946cdceadb2cef -> 
  custom:scripting/monoscript/fileName/Cli.cs: f278fa05dc0a28f05b8e56cf7a587c31 -> d287e08b50f2cb135aa4d7f8e01b7ef9
  custom:scripting/monoscript/fileName/SkewTextExample.cs: c142d02d70a129e0533975f7c2f96956 -> 
  custom:container-demuxer-ogg: 62fdf1f143b41e24485cea50d1cbac27 -> 
  custom:scripting/monoscript/fileName/ARCoreAnchorSubsystem.cs: 8fd89380878aa630c35614c13d4b70e4 -> 
  custom:scripting/monoscript/fileName/TMP_TextEventHandler.cs: f5cd9d5a43bfefc8f4fec80e6de896a4 -> 
  custom:scripting/monoscript/fileName/ARCoreSessionSubsystem.cs: 0499cfac149f3ba6a8678a379c5077a0 -> 
  custom:scripting/monoscript/fileName/TextMeshProFloatingText.cs: 92608fa4a6315cd0786d82205e77b697 -> 
  custom:scripting/monoscript/fileName/ARCoreOcclusionSubsystem.cs: 2a111039ddadb09f587c28ae3f37fc2b -> 
  custom:scripting/monoscript/fileName/VertexZoom.cs: 650ab1e81d40126e3edcf737cce646e4 -> 
  custom:scripting/monoscript/fileName/ARCoreXRPointCloudSubsystem.cs: a817e9a702204b3fa3e30b3243847693 -> 
  custom:scripting/monoscript/fileName/Gradle.cs: f2ad869b521aeebb9f3c8c6665622b87 -> 
  custom:video-codec-MediaFoundation-h265: 746d11721c4dcdbdad8f713fa42b33f4 -> 
  custom:scripting/monoscript/fileName/ImageConversionJobs.cs: 5daa4e6aadb43a7b9057d64b0ba5d568 -> 
  custom:scripting/monoscript/fileName/VertexShakeA.cs: 63ec564c588058369499638dd899e05b -> 
  custom:scripting/monoscript/fileName/TMP_ExampleScript_01.cs: a9d4be556104ff54e7d240529b3e01dc -> 
  custom:video-decoder-ogg-theora: a1e56fd34408186e4bbccfd4996cb3dc -> 
  custom:scripting/monoscript/fileName/TMP_TextEventCheck.cs: 13505d917eab5868c435e0c2986dadfa -> 
  custom:scripting/monoscript/fileName/TMP_TextSelector_B.cs: ba2be21a7486d37b1011342977a2e49d -> 
  custom:scripting/monoscript/fileName/Benchmark01.cs: 2d3e2cd961730ab95f139a49a673bace -> 
  custom:scripting/monoscript/fileName/HashCodeUtil.cs: 3ac2012e517078f051611cc23e19a706 -> ee7a4f9a9650d3c7f74eced4bfed8831
  custom:framework-win-MediaFoundation: 216162199b28c13a410421893ffa2e32 -> 
  custom:scripting/monoscript/fileName/ArSession.cs: dc9c4d04514fe088f4acb3a600cfa61f -> 
  custom:scripting/monoscript/fileName/ArPlaybackStatus.cs: f77b11c84a00703de9d452d424518caa -> 
  custom:scripting/monoscript/fileName/ManagedReferenceImage.cs: 3f74dd150e48d66b5dd8288f3c3e1c34 -> 
  custom:scripting/monoscript/fileName/ARCoreImageTrackingSubsystem.cs: 39d814b8b12f50336c43db8ce6f8ee94 -> 
  custom:scripting/monoscript/fileName/ARCorePackageMetadata.cs: 1751e19b3bc5d304ce814e7f02fa6d47 -> 
  custom:scripting/monoscript/fileName/ARCorePromise.cs: 90647cc400823b41df847a6cbfc29026 -> 
  custom:scripting/monoscript/fileName/ArCameraConfigFilter.cs: b80d5ef788f451fa06963271e9d59efb -> 
  custom:scripting/monoscript/fileName/Benchmark02.cs: 5640963252ce70910e726415f869ced6 -> 
  custom:scripting/monoscript/fileName/NativeView.cs: 4afb79670cf27530a179f070ba3fe9aa -> 
  custom:scripting/monoscript/fileName/ARCoreLoader.cs: 2c650baba67f1e04bc070894acda684f -> 
  custom:scripting/monoscript/fileName/ARCoreXRDepthSubsystem.deprecated.cs: 9f24fee25a0b08179d7d1cb09e2e51f5 -> 
  custom:scripting/monoscript/fileName/DropdownSample.cs: 0a92251794e5f10400149f96c3c59e5d -> 
  custom:scripting/monoscript/fileName/ARCoreEnvironmentProbeSubsystem.cs: 1b868584605b2895b3934baf5f9f6033 -> 
  custom:scripting/monoscript/fileName/WarpTextExample.cs: 2663459c266363641981c7d17b698d7f -> 
  custom:CustomObjectIndexerAttribute: 9a22284fe3817be447336de3de66b15e -> 
  custom:scripting/monoscript/fileName/ARCoreBuildProcessor.cs: d9eab941277ca6504aeebd69836dd8b0 -> 
  custom:scripting/monoscript/fileName/ARCoreBeforeGetCameraConfigurationEventArgs.cs: 8e2a6fe308d51ad1f6b16c500dc5dfb3 -> 
  custom:scripting/monoscript/fileName/ARCorePlaneSubsystem.cs: d2278eda10dae0fc36c44eee439649a4 -> 
  custom:container-demuxer-webm: 4f35f7cbe854078d1ac9338744f61a02 -> 
  custom:scripting/monoscript/fileName/ARCoreSettingsProvider.cs: 79c816e2cf7b68babc51565d8a334acf -> 
  custom:scripting/monoscript/fileName/ARCoreRaycastSubsystem.cs: 4746ee3ed0cece0abfde776c634af447 -> 
  custom:scripting/monoscript/fileName/ARCoreFaceSubsystem.cs: c496ea8c93654d4c22c4220a77e9a21d -> 
  custom:scripting/monoscript/fileName/ChatController.cs: 876d5ccae6e345dd5d9450eb0a748f16 -> 
  custom:scripting/monoscript/fileName/ArCameraConfig.cs: 4a875ddea718888a33e0d31342770b8d -> 
  custom:scripting/monoscript/fileName/TextMeshSpawner.cs: 76f28e2ddb031571e6ec62b018f65fa8 -> 
  custom:scripting/monoscript/fileName/Java.cs: 23333680cb2e70ba8bbce74628d877c3 -> 
  custom:scripting/monoscript/fileName/TeleType.cs: 31fa97821c4c70f157ec81d507aa6b62 -> 
  custom:scripting/monoscript/fileName/ARCoreLoaderConstants.cs: 1ca2b374b9eebdabc880c6eec02abfbe -> 
  custom:scripting/monoscript/fileName/Benchmark04.cs: 32220b148620e52aa81c13a114862bf4 -> 
  custom:scripting/monoscript/fileName/RcoApi.cs: 1b7d1343bf82f11ff12a2ad830cbbf88 -> 
  custom:scripting/monoscript/fileName/ARCoreLoaderSettings.cs: 98d75423d90e6a85b8a5d383cd4fad48 -> 
  custom:scripting/monoscript/fileName/ArPrestoApi.cs: 102320236e333507f3c23510cf5fedf0 -> 
  custom:container-muxer-webm: aa71ff27fc2769a1b78a27578f13a17b -> 
  custom:scripting/monoscript/fileName/ArString.cs: a85954ac20e0c75f9dbcbebac19f7fbf -> 
  custom:video-decoder-webm-vp8: 9c59270c3fd7afecdb556c50c9e8de78 -> 
  custom:scripting/monoscript/fileName/NativeObject.cs: 1c83a6ff9bdb6f537b0ca273504b9cb1 -> 
  custom:scripting/monoscript/fileName/TMP_PhoneNumberValidator.cs: 7c3049f481e464c6a9a15dee56c3126f -> 
  custom:scripting/precompiled-assembly-types:Unity.XR.ARCore.Editor: 02c2db43342c23e4477f9d7b07b95cb5 -> 
  custom:scripting/monoscript/fileName/ARCoreBeforeSetConfigurationEventArgs.cs: 234cd91ed3cdf60645705e8837e7e78d -> 
  custom:scripting/monoscript/fileName/ARCoreCameraSubsystem.cs: 2cce9a0f290d5c7a0cb70e2a3b0af3ab -> 
  custom:SearchIndexIgnoredProperties: e643bd26f0fe6173181afceb89e7c659 -> 
  custom:AudioImporter_EditorPlatform: d09bf68614088b80899f8185d706f6e7 -> 
  custom:scripting/monoscript/fileName/EnvMapAnimator.cs: 1b4f61c17e4b7283c3ac351aacff9d26 -> 
  custom:scripting/monoscript/fileName/InputLayoutLoader.cs: 2980c1660657b98176f57e2070c5cb69 -> a6fad719a67e63b0838341df7c073961
  custom:scripting/monoscript/fileName/ShaderPropAnimator.cs: 55ce425812446482e623ff2695c94cb2 -> 
  custom:scripting/monoscript/fileName/ARCoreImageDatabase.cs: 7f7d7783973546d2000bf9aa32566b8f -> 
  custom:scripting/monoscript/fileName/SimpleScript.cs: 454caab0c6c050f29b39d82e1d66d0fa -> 
  custom:scripting/monoscript/fileName/ObjectSpin.cs: 2b96bb2079dd7fa5108d981627a28e1e -> 
  custom:scripting/monoscript/fileName/StringExtensions.cs: 6f6c226b1c73c5132416ef95ad867308 -> 0a3ecf20ea398b07067a97ad700896f0
  custom:scripting/monoscript/fileName/CameraController.cs: 34b6be4e23ce86dc89786916c5983296 -> 
  custom:scripting/monoscript/fileName/TMP_TextInfoDebugTool.cs: 3f1709cfb2cc628169113a35b5e9be3f -> 
  custom:scripting/monoscript/fileName/CorrectAns.cs: fdde4066277fc48c40275864fb35c645 -> 
  custom:scripting/monoscript/fileName/ARCoreSettings.cs: 40690c9c4969c061c980f80d35c3e6fb -> 
  custom:scripting/monoscript/fileName/ArRecordingStatus.cs: 1e851bf64f38781ab761ff7585b2fc01 -> 
  custom:scripting/monoscript/fileName/TMP_TextSelector_A.cs: 347309a09d56e367b188a6978f75b424 -> 
  custom:video-encoder-webm-vp8: eb34c28f22e8b96e1ab97ce403110664 -> 
  custom:scripting/monoscript/fileName/ARCoreProjectValidationRules.cs: eeb621f554a206cb3c7975cb72a27397 -> 
  custom:audio-decoder-ogg-vorbis: bf7c407c2cedff20999df2af8eb42d56 -> 
  custom:scripting/monoscript/fileName/VertexJitter.cs: d27eb5498e48714a66aece98da065133 -> 
  custom:scripting/monoscript/fileName/TextConsoleSimulator.cs: 33fc311abb20b5b0ed8f00e4d86b574e -> 
  custom:scripting/monoscript/fileName/VertexColorCycler.cs: 5f984ca91cf3609293aecc6bc5641572 -> 
  custom:scripting/monoscript/fileName/TMP_FrameRateCounter.cs: 46f655df8cb483ac5958307137b1585a -> 
  custom:scripting/monoscript/fileName/VertexShakeB.cs: a6f78c4fcda1a29a1a1c1baefedba9e7 -> 
  custom:scripting/monoscript/fileName/TMP_UiFrameRateCounter.cs: b01021aea19247f14a98ab338907956a -> 
  custom:scripting/monoscript/fileName/ArConfig.cs: 3fcec3d7584809d01b43e09f93c614f3 -> 
  custom:scripting/monoscript/fileName/SafeArea.cs: 5837f9ee308c1c81b303fe8b1b1a4dd3 -> 
  custom:scripting/precompiled-assembly-types:Unity.XR.ARCore: 905f88ea8a843a72f400d724a929b837 -> 
  custom:scripting/monoscript/fileName/ARCoreFaceRegionData.cs: c3e1f4c128987c270a2af588eecf348c -> 
  custom:scripting/monoscript/fileName/TMPro_InstructionOverlay.cs: b626d2270e6ebd5c4311585c18b58d8d -> 
  custom:scripting/monoscript/fileName/TMP_DigitValidator.cs: ac02af96215ae3951a3cce9e1a8c6085 -> 
  custom:audio-encoder-webm-vorbis: bf7c407c2cedff20999df2af8eb42d56 -> 
  custom:scripting/monoscript/fileName/Benchmark01_UGUI.cs: 6148cfe2627b7708298f301788144139 -> 
  custom:scripting/monoscript/fileName/ARCoreApi.cs: b7be0b56411f0cdcb6a1075249abb802 -> 
  custom:scripting/monoscript/fileName/ARCorePermissionManager.cs: 532f7d03090ae14ae9bbbd403c359df8 -> 
  custom:scripting/monoscript/fileName/ARCoreImageLibraryBuildProcessor.cs: 3f33f565654fcd80e4aa61a92c2169a1 -> 
  custom:scripting/monoscript/fileName/ARCoreCpuImageApi.cs: 7e0d7ea0378a04357bca45463bebfe57 -> 
  custom:scripting/precompiled-assembly-types:Assembly-CSharp: 04058eb4e059ecaaffaf628fbb8cc8b6 -> 89929ada5f43583ec1b7a1998853525c
  custom:scripting/monoscript/fileName/Benchmark03.cs: 17cc87e0529ac71d909a946afb47a274 -> 
========================================================================
Received Import Request.
  Time since last request: 1298.958141 seconds.
  path: Assets/Assets/UI Elements/Extras/Circle128/circlefill8px.png
  artifactKey: Guid(486a826db15e5774981eb30353a0d03b) Importer(815301076,1909f56bfc062723c751e8b465ee728b)
Start importing Assets/Assets/UI Elements/Extras/Circle128/circlefill8px.png using Guid(486a826db15e5774981eb30353a0d03b) Importer(815301076,1909f56bfc062723c751e8b465ee728b) [PhysX] Initialized MultithreadedTaskDispatcher with 20 workers.
[PhysX] Initialized MultithreadedTaskDispatcher with 20 workers.
 -> (artifact id: '30224cfdb7635f1be678501ea49e9e9d') in 0.058819 seconds
Number of updated asset objects reloaded before import = 0
Number of asset objects unloaded after import = 3
========================================================================
Received Import Request.
  Time since last request: 0.218910 seconds.
  path: Assets/Assets/UI Elements/Black/1x/home.png
  artifactKey: Guid(d861e95eb4bfdb34392459f13906828e) Importer(815301076,1909f56bfc062723c751e8b465ee728b)
Start importing Assets/Assets/UI Elements/Black/1x/home.png using Guid(d861e95eb4bfdb34392459f13906828e) Importer(815301076,1909f56bfc062723c751e8b465ee728b) [PhysX] Initialized MultithreadedTaskDispatcher with 20 workers.
[PhysX] Initialized MultithreadedTaskDispatcher with 20 workers.
 -> (artifact id: 'b5bf423c36c9ef444c3966da253fde94') in 0.018187 seconds
Number of updated asset objects reloaded before import = 0
Number of asset objects unloaded after import = 3
========================================================================
Received Import Request.
  Time since last request: 0.000021 seconds.
  path: Assets/Assets/UI Elements/White/2x/home.png
  artifactKey: Guid(135427c69ca9fd14c9a77c60701078cc) Importer(815301076,1909f56bfc062723c751e8b465ee728b)
Start importing Assets/Assets/UI Elements/White/2x/home.png using Guid(135427c69ca9fd14c9a77c60701078cc) Importer(815301076,1909f56bfc062723c751e8b465ee728b) [PhysX] Initialized MultithreadedTaskDispatcher with 20 workers.
[PhysX] Initialized MultithreadedTaskDispatcher with 20 workers.
 -> (artifact id: '0446b9dfa53639ace753ac694ff4f2e0') in 0.020790 seconds
Number of updated asset objects reloaded before import = 0
Number of asset objects unloaded after import = 3
========================================================================
Received Import Request.
  Time since last request: 0.036170 seconds.
  path: Assets/Assets/UI Elements/White/1x/info.png
  artifactKey: Guid(953e21da8e9ad1f4c9df15470e4856d2) Importer(815301076,1909f56bfc062723c751e8b465ee728b)
Start importing Assets/Assets/UI Elements/White/1x/info.png using Guid(953e21da8e9ad1f4c9df15470e4856d2) Importer(815301076,1909f56bfc062723c751e8b465ee728b) [PhysX] Initialized MultithreadedTaskDispatcher with 20 workers.
[PhysX] Initialized MultithreadedTaskDispatcher with 20 workers.
 -> (artifact id: '11c3c72304242bd661b25304eb3adb04') in 0.019148 seconds
Number of updated asset objects reloaded before import = 0
Number of asset objects unloaded after import = 3
========================================================================
Received Import Request.
  Time since last request: 0.000026 seconds.
  path: Assets/Assets/UI Elements/White/2x/leaderboard.png
  artifactKey: Guid(ea3538b6446538f43b03f79a5b78a947) Importer(815301076,1909f56bfc062723c751e8b465ee728b)
Start importing Assets/Assets/UI Elements/White/2x/leaderboard.png using Guid(ea3538b6446538f43b03f79a5b78a947) Importer(815301076,1909f56bfc062723c751e8b465ee728b) [PhysX] Initialized MultithreadedTaskDispatcher with 20 workers.
[PhysX] Initialized MultithreadedTaskDispatcher with 20 workers.
 -> (artifact id: 'ba9e506c2a15d9ff0943a5a1717aad5d') in 0.021134 seconds
Number of updated asset objects reloaded before import = 0
Number of asset objects unloaded after import = 3
========================================================================
Received Import Request.
  Time since last request: 16.543447 seconds.
  path: Assets/Assets/UI Elements/Black/2x/leaderboard.png
  artifactKey: Guid(c165f489665a4da4cb145a1b792e8288) Importer(815301076,1909f56bfc062723c751e8b465ee728b)
Start importing Assets/Assets/UI Elements/Black/2x/leaderboard.png using Guid(c165f489665a4da4cb145a1b792e8288) Importer(815301076,1909f56bfc062723c751e8b465ee728b) [PhysX] Initialized MultithreadedTaskDispatcher with 20 workers.
[PhysX] Initialized MultithreadedTaskDispatcher with 20 workers.
 -> (artifact id: 'bf1ec4e73a2582341995ad392724f55c') in 0.017108 seconds
Number of updated asset objects reloaded before import = 0
Number of asset objects unloaded after import = 3
========================================================================
Received Import Request.
  Time since last request: 0.000057 seconds.
  path: Assets/Assets/UI Elements/White/2x/left.png
  artifactKey: Guid(ebd50b12e871e0142afe371f911d8eb2) Importer(815301076,1909f56bfc062723c751e8b465ee728b)
Start importing Assets/Assets/UI Elements/White/2x/left.png using Guid(ebd50b12e871e0142afe371f911d8eb2) Importer(815301076,1909f56bfc062723c751e8b465ee728b) [PhysX] Initialized MultithreadedTaskDispatcher with 20 workers.
[PhysX] Initialized MultithreadedTaskDispatcher with 20 workers.
 -> (artifact id: 'd2f0dfc08d31343312df7bdd57229aaa') in 0.055065 seconds
Number of updated asset objects reloaded before import = 0
Number of asset objects unloaded after import = 3
========================================================================
Received Prepare
Caller must complete domain reload
Begin MonoManager ReloadAssembly
- Loaded All Assemblies, in  0.366 seconds
Native extension for WindowsStandalone target not found
Native extension for Android target not found
[Package Manager] Server::EnsureServerProcessIsRunning -- launch failed, reason: Unity was launched with the -noUpm command-line argument
[Package Manager] UpmClient::Send -- Unable to send message (not connected to UPM process).
[Package Manager] Cannot connect to Unity Package Manager local server
Mono: successfully reloaded assembly
[Package Manager] Server::EnsureServerProcessIsRunning -- launch failed, reason: Unity was launched with the -noUpm command-line argument
[Package Manager] UpmClient::Send -- Unable to send message (not connected to UPM process).
[Package Manager] Cannot connect to Unity Package Manager local server
- Finished resetting the current domain, in  0.782 seconds
Domain Reload Profiling: 1148ms
	BeginReloadAssembly (141ms)
		ExecutionOrderSort (0ms)
		DisableScriptedObjects (5ms)
		BackupInstance (0ms)
		ReleaseScriptingObjects (0ms)
		CreateAndSetChildDomain (28ms)
	RebuildCommonClasses (24ms)
	RebuildNativeTypeToScriptingClass (8ms)
	initialDomainReloadingComplete (18ms)
	LoadAllAssembliesAndSetupDomain (174ms)
		LoadAssemblies (240ms)
		RebuildTransferFunctionScriptingTraits (0ms)
		AnalyzeDomain (14ms)
			TypeCache.Refresh (5ms)
				TypeCache.ScanAssembly (0ms)
			ScanForSourceGeneratedMonoScriptInfo (0ms)
			ResolveRequiredComponents (6ms)
	FinalizeReload (782ms)
		ReleaseScriptCaches (0ms)
		RebuildScriptCaches (0ms)
		SetupLoadedEditorAssemblies (387ms)
			LogAssemblyErrors (0ms)
			InitializePlatformSupportModulesInManaged (11ms)
			SetLoadedEditorAssemblies (3ms)
			RefreshPlugins (0ms)
			BeforeProcessingInitializeOnLoad (50ms)
			ProcessInitializeOnLoadAttributes (280ms)
			ProcessInitializeOnLoadMethodAttributes (39ms)
			AfterProcessingInitializeOnLoad (2ms)
			EditorAssembliesLoaded (0ms)
		ExecutionOrderSort2 (0ms)
		AwakeInstancesAfterBackupRestoration (10ms)
Refreshing native plugins compatible for Editor in 5.36 ms, found 4 plugins.
Preloading 0 native plugins for Editor in 0.00 ms.
Unloading 4570 Unused Serialized files (Serialized files now loaded: 0)
Unloading 36 unused Assets / (1.9 MB). Loaded Objects now: 5151.
Memory consumption went from 161.3 MB to 159.4 MB.
Total: 4.141800 ms (FindLiveObjects: 0.260900 ms CreateObjectMapping: 0.130000 ms MarkObjects: 2.869000 ms  DeleteObjects: 0.881200 ms)

Prepare: number of updated asset objects reloaded= 0
AssetImportParameters requested are different than current active one (requested -> active):
  custom:scripting/monoscript/fileName/ArRecordingConfig.cs: dfdb22d280f26bff6727fe6f9c34f9d1 -> 
  custom:scripting/monoscript/fileName/ArCoreImg.cs: 284f8bc57305622727946cdceadb2cef -> 
  custom:scripting/monoscript/fileName/Cli.cs: f278fa05dc0a28f05b8e56cf7a587c31 -> d287e08b50f2cb135aa4d7f8e01b7ef9
  custom:scripting/monoscript/fileName/SkewTextExample.cs: c142d02d70a129e0533975f7c2f96956 -> 
  custom:container-demuxer-ogg: 62fdf1f143b41e24485cea50d1cbac27 -> 
  custom:scripting/monoscript/fileName/ARCoreAnchorSubsystem.cs: 8fd89380878aa630c35614c13d4b70e4 -> 
  custom:scripting/monoscript/fileName/TMP_TextEventHandler.cs: f5cd9d5a43bfefc8f4fec80e6de896a4 -> 
  custom:scripting/monoscript/fileName/ARCoreSessionSubsystem.cs: 0499cfac149f3ba6a8678a379c5077a0 -> 
  custom:scripting/monoscript/fileName/TextMeshProFloatingText.cs: 92608fa4a6315cd0786d82205e77b697 -> 
  custom:scripting/monoscript/fileName/ARCoreOcclusionSubsystem.cs: 2a111039ddadb09f587c28ae3f37fc2b -> 
  custom:scripting/monoscript/fileName/VertexZoom.cs: 650ab1e81d40126e3edcf737cce646e4 -> 
  custom:scripting/monoscript/fileName/ARCoreXRPointCloudSubsystem.cs: a817e9a702204b3fa3e30b3243847693 -> 
  custom:scripting/monoscript/fileName/Gradle.cs: f2ad869b521aeebb9f3c8c6665622b87 -> 
  custom:video-codec-MediaFoundation-h265: 746d11721c4dcdbdad8f713fa42b33f4 -> 
  custom:scripting/monoscript/fileName/ImageConversionJobs.cs: 5daa4e6aadb43a7b9057d64b0ba5d568 -> 
  custom:scripting/monoscript/fileName/VertexShakeA.cs: 63ec564c588058369499638dd899e05b -> 
  custom:scripting/monoscript/fileName/TMP_ExampleScript_01.cs: a9d4be556104ff54e7d240529b3e01dc -> 
  custom:video-decoder-ogg-theora: a1e56fd34408186e4bbccfd4996cb3dc -> 
  custom:scripting/monoscript/fileName/TMP_TextEventCheck.cs: 13505d917eab5868c435e0c2986dadfa -> 
  custom:scripting/monoscript/fileName/TMP_TextSelector_B.cs: ba2be21a7486d37b1011342977a2e49d -> 
  custom:scripting/monoscript/fileName/Benchmark01.cs: 2d3e2cd961730ab95f139a49a673bace -> 
  custom:scripting/monoscript/fileName/HashCodeUtil.cs: 3ac2012e517078f051611cc23e19a706 -> ee7a4f9a9650d3c7f74eced4bfed8831
  custom:framework-win-MediaFoundation: 216162199b28c13a410421893ffa2e32 -> 
  custom:scripting/monoscript/fileName/ArSession.cs: dc9c4d04514fe088f4acb3a600cfa61f -> 
  custom:scripting/monoscript/fileName/ArPlaybackStatus.cs: f77b11c84a00703de9d452d424518caa -> 
  custom:scripting/monoscript/fileName/ManagedReferenceImage.cs: 3f74dd150e48d66b5dd8288f3c3e1c34 -> 
  custom:scripting/monoscript/fileName/ARCoreImageTrackingSubsystem.cs: 39d814b8b12f50336c43db8ce6f8ee94 -> 
  custom:scripting/monoscript/fileName/ARCorePackageMetadata.cs: 1751e19b3bc5d304ce814e7f02fa6d47 -> 
  custom:scripting/monoscript/fileName/ARCorePromise.cs: 90647cc400823b41df847a6cbfc29026 -> 
  custom:scripting/monoscript/fileName/ArCameraConfigFilter.cs: b80d5ef788f451fa06963271e9d59efb -> 
  custom:scripting/monoscript/fileName/Benchmark02.cs: 5640963252ce70910e726415f869ced6 -> 
  custom:scripting/monoscript/fileName/NativeView.cs: 4afb79670cf27530a179f070ba3fe9aa -> 
  custom:scripting/monoscript/fileName/ARCoreLoader.cs: 2c650baba67f1e04bc070894acda684f -> 
  custom:scripting/monoscript/fileName/ARCoreXRDepthSubsystem.deprecated.cs: 9f24fee25a0b08179d7d1cb09e2e51f5 -> 
  custom:scripting/monoscript/fileName/DropdownSample.cs: 0a92251794e5f10400149f96c3c59e5d -> 
  custom:scripting/monoscript/fileName/ARCoreEnvironmentProbeSubsystem.cs: 1b868584605b2895b3934baf5f9f6033 -> 
  custom:scripting/monoscript/fileName/WarpTextExample.cs: 2663459c266363641981c7d17b698d7f -> 
  custom:CustomObjectIndexerAttribute: 9a22284fe3817be447336de3de66b15e -> 
  custom:scripting/monoscript/fileName/ARCoreBuildProcessor.cs: d9eab941277ca6504aeebd69836dd8b0 -> 
  custom:scripting/monoscript/fileName/ARCoreBeforeGetCameraConfigurationEventArgs.cs: 8e2a6fe308d51ad1f6b16c500dc5dfb3 -> 
  custom:scripting/monoscript/fileName/ARCorePlaneSubsystem.cs: d2278eda10dae0fc36c44eee439649a4 -> 
  custom:container-demuxer-webm: 4f35f7cbe854078d1ac9338744f61a02 -> 
  custom:scripting/monoscript/fileName/ARCoreSettingsProvider.cs: 79c816e2cf7b68babc51565d8a334acf -> 
  custom:scripting/monoscript/fileName/ARCoreRaycastSubsystem.cs: 4746ee3ed0cece0abfde776c634af447 -> 
  custom:scripting/monoscript/fileName/ARCoreFaceSubsystem.cs: c496ea8c93654d4c22c4220a77e9a21d -> 
  custom:scripting/monoscript/fileName/ChatController.cs: 876d5ccae6e345dd5d9450eb0a748f16 -> 
  custom:scripting/monoscript/fileName/ArCameraConfig.cs: 4a875ddea718888a33e0d31342770b8d -> 
  custom:scripting/monoscript/fileName/TextMeshSpawner.cs: 76f28e2ddb031571e6ec62b018f65fa8 -> 
  custom:scripting/monoscript/fileName/Java.cs: 23333680cb2e70ba8bbce74628d877c3 -> 
  custom:scripting/monoscript/fileName/TeleType.cs: 31fa97821c4c70f157ec81d507aa6b62 -> 
  custom:scripting/monoscript/fileName/ARCoreLoaderConstants.cs: 1ca2b374b9eebdabc880c6eec02abfbe -> 
  custom:scripting/monoscript/fileName/Benchmark04.cs: 32220b148620e52aa81c13a114862bf4 -> 
  custom:scripting/monoscript/fileName/RcoApi.cs: 1b7d1343bf82f11ff12a2ad830cbbf88 -> 
  custom:scripting/monoscript/fileName/ARCoreLoaderSettings.cs: 98d75423d90e6a85b8a5d383cd4fad48 -> 
  custom:scripting/monoscript/fileName/ArPrestoApi.cs: 102320236e333507f3c23510cf5fedf0 -> 
  custom:container-muxer-webm: aa71ff27fc2769a1b78a27578f13a17b -> 
  custom:scripting/monoscript/fileName/ArString.cs: a85954ac20e0c75f9dbcbebac19f7fbf -> 
  custom:video-decoder-webm-vp8: 9c59270c3fd7afecdb556c50c9e8de78 -> 
  custom:scripting/monoscript/fileName/NativeObject.cs: 1c83a6ff9bdb6f537b0ca273504b9cb1 -> 
  custom:scripting/monoscript/fileName/TMP_PhoneNumberValidator.cs: 7c3049f481e464c6a9a15dee56c3126f -> 
  custom:scripting/precompiled-assembly-types:Unity.XR.ARCore.Editor: 02c2db43342c23e4477f9d7b07b95cb5 -> 
  custom:scripting/monoscript/fileName/ARCoreBeforeSetConfigurationEventArgs.cs: 234cd91ed3cdf60645705e8837e7e78d -> 
  custom:scripting/monoscript/fileName/ARCoreCameraSubsystem.cs: 2cce9a0f290d5c7a0cb70e2a3b0af3ab -> 
  custom:SearchIndexIgnoredProperties: e643bd26f0fe6173181afceb89e7c659 -> 
  custom:AudioImporter_EditorPlatform: d09bf68614088b80899f8185d706f6e7 -> 
  custom:scripting/monoscript/fileName/EnvMapAnimator.cs: 1b4f61c17e4b7283c3ac351aacff9d26 -> 
  custom:scripting/monoscript/fileName/InputLayoutLoader.cs: 2980c1660657b98176f57e2070c5cb69 -> a6fad719a67e63b0838341df7c073961
  custom:scripting/monoscript/fileName/ShaderPropAnimator.cs: 55ce425812446482e623ff2695c94cb2 -> 
  custom:scripting/monoscript/fileName/ARCoreImageDatabase.cs: 7f7d7783973546d2000bf9aa32566b8f -> 
  custom:scripting/monoscript/fileName/SimpleScript.cs: 454caab0c6c050f29b39d82e1d66d0fa -> 
  custom:scripting/monoscript/fileName/ObjectSpin.cs: 2b96bb2079dd7fa5108d981627a28e1e -> 
  custom:scripting/monoscript/fileName/StringExtensions.cs: 6f6c226b1c73c5132416ef95ad867308 -> 0a3ecf20ea398b07067a97ad700896f0
  custom:scripting/monoscript/fileName/CameraController.cs: 34b6be4e23ce86dc89786916c5983296 -> 
  custom:scripting/monoscript/fileName/TMP_TextInfoDebugTool.cs: 3f1709cfb2cc628169113a35b5e9be3f -> 
  custom:scripting/monoscript/fileName/CorrectAns.cs: fdde4066277fc48c40275864fb35c645 -> 
  custom:scripting/monoscript/fileName/ARCoreSettings.cs: 40690c9c4969c061c980f80d35c3e6fb -> 
  custom:scripting/monoscript/fileName/ArRecordingStatus.cs: 1e851bf64f38781ab761ff7585b2fc01 -> 
  custom:scripting/monoscript/fileName/TMP_TextSelector_A.cs: 347309a09d56e367b188a6978f75b424 -> 
  custom:video-encoder-webm-vp8: eb34c28f22e8b96e1ab97ce403110664 -> 
  custom:scripting/monoscript/fileName/ARCoreProjectValidationRules.cs: eeb621f554a206cb3c7975cb72a27397 -> 
  custom:audio-decoder-ogg-vorbis: bf7c407c2cedff20999df2af8eb42d56 -> 
  custom:scripting/monoscript/fileName/VertexJitter.cs: d27eb5498e48714a66aece98da065133 -> 
  custom:scripting/monoscript/fileName/TextConsoleSimulator.cs: 33fc311abb20b5b0ed8f00e4d86b574e -> 
  custom:scripting/monoscript/fileName/VertexColorCycler.cs: 5f984ca91cf3609293aecc6bc5641572 -> 
  custom:scripting/monoscript/fileName/TMP_FrameRateCounter.cs: 46f655df8cb483ac5958307137b1585a -> 
  custom:scripting/monoscript/fileName/VertexShakeB.cs: a6f78c4fcda1a29a1a1c1baefedba9e7 -> 
  custom:scripting/monoscript/fileName/TMP_UiFrameRateCounter.cs: b01021aea19247f14a98ab338907956a -> 
  custom:scripting/monoscript/fileName/ArConfig.cs: 3fcec3d7584809d01b43e09f93c614f3 -> 
  custom:scripting/monoscript/fileName/SafeArea.cs: 5837f9ee308c1c81b303fe8b1b1a4dd3 -> 
  custom:scripting/precompiled-assembly-types:Unity.XR.ARCore: 905f88ea8a843a72f400d724a929b837 -> 
  custom:scripting/monoscript/fileName/ARCoreFaceRegionData.cs: c3e1f4c128987c270a2af588eecf348c -> 
  custom:scripting/monoscript/fileName/TMPro_InstructionOverlay.cs: b626d2270e6ebd5c4311585c18b58d8d -> 
  custom:scripting/monoscript/fileName/TMP_DigitValidator.cs: ac02af96215ae3951a3cce9e1a8c6085 -> 
  custom:audio-encoder-webm-vorbis: bf7c407c2cedff20999df2af8eb42d56 -> 
  custom:scripting/monoscript/fileName/Benchmark01_UGUI.cs: 6148cfe2627b7708298f301788144139 -> 
  custom:scripting/monoscript/fileName/ARCoreApi.cs: b7be0b56411f0cdcb6a1075249abb802 -> 
  custom:scripting/monoscript/fileName/ARCorePermissionManager.cs: 532f7d03090ae14ae9bbbd403c359df8 -> 
  custom:scripting/monoscript/fileName/ARCoreImageLibraryBuildProcessor.cs: 3f33f565654fcd80e4aa61a92c2169a1 -> 
  custom:scripting/monoscript/fileName/ARCoreCpuImageApi.cs: 7e0d7ea0378a04357bca45463bebfe57 -> 
  custom:scripting/precompiled-assembly-types:Assembly-CSharp: 04058eb4e059ecaaffaf628fbb8cc8b6 -> 89929ada5f43583ec1b7a1998853525c
  custom:scripting/monoscript/fileName/Benchmark03.cs: 17cc87e0529ac71d909a946afb47a274 -> 
========================================================================
Received Prepare
Caller must complete domain reload
Begin MonoManager ReloadAssembly
- Loaded All Assemblies, in  0.378 seconds
Native extension for WindowsStandalone target not found
Native extension for Android target not found
[Package Manager] Server::EnsureServerProcessIsRunning -- launch failed, reason: Unity was launched with the -noUpm command-line argument
[Package Manager] UpmClient::Send -- Unable to send message (not connected to UPM process).
[Package Manager] Cannot connect to Unity Package Manager local server
Mono: successfully reloaded assembly
[Package Manager] Server::EnsureServerProcessIsRunning -- launch failed, reason: Unity was launched with the -noUpm command-line argument
[Package Manager] UpmClient::Send -- Unable to send message (not connected to UPM process).
[Package Manager] Cannot connect to Unity Package Manager local server
- Finished resetting the current domain, in  0.851 seconds
Domain Reload Profiling: 1229ms
	BeginReloadAssembly (145ms)
		ExecutionOrderSort (0ms)
		DisableScriptedObjects (3ms)
		BackupInstance (0ms)
		ReleaseScriptingObjects (0ms)
		CreateAndSetChildDomain (29ms)
	RebuildCommonClasses (25ms)
	RebuildNativeTypeToScriptingClass (8ms)
	initialDomainReloadingComplete (18ms)
	LoadAllAssembliesAndSetupDomain (182ms)
		LoadAssemblies (253ms)
		RebuildTransferFunctionScriptingTraits (0ms)
		AnalyzeDomain (15ms)
			TypeCache.Refresh (6ms)
				TypeCache.ScanAssembly (0ms)
			ScanForSourceGeneratedMonoScriptInfo (0ms)
			ResolveRequiredComponents (8ms)
	FinalizeReload (852ms)
		ReleaseScriptCaches (0ms)
		RebuildScriptCaches (0ms)
		SetupLoadedEditorAssemblies (442ms)
			LogAssemblyErrors (0ms)
			InitializePlatformSupportModulesInManaged (12ms)
			SetLoadedEditorAssemblies (3ms)
			RefreshPlugins (0ms)
			BeforeProcessingInitializeOnLoad (57ms)
			ProcessInitializeOnLoadAttributes (327ms)
			ProcessInitializeOnLoadMethodAttributes (41ms)
			AfterProcessingInitializeOnLoad (2ms)
			EditorAssembliesLoaded (0ms)
		ExecutionOrderSort2 (0ms)
		AwakeInstancesAfterBackupRestoration (9ms)
Refreshing native plugins compatible for Editor in 5.81 ms, found 4 plugins.
Preloading 0 native plugins for Editor in 0.00 ms.
Unloading 4571 Unused Serialized files (Serialized files now loaded: 0)
Unloading 36 unused Assets / (1.9 MB). Loaded Objects now: 5155.
Memory consumption went from 161.5 MB to 159.6 MB.
Total: 4.013300 ms (FindLiveObjects: 0.257400 ms CreateObjectMapping: 0.136700 ms MarkObjects: 2.838500 ms  DeleteObjects: 0.779500 ms)

Prepare: number of updated asset objects reloaded= 0
AssetImportParameters requested are different than current active one (requested -> active):
  custom:scripting/monoscript/fileName/ArRecordingConfig.cs: dfdb22d280f26bff6727fe6f9c34f9d1 -> 
  custom:scripting/monoscript/fileName/ArCoreImg.cs: 284f8bc57305622727946cdceadb2cef -> 
  custom:scripting/monoscript/fileName/Cli.cs: f278fa05dc0a28f05b8e56cf7a587c31 -> d287e08b50f2cb135aa4d7f8e01b7ef9
  custom:scripting/monoscript/fileName/SkewTextExample.cs: c142d02d70a129e0533975f7c2f96956 -> 
  custom:container-demuxer-ogg: 62fdf1f143b41e24485cea50d1cbac27 -> 
  custom:scripting/monoscript/fileName/ARCoreAnchorSubsystem.cs: 8fd89380878aa630c35614c13d4b70e4 -> 
  custom:scripting/monoscript/fileName/TMP_TextEventHandler.cs: f5cd9d5a43bfefc8f4fec80e6de896a4 -> 
  custom:scripting/monoscript/fileName/ARCoreSessionSubsystem.cs: 0499cfac149f3ba6a8678a379c5077a0 -> 
  custom:scripting/monoscript/fileName/TextMeshProFloatingText.cs: 92608fa4a6315cd0786d82205e77b697 -> 
  custom:scripting/monoscript/fileName/ARCoreOcclusionSubsystem.cs: 2a111039ddadb09f587c28ae3f37fc2b -> 
  custom:scripting/monoscript/fileName/VertexZoom.cs: 650ab1e81d40126e3edcf737cce646e4 -> 
  custom:scripting/monoscript/fileName/ARCoreXRPointCloudSubsystem.cs: a817e9a702204b3fa3e30b3243847693 -> 
  custom:scripting/monoscript/fileName/Gradle.cs: f2ad869b521aeebb9f3c8c6665622b87 -> 
  custom:video-codec-MediaFoundation-h265: 746d11721c4dcdbdad8f713fa42b33f4 -> 
  custom:scripting/monoscript/fileName/ImageConversionJobs.cs: 5daa4e6aadb43a7b9057d64b0ba5d568 -> 
  custom:scripting/monoscript/fileName/VertexShakeA.cs: 63ec564c588058369499638dd899e05b -> 
  custom:scripting/monoscript/fileName/TMP_ExampleScript_01.cs: a9d4be556104ff54e7d240529b3e01dc -> 
  custom:video-decoder-ogg-theora: a1e56fd34408186e4bbccfd4996cb3dc -> 
  custom:scripting/monoscript/fileName/TMP_TextEventCheck.cs: 13505d917eab5868c435e0c2986dadfa -> 
  custom:scripting/monoscript/fileName/TMP_TextSelector_B.cs: ba2be21a7486d37b1011342977a2e49d -> 
  custom:scripting/monoscript/fileName/Benchmark01.cs: 2d3e2cd961730ab95f139a49a673bace -> 
  custom:scripting/monoscript/fileName/HashCodeUtil.cs: 3ac2012e517078f051611cc23e19a706 -> ee7a4f9a9650d3c7f74eced4bfed8831
  custom:framework-win-MediaFoundation: 216162199b28c13a410421893ffa2e32 -> 
  custom:scripting/monoscript/fileName/ArSession.cs: dc9c4d04514fe088f4acb3a600cfa61f -> 
  custom:scripting/monoscript/fileName/ArPlaybackStatus.cs: f77b11c84a00703de9d452d424518caa -> 
  custom:scripting/monoscript/fileName/ManagedReferenceImage.cs: 3f74dd150e48d66b5dd8288f3c3e1c34 -> 
  custom:scripting/monoscript/fileName/ARCoreImageTrackingSubsystem.cs: 39d814b8b12f50336c43db8ce6f8ee94 -> 
  custom:scripting/monoscript/fileName/ARCorePackageMetadata.cs: 1751e19b3bc5d304ce814e7f02fa6d47 -> 
  custom:scripting/monoscript/fileName/ARCorePromise.cs: 90647cc400823b41df847a6cbfc29026 -> 
  custom:scripting/monoscript/fileName/ArCameraConfigFilter.cs: b80d5ef788f451fa06963271e9d59efb -> 
  custom:scripting/monoscript/fileName/Benchmark02.cs: 5640963252ce70910e726415f869ced6 -> 
  custom:scripting/monoscript/fileName/NativeView.cs: 4afb79670cf27530a179f070ba3fe9aa -> 
  custom:scripting/monoscript/fileName/ARCoreLoader.cs: 2c650baba67f1e04bc070894acda684f -> 
  custom:scripting/monoscript/fileName/ARCoreXRDepthSubsystem.deprecated.cs: 9f24fee25a0b08179d7d1cb09e2e51f5 -> 
  custom:scripting/monoscript/fileName/DropdownSample.cs: 0a92251794e5f10400149f96c3c59e5d -> 
  custom:scripting/monoscript/fileName/ARCoreEnvironmentProbeSubsystem.cs: 1b868584605b2895b3934baf5f9f6033 -> 
  custom:scripting/monoscript/fileName/WarpTextExample.cs: 2663459c266363641981c7d17b698d7f -> 
  custom:CustomObjectIndexerAttribute: 9a22284fe3817be447336de3de66b15e -> 
  custom:scripting/monoscript/fileName/ARCoreBuildProcessor.cs: d9eab941277ca6504aeebd69836dd8b0 -> 
  custom:scripting/monoscript/fileName/ARCoreBeforeGetCameraConfigurationEventArgs.cs: 8e2a6fe308d51ad1f6b16c500dc5dfb3 -> 
  custom:scripting/monoscript/fileName/ARCorePlaneSubsystem.cs: d2278eda10dae0fc36c44eee439649a4 -> 
  custom:container-demuxer-webm: 4f35f7cbe854078d1ac9338744f61a02 -> 
  custom:scripting/monoscript/fileName/ARCoreSettingsProvider.cs: 79c816e2cf7b68babc51565d8a334acf -> 
  custom:scripting/monoscript/fileName/ARCoreRaycastSubsystem.cs: 4746ee3ed0cece0abfde776c634af447 -> 
  custom:scripting/monoscript/fileName/ARCoreFaceSubsystem.cs: c496ea8c93654d4c22c4220a77e9a21d -> 
  custom:scripting/monoscript/fileName/ChatController.cs: 876d5ccae6e345dd5d9450eb0a748f16 -> 
  custom:scripting/monoscript/fileName/ArCameraConfig.cs: 4a875ddea718888a33e0d31342770b8d -> 
  custom:scripting/monoscript/fileName/TextMeshSpawner.cs: 76f28e2ddb031571e6ec62b018f65fa8 -> 
  custom:scripting/monoscript/fileName/Java.cs: 23333680cb2e70ba8bbce74628d877c3 -> 
  custom:scripting/monoscript/fileName/TeleType.cs: 31fa97821c4c70f157ec81d507aa6b62 -> 
  custom:scripting/monoscript/fileName/ARCoreLoaderConstants.cs: 1ca2b374b9eebdabc880c6eec02abfbe -> 
  custom:scripting/monoscript/fileName/Benchmark04.cs: 32220b148620e52aa81c13a114862bf4 -> 
  custom:scripting/monoscript/fileName/RcoApi.cs: 1b7d1343bf82f11ff12a2ad830cbbf88 -> 
  custom:scripting/monoscript/fileName/ARCoreLoaderSettings.cs: 98d75423d90e6a85b8a5d383cd4fad48 -> 
  custom:scripting/monoscript/fileName/ArPrestoApi.cs: 102320236e333507f3c23510cf5fedf0 -> 
  custom:container-muxer-webm: aa71ff27fc2769a1b78a27578f13a17b -> 
  custom:scripting/monoscript/fileName/ArString.cs: a85954ac20e0c75f9dbcbebac19f7fbf -> 
  custom:video-decoder-webm-vp8: 9c59270c3fd7afecdb556c50c9e8de78 -> 
  custom:scripting/monoscript/fileName/NativeObject.cs: 1c83a6ff9bdb6f537b0ca273504b9cb1 -> 
  custom:scripting/monoscript/fileName/TMP_PhoneNumberValidator.cs: 7c3049f481e464c6a9a15dee56c3126f -> 
  custom:scripting/precompiled-assembly-types:Unity.XR.ARCore.Editor: 02c2db43342c23e4477f9d7b07b95cb5 -> 
  custom:scripting/monoscript/fileName/ARCoreBeforeSetConfigurationEventArgs.cs: 234cd91ed3cdf60645705e8837e7e78d -> 
  custom:scripting/monoscript/fileName/ARCoreCameraSubsystem.cs: 2cce9a0f290d5c7a0cb70e2a3b0af3ab -> 
  custom:SearchIndexIgnoredProperties: e643bd26f0fe6173181afceb89e7c659 -> 
  custom:AudioImporter_EditorPlatform: d09bf68614088b80899f8185d706f6e7 -> 
  custom:scripting/monoscript/fileName/EnvMapAnimator.cs: 1b4f61c17e4b7283c3ac351aacff9d26 -> 
  custom:scripting/monoscript/fileName/InputLayoutLoader.cs: 2980c1660657b98176f57e2070c5cb69 -> a6fad719a67e63b0838341df7c073961
  custom:scripting/monoscript/fileName/ShaderPropAnimator.cs: 55ce425812446482e623ff2695c94cb2 -> 
  custom:scripting/monoscript/fileName/ARCoreImageDatabase.cs: 7f7d7783973546d2000bf9aa32566b8f -> 
  custom:scripting/monoscript/fileName/SimpleScript.cs: 454caab0c6c050f29b39d82e1d66d0fa -> 
  custom:scripting/monoscript/fileName/ObjectSpin.cs: 2b96bb2079dd7fa5108d981627a28e1e -> 
  custom:scripting/monoscript/fileName/StringExtensions.cs: 6f6c226b1c73c5132416ef95ad867308 -> 0a3ecf20ea398b07067a97ad700896f0
  custom:scripting/monoscript/fileName/CameraController.cs: 34b6be4e23ce86dc89786916c5983296 -> 
  custom:scripting/monoscript/fileName/TMP_TextInfoDebugTool.cs: 3f1709cfb2cc628169113a35b5e9be3f -> 
  custom:scripting/monoscript/fileName/CorrectAns.cs: fdde4066277fc48c40275864fb35c645 -> 
  custom:scripting/monoscript/fileName/ARCoreSettings.cs: 40690c9c4969c061c980f80d35c3e6fb -> 
  custom:scripting/monoscript/fileName/ArRecordingStatus.cs: 1e851bf64f38781ab761ff7585b2fc01 -> 
  custom:scripting/monoscript/fileName/TMP_TextSelector_A.cs: 347309a09d56e367b188a6978f75b424 -> 
  custom:video-encoder-webm-vp8: eb34c28f22e8b96e1ab97ce403110664 -> 
  custom:scripting/monoscript/fileName/ARCoreProjectValidationRules.cs: eeb621f554a206cb3c7975cb72a27397 -> 
  custom:audio-decoder-ogg-vorbis: bf7c407c2cedff20999df2af8eb42d56 -> 
  custom:scripting/monoscript/fileName/VertexJitter.cs: d27eb5498e48714a66aece98da065133 -> 
  custom:scripting/monoscript/fileName/TextConsoleSimulator.cs: 33fc311abb20b5b0ed8f00e4d86b574e -> 
  custom:scripting/monoscript/fileName/VertexColorCycler.cs: 5f984ca91cf3609293aecc6bc5641572 -> 
  custom:scripting/monoscript/fileName/TMP_FrameRateCounter.cs: 46f655df8cb483ac5958307137b1585a -> 
  custom:scripting/monoscript/fileName/VertexShakeB.cs: a6f78c4fcda1a29a1a1c1baefedba9e7 -> 
  custom:scripting/monoscript/fileName/TMP_UiFrameRateCounter.cs: b01021aea19247f14a98ab338907956a -> 
  custom:scripting/monoscript/fileName/ArConfig.cs: 3fcec3d7584809d01b43e09f93c614f3 -> 
  custom:scripting/monoscript/fileName/SafeArea.cs: 5837f9ee308c1c81b303fe8b1b1a4dd3 -> 
  custom:scripting/precompiled-assembly-types:Unity.XR.ARCore: 905f88ea8a843a72f400d724a929b837 -> 
  custom:scripting/monoscript/fileName/ARCoreFaceRegionData.cs: c3e1f4c128987c270a2af588eecf348c -> 
  custom:scripting/monoscript/fileName/TMPro_InstructionOverlay.cs: b626d2270e6ebd5c4311585c18b58d8d -> 
  custom:scripting/monoscript/fileName/TMP_DigitValidator.cs: ac02af96215ae3951a3cce9e1a8c6085 -> 
  custom:audio-encoder-webm-vorbis: bf7c407c2cedff20999df2af8eb42d56 -> 
  custom:scripting/monoscript/fileName/Benchmark01_UGUI.cs: 6148cfe2627b7708298f301788144139 -> 
  custom:scripting/monoscript/fileName/ARCoreApi.cs: b7be0b56411f0cdcb6a1075249abb802 -> 
  custom:scripting/monoscript/fileName/ARCorePermissionManager.cs: 532f7d03090ae14ae9bbbd403c359df8 -> 
  custom:scripting/monoscript/fileName/ARCoreImageLibraryBuildProcessor.cs: 3f33f565654fcd80e4aa61a92c2169a1 -> 
  custom:scripting/monoscript/fileName/ARCoreCpuImageApi.cs: 7e0d7ea0378a04357bca45463bebfe57 -> 
  custom:scripting/precompiled-assembly-types:Assembly-CSharp: 04058eb4e059ecaaffaf628fbb8cc8b6 -> 89929ada5f43583ec1b7a1998853525c
  custom:scripting/monoscript/fileName/Benchmark03.cs: 17cc87e0529ac71d909a946afb47a274 -> 
========================================================================
Received Import Request.
  Time since last request: 2315.744709 seconds.
  path: Assets/Images/Vowels/a/a - Made with Clipchamp.mp3
  artifactKey: Guid(f0e209658e9b8a44586c9a2908508f4b) Importer(815301076,1909f56bfc062723c751e8b465ee728b)
Start importing Assets/Images/Vowels/a/a - Made with Clipchamp.mp3 using Guid(f0e209658e9b8a44586c9a2908508f4b) Importer(815301076,1909f56bfc062723c751e8b465ee728b) [PhysX] Initialized MultithreadedTaskDispatcher with 20 workers.
[PhysX] Initialized MultithreadedTaskDispatcher with 20 workers.
 -> (artifact id: '58ac3486a84bc34a5902c437b1785067') in 0.110608 seconds
Number of updated asset objects reloaded before import = 0
Number of asset objects unloaded after import = 2
========================================================================
Received Prepare
Caller must complete domain reload
Begin MonoManager ReloadAssembly
- Loaded All Assemblies, in  3.233 seconds
Native extension for WindowsStandalone target not found
Native extension for Android target not found
[Package Manager] Server::EnsureServerProcessIsRunning -- launch failed, reason: Unity was launched with the -noUpm command-line argument
[Package Manager] UpmClient::Send -- Unable to send message (not connected to UPM process).
[Package Manager] Cannot connect to Unity Package Manager local server
Mono: successfully reloaded assembly
[Package Manager] Server::EnsureServerProcessIsRunning -- launch failed, reason: Unity was launched with the -noUpm command-line argument
[Package Manager] UpmClient::Send -- Unable to send message (not connected to UPM process).
[Package Manager] Cannot connect to Unity Package Manager local server
- Finished resetting the current domain, in 21.265 seconds
Domain Reload Profiling: 24498ms
	BeginReloadAssembly (130ms)
		ExecutionOrderSort (0ms)
		DisableScriptedObjects (3ms)
		BackupInstance (0ms)
		ReleaseScriptingObjects (0ms)
		CreateAndSetChildDomain (27ms)
	RebuildCommonClasses (22ms)
	RebuildNativeTypeToScriptingClass (9ms)
	initialDomainReloadingComplete (18ms)
	LoadAllAssembliesAndSetupDomain (3054ms)
		LoadAssemblies (3113ms)
		RebuildTransferFunctionScriptingTraits (0ms)
		AnalyzeDomain (15ms)
			TypeCache.Refresh (6ms)
				TypeCache.ScanAssembly (0ms)
			ScanForSourceGeneratedMonoScriptInfo (0ms)
			ResolveRequiredComponents (7ms)
	FinalizeReload (21265ms)
		ReleaseScriptCaches (0ms)
		RebuildScriptCaches (0ms)
		SetupLoadedEditorAssemblies (378ms)
			LogAssemblyErrors (0ms)
			InitializePlatformSupportModulesInManaged (13ms)
			SetLoadedEditorAssemblies (3ms)
			RefreshPlugins (0ms)
			BeforeProcessingInitializeOnLoad (51ms)
			ProcessInitializeOnLoadAttributes (274ms)
			ProcessInitializeOnLoadMethodAttributes (37ms)
			AfterProcessingInitializeOnLoad (2ms)
			EditorAssembliesLoaded (0ms)
		ExecutionOrderSort2 (0ms)
		AwakeInstancesAfterBackupRestoration (8ms)
Refreshing native plugins compatible for Editor in 2.92 ms, found 4 plugins.
Preloading 0 native plugins for Editor in 0.00 ms.
Unloading 4570 Unused Serialized files (Serialized files now loaded: 0)
Unloading 34 unused Assets / (1.8 MB). Loaded Objects now: 5167.
Memory consumption went from 161.3 MB to 159.5 MB.
Total: 4.187900 ms (FindLiveObjects: 0.242400 ms CreateObjectMapping: 0.124700 ms MarkObjects: 3.141700 ms  DeleteObjects: 0.678100 ms)

Prepare: number of updated asset objects reloaded= 0
AssetImportParameters requested are different than current active one (requested -> active):
  custom:scripting/monoscript/fileName/ArRecordingConfig.cs: dfdb22d280f26bff6727fe6f9c34f9d1 -> 
  custom:scripting/monoscript/fileName/ArCoreImg.cs: 284f8bc57305622727946cdceadb2cef -> 
  custom:scripting/monoscript/fileName/Cli.cs: f278fa05dc0a28f05b8e56cf7a587c31 -> d287e08b50f2cb135aa4d7f8e01b7ef9
  custom:scripting/monoscript/fileName/SkewTextExample.cs: c142d02d70a129e0533975f7c2f96956 -> 
  custom:container-demuxer-ogg: 62fdf1f143b41e24485cea50d1cbac27 -> 
  custom:scripting/monoscript/fileName/ARCoreAnchorSubsystem.cs: 8fd89380878aa630c35614c13d4b70e4 -> 
  custom:scripting/monoscript/fileName/TMP_TextEventHandler.cs: f5cd9d5a43bfefc8f4fec80e6de896a4 -> 
  custom:scripting/monoscript/fileName/ARCoreSessionSubsystem.cs: 0499cfac149f3ba6a8678a379c5077a0 -> 
  custom:scripting/monoscript/fileName/TextMeshProFloatingText.cs: 92608fa4a6315cd0786d82205e77b697 -> 
  custom:scripting/monoscript/fileName/ARCoreOcclusionSubsystem.cs: 2a111039ddadb09f587c28ae3f37fc2b -> 
  custom:scripting/monoscript/fileName/VertexZoom.cs: 650ab1e81d40126e3edcf737cce646e4 -> 
  custom:scripting/monoscript/fileName/ARCoreXRPointCloudSubsystem.cs: a817e9a702204b3fa3e30b3243847693 -> 
  custom:scripting/monoscript/fileName/Gradle.cs: f2ad869b521aeebb9f3c8c6665622b87 -> 
  custom:video-codec-MediaFoundation-h265: 746d11721c4dcdbdad8f713fa42b33f4 -> 
  custom:scripting/monoscript/fileName/ImageConversionJobs.cs: 5daa4e6aadb43a7b9057d64b0ba5d568 -> 
  custom:scripting/monoscript/fileName/VertexShakeA.cs: 63ec564c588058369499638dd899e05b -> 
  custom:scripting/monoscript/fileName/TMP_ExampleScript_01.cs: a9d4be556104ff54e7d240529b3e01dc -> 
  custom:video-decoder-ogg-theora: a1e56fd34408186e4bbccfd4996cb3dc -> 
  custom:scripting/monoscript/fileName/TMP_TextEventCheck.cs: 13505d917eab5868c435e0c2986dadfa -> 
  custom:scripting/monoscript/fileName/TMP_TextSelector_B.cs: ba2be21a7486d37b1011342977a2e49d -> 
  custom:scripting/monoscript/fileName/Benchmark01.cs: 2d3e2cd961730ab95f139a49a673bace -> 
  custom:scripting/monoscript/fileName/HashCodeUtil.cs: 3ac2012e517078f051611cc23e19a706 -> ee7a4f9a9650d3c7f74eced4bfed8831
  custom:framework-win-MediaFoundation: 216162199b28c13a410421893ffa2e32 -> 
  custom:scripting/monoscript/fileName/ArSession.cs: dc9c4d04514fe088f4acb3a600cfa61f -> 
  custom:scripting/monoscript/fileName/ArPlaybackStatus.cs: f77b11c84a00703de9d452d424518caa -> 
  custom:scripting/monoscript/fileName/ManagedReferenceImage.cs: 3f74dd150e48d66b5dd8288f3c3e1c34 -> 
  custom:scripting/monoscript/fileName/ARCoreImageTrackingSubsystem.cs: 39d814b8b12f50336c43db8ce6f8ee94 -> 
  custom:scripting/monoscript/fileName/ARCorePackageMetadata.cs: 1751e19b3bc5d304ce814e7f02fa6d47 -> 
  custom:scripting/monoscript/fileName/ARCorePromise.cs: 90647cc400823b41df847a6cbfc29026 -> 
  custom:scripting/monoscript/fileName/ArCameraConfigFilter.cs: b80d5ef788f451fa06963271e9d59efb -> 
  custom:scripting/monoscript/fileName/Benchmark02.cs: 5640963252ce70910e726415f869ced6 -> 
  custom:scripting/monoscript/fileName/NativeView.cs: 4afb79670cf27530a179f070ba3fe9aa -> 
  custom:scripting/monoscript/fileName/ARCoreLoader.cs: 2c650baba67f1e04bc070894acda684f -> 
  custom:scripting/monoscript/fileName/ARCoreXRDepthSubsystem.deprecated.cs: 9f24fee25a0b08179d7d1cb09e2e51f5 -> 
  custom:scripting/monoscript/fileName/DropdownSample.cs: 0a92251794e5f10400149f96c3c59e5d -> 
  custom:scripting/monoscript/fileName/ARCoreEnvironmentProbeSubsystem.cs: 1b868584605b2895b3934baf5f9f6033 -> 
  custom:scripting/monoscript/fileName/WarpTextExample.cs: 2663459c266363641981c7d17b698d7f -> 
  custom:CustomObjectIndexerAttribute: 9a22284fe3817be447336de3de66b15e -> 
  custom:scripting/monoscript/fileName/ARCoreBuildProcessor.cs: d9eab941277ca6504aeebd69836dd8b0 -> 
  custom:scripting/monoscript/fileName/ARCoreBeforeGetCameraConfigurationEventArgs.cs: 8e2a6fe308d51ad1f6b16c500dc5dfb3 -> 
  custom:scripting/monoscript/fileName/ARCorePlaneSubsystem.cs: d2278eda10dae0fc36c44eee439649a4 -> 
  custom:container-demuxer-webm: 4f35f7cbe854078d1ac9338744f61a02 -> 
  custom:scripting/monoscript/fileName/ARCoreSettingsProvider.cs: 79c816e2cf7b68babc51565d8a334acf -> 
  custom:scripting/monoscript/fileName/ARCoreRaycastSubsystem.cs: 4746ee3ed0cece0abfde776c634af447 -> 
  custom:scripting/monoscript/fileName/ARCoreFaceSubsystem.cs: c496ea8c93654d4c22c4220a77e9a21d -> 
  custom:scripting/monoscript/fileName/ChatController.cs: 876d5ccae6e345dd5d9450eb0a748f16 -> 
  custom:scripting/monoscript/fileName/ArCameraConfig.cs: 4a875ddea718888a33e0d31342770b8d -> 
  custom:scripting/monoscript/fileName/TextMeshSpawner.cs: 76f28e2ddb031571e6ec62b018f65fa8 -> 
  custom:scripting/monoscript/fileName/Java.cs: 23333680cb2e70ba8bbce74628d877c3 -> 
  custom:scripting/monoscript/fileName/TeleType.cs: 31fa97821c4c70f157ec81d507aa6b62 -> 
  custom:scripting/monoscript/fileName/ARCoreLoaderConstants.cs: 1ca2b374b9eebdabc880c6eec02abfbe -> 
  custom:scripting/monoscript/fileName/Benchmark04.cs: 32220b148620e52aa81c13a114862bf4 -> 
  custom:scripting/monoscript/fileName/RcoApi.cs: 1b7d1343bf82f11ff12a2ad830cbbf88 -> 
  custom:scripting/monoscript/fileName/ARCoreLoaderSettings.cs: 98d75423d90e6a85b8a5d383cd4fad48 -> 
  custom:scripting/monoscript/fileName/ArPrestoApi.cs: 102320236e333507f3c23510cf5fedf0 -> 
  custom:container-muxer-webm: aa71ff27fc2769a1b78a27578f13a17b -> 
  custom:scripting/monoscript/fileName/ArString.cs: a85954ac20e0c75f9dbcbebac19f7fbf -> 
  custom:video-decoder-webm-vp8: 9c59270c3fd7afecdb556c50c9e8de78 -> 
  custom:scripting/monoscript/fileName/NativeObject.cs: 1c83a6ff9bdb6f537b0ca273504b9cb1 -> 
  custom:scripting/monoscript/fileName/TMP_PhoneNumberValidator.cs: 7c3049f481e464c6a9a15dee56c3126f -> 
  custom:scripting/precompiled-assembly-types:Unity.XR.ARCore.Editor: 02c2db43342c23e4477f9d7b07b95cb5 -> 
  custom:scripting/monoscript/fileName/ARCoreBeforeSetConfigurationEventArgs.cs: 234cd91ed3cdf60645705e8837e7e78d -> 
  custom:scripting/monoscript/fileName/ARCoreCameraSubsystem.cs: 2cce9a0f290d5c7a0cb70e2a3b0af3ab -> 
  custom:SearchIndexIgnoredProperties: e643bd26f0fe6173181afceb89e7c659 -> 
  custom:AudioImporter_EditorPlatform: d09bf68614088b80899f8185d706f6e7 -> 
  custom:scripting/monoscript/fileName/EnvMapAnimator.cs: 1b4f61c17e4b7283c3ac351aacff9d26 -> 
  custom:scripting/monoscript/fileName/InputLayoutLoader.cs: 2980c1660657b98176f57e2070c5cb69 -> a6fad719a67e63b0838341df7c073961
  custom:scripting/monoscript/fileName/ShaderPropAnimator.cs: 55ce425812446482e623ff2695c94cb2 -> 
  custom:scripting/monoscript/fileName/ARCoreImageDatabase.cs: 7f7d7783973546d2000bf9aa32566b8f -> 
  custom:scripting/monoscript/fileName/SimpleScript.cs: 454caab0c6c050f29b39d82e1d66d0fa -> 
  custom:scripting/monoscript/fileName/ObjectSpin.cs: 2b96bb2079dd7fa5108d981627a28e1e -> 
  custom:scripting/monoscript/fileName/StringExtensions.cs: 6f6c226b1c73c5132416ef95ad867308 -> 0a3ecf20ea398b07067a97ad700896f0
  custom:scripting/monoscript/fileName/CameraController.cs: 34b6be4e23ce86dc89786916c5983296 -> 
  custom:scripting/monoscript/fileName/TMP_TextInfoDebugTool.cs: 3f1709cfb2cc628169113a35b5e9be3f -> 
  custom:scripting/monoscript/fileName/CorrectAns.cs: fdde4066277fc48c40275864fb35c645 -> 
  custom:scripting/monoscript/fileName/ARCoreSettings.cs: 40690c9c4969c061c980f80d35c3e6fb -> 
  custom:scripting/monoscript/fileName/ArRecordingStatus.cs: 1e851bf64f38781ab761ff7585b2fc01 -> 
  custom:scripting/monoscript/fileName/TMP_TextSelector_A.cs: 347309a09d56e367b188a6978f75b424 -> 
  custom:video-encoder-webm-vp8: eb34c28f22e8b96e1ab97ce403110664 -> 
  custom:scripting/monoscript/fileName/ARCoreProjectValidationRules.cs: eeb621f554a206cb3c7975cb72a27397 -> 
  custom:audio-decoder-ogg-vorbis: bf7c407c2cedff20999df2af8eb42d56 -> 
  custom:scripting/monoscript/fileName/VertexJitter.cs: d27eb5498e48714a66aece98da065133 -> 
  custom:scripting/monoscript/fileName/TextConsoleSimulator.cs: 33fc311abb20b5b0ed8f00e4d86b574e -> 
  custom:scripting/monoscript/fileName/VertexColorCycler.cs: 5f984ca91cf3609293aecc6bc5641572 -> 
  custom:scripting/monoscript/fileName/TMP_FrameRateCounter.cs: 46f655df8cb483ac5958307137b1585a -> 
  custom:scripting/monoscript/fileName/VertexShakeB.cs: a6f78c4fcda1a29a1a1c1baefedba9e7 -> 
  custom:scripting/monoscript/fileName/TMP_UiFrameRateCounter.cs: b01021aea19247f14a98ab338907956a -> 
  custom:scripting/monoscript/fileName/ArConfig.cs: 3fcec3d7584809d01b43e09f93c614f3 -> 
  custom:scripting/monoscript/fileName/SafeArea.cs: 5837f9ee308c1c81b303fe8b1b1a4dd3 -> 
  custom:scripting/precompiled-assembly-types:Unity.XR.ARCore: 905f88ea8a843a72f400d724a929b837 -> 
  custom:scripting/monoscript/fileName/ARCoreFaceRegionData.cs: c3e1f4c128987c270a2af588eecf348c -> 
  custom:scripting/monoscript/fileName/TMPro_InstructionOverlay.cs: b626d2270e6ebd5c4311585c18b58d8d -> 
  custom:scripting/monoscript/fileName/TMP_DigitValidator.cs: ac02af96215ae3951a3cce9e1a8c6085 -> 
  custom:audio-encoder-webm-vorbis: bf7c407c2cedff20999df2af8eb42d56 -> 
  custom:scripting/monoscript/fileName/Benchmark01_UGUI.cs: 6148cfe2627b7708298f301788144139 -> 
  custom:scripting/monoscript/fileName/ARCoreApi.cs: b7be0b56411f0cdcb6a1075249abb802 -> 
  custom:scripting/monoscript/fileName/ARCorePermissionManager.cs: 532f7d03090ae14ae9bbbd403c359df8 -> 
  custom:scripting/monoscript/fileName/ARCoreImageLibraryBuildProcessor.cs: 3f33f565654fcd80e4aa61a92c2169a1 -> 
  custom:scripting/monoscript/fileName/ARCoreCpuImageApi.cs: 7e0d7ea0378a04357bca45463bebfe57 -> 
  custom:scripting/precompiled-assembly-types:Assembly-CSharp: 04058eb4e059ecaaffaf628fbb8cc8b6 -> 89929ada5f43583ec1b7a1998853525c
  custom:scripting/monoscript/fileName/Benchmark03.cs: 17cc87e0529ac71d909a946afb47a274 -> 
========================================================================
Received Import Request.
  Time since last request: 105.051610 seconds.
  path: Assets/Images/Vowels/aa/aa.jpg
  artifactKey: Guid(1846312d47a459a47ace481b73876f24) Importer(815301076,1909f56bfc062723c751e8b465ee728b)
Start importing Assets/Images/Vowels/aa/aa.jpg using Guid(1846312d47a459a47ace481b73876f24) Importer(815301076,1909f56bfc062723c751e8b465ee728b) [PhysX] Initialized MultithreadedTaskDispatcher with 20 workers.
[PhysX] Initialized MultithreadedTaskDispatcher with 20 workers.
 -> (artifact id: 'fa46b13e612a1501c45845b47f4a6979') in 0.061693 seconds
Number of updated asset objects reloaded before import = 0
Number of asset objects unloaded after import = 3
========================================================================
Received Import Request.
  Time since last request: 0.000086 seconds.
  path: Assets/Images/Vowels/aa/aa- Made with Clipchamp.mp3
  artifactKey: Guid(bcb46439f6f9b10478de7d86a6ac1404) Importer(815301076,1909f56bfc062723c751e8b465ee728b)
Start importing Assets/Images/Vowels/aa/aa- Made with Clipchamp.mp3 using Guid(bcb46439f6f9b10478de7d86a6ac1404) Importer(815301076,1909f56bfc062723c751e8b465ee728b) [PhysX] Initialized MultithreadedTaskDispatcher with 20 workers.
[PhysX] Initialized MultithreadedTaskDispatcher with 20 workers.
 -> (artifact id: '1aa6ffb9cd4284d1118aedbbace47ade') in 0.024124 seconds
Number of updated asset objects reloaded before import = 0
Number of asset objects unloaded after import = 2
========================================================================
Received Import Request.
  Time since last request: 17.751754 seconds.
  path: Assets/Images/Vowels/ai/ai- Made with Clipchamp.mp3
  artifactKey: Guid(1a328f798f1b6b8448c10274fc3a22c5) Importer(815301076,1909f56bfc062723c751e8b465ee728b)
Start importing Assets/Images/Vowels/ai/ai- Made with Clipchamp.mp3 using Guid(1a328f798f1b6b8448c10274fc3a22c5) Importer(815301076,1909f56bfc062723c751e8b465ee728b) [PhysX] Initialized MultithreadedTaskDispatcher with 20 workers.
[PhysX] Initialized MultithreadedTaskDispatcher with 20 workers.
 -> (artifact id: 'bc9f4695cd608954aaf6c5493ee2a7e7') in 0.022004 seconds
Number of updated asset objects reloaded before import = 0
Number of asset objects unloaded after import = 2
========================================================================
Received Import Request.
  Time since last request: 35.303896 seconds.
  path: Assets/Images/Vowels/i/i- Made with Clipchamp.mp3
  artifactKey: Guid(803a4423536b61b4baf41f9349eda1e9) Importer(815301076,1909f56bfc062723c751e8b465ee728b)
Start importing Assets/Images/Vowels/i/i- Made with Clipchamp.mp3 using Guid(803a4423536b61b4baf41f9349eda1e9) Importer(815301076,1909f56bfc062723c751e8b465ee728b) [PhysX] Initialized MultithreadedTaskDispatcher with 20 workers.
[PhysX] Initialized MultithreadedTaskDispatcher with 20 workers.
 -> (artifact id: 'a855ceb34d77516e2a4051281d7b248c') in 0.028968 seconds
Number of updated asset objects reloaded before import = 0
Number of asset objects unloaded after import = 2
========================================================================
Received Import Request.
  Time since last request: 0.000160 seconds.
  path: Assets/Images/Vowels/i
  artifactKey: Guid(4df041247c70bb240be338ae93077a45) Importer(815301076,1909f56bfc062723c751e8b465ee728b)
Start importing Assets/Images/Vowels/i using Guid(4df041247c70bb240be338ae93077a45) Importer(815301076,1909f56bfc062723c751e8b465ee728b) [PhysX] Initialized MultithreadedTaskDispatcher with 20 workers.
 -> (artifact id: 'aa94ff959bea171291acbc022e43cd8b') in 0.000680 seconds
Number of updated asset objects reloaded before import = 0
Number of asset objects unloaded after import = 0
========================================================================
Received Import Request.
  Time since last request: 53.436607 seconds.
  path: Assets/Images/Vowels/ii/ii- Made with Clipchamp.mp3
  artifactKey: Guid(c9044a90abfea6947aec38ff8c7bdd78) Importer(815301076,1909f56bfc062723c751e8b465ee728b)
Start importing Assets/Images/Vowels/ii/ii- Made with Clipchamp.mp3 using Guid(c9044a90abfea6947aec38ff8c7bdd78) Importer(815301076,1909f56bfc062723c751e8b465ee728b) [PhysX] Initialized MultithreadedTaskDispatcher with 20 workers.
[PhysX] Initialized MultithreadedTaskDispatcher with 20 workers.
 -> (artifact id: 'c4e5ff01b1fa080026c3e50e8e4b2c0c') in 0.026764 seconds
Number of updated asset objects reloaded before import = 0
Number of asset objects unloaded after import = 2
========================================================================
Received Import Request.
  Time since last request: 0.000047 seconds.
  path: Assets/Images/Vowels/ii
  artifactKey: Guid(e215ed59dedf72d4eb82a0fcd1f0404f) Importer(815301076,1909f56bfc062723c751e8b465ee728b)
Start importing Assets/Images/Vowels/ii using Guid(e215ed59dedf72d4eb82a0fcd1f0404f) Importer(815301076,1909f56bfc062723c751e8b465ee728b) [PhysX] Initialized MultithreadedTaskDispatcher with 20 workers.
 -> (artifact id: '78203c523a34a8ad72d6b8b63c0c5eb3') in 0.000324 seconds
Number of updated asset objects reloaded before import = 0
Number of asset objects unloaded after import = 0
========================================================================
Received Import Request.
  Time since last request: 64.039620 seconds.
  path: Assets/Images/Vowels/u/u- Made with Clipchamp.mp3
  artifactKey: Guid(b8b0f064698e0a74b8e1a355f89eed2d) Importer(815301076,1909f56bfc062723c751e8b465ee728b)
Start importing Assets/Images/Vowels/u/u- Made with Clipchamp.mp3 using Guid(b8b0f064698e0a74b8e1a355f89eed2d) Importer(815301076,1909f56bfc062723c751e8b465ee728b) [PhysX] Initialized MultithreadedTaskDispatcher with 20 workers.
[PhysX] Initialized MultithreadedTaskDispatcher with 20 workers.
 -> (artifact id: '7ade445c4bac90200cd462e6c928bfc5') in 0.022329 seconds
Number of updated asset objects reloaded before import = 0
Number of asset objects unloaded after import = 2
========================================================================
Received Import Request.
  Time since last request: 31.394073 seconds.
  path: Assets/Images/Vowels/uu/uu- Made with Clipchamp.mp3
  artifactKey: Guid(e600bee6cc5507a458e8679e636c86b2) Importer(815301076,1909f56bfc062723c751e8b465ee728b)
Start importing Assets/Images/Vowels/uu/uu- Made with Clipchamp.mp3 using Guid(e600bee6cc5507a458e8679e636c86b2) Importer(815301076,1909f56bfc062723c751e8b465ee728b) [PhysX] Initialized MultithreadedTaskDispatcher with 20 workers.
[PhysX] Initialized MultithreadedTaskDispatcher with 20 workers.
 -> (artifact id: '7c67884468bcde27a176d48ac6c78029') in 0.046526 seconds
Number of updated asset objects reloaded before import = 0
Number of asset objects unloaded after import = 2
========================================================================
Received Prepare
Caller must complete domain reload
Begin MonoManager ReloadAssembly
- Loaded All Assemblies, in  0.366 seconds
Native extension for WindowsStandalone target not found
Native extension for Android target not found
[Package Manager] Server::EnsureServerProcessIsRunning -- launch failed, reason: Unity was launched with the -noUpm command-line argument
[Package Manager] UpmClient::Send -- Unable to send message (not connected to UPM process).
[Package Manager] Cannot connect to Unity Package Manager local server
Mono: successfully reloaded assembly
[Package Manager] Server::EnsureServerProcessIsRunning -- launch failed, reason: Unity was launched with the -noUpm command-line argument
[Package Manager] UpmClient::Send -- Unable to send message (not connected to UPM process).
[Package Manager] Cannot connect to Unity Package Manager local server
- Finished resetting the current domain, in  0.802 seconds
Domain Reload Profiling: 1168ms
	BeginReloadAssembly (136ms)
		ExecutionOrderSort (0ms)
		DisableScriptedObjects (3ms)
		BackupInstance (0ms)
		ReleaseScriptingObjects (0ms)
		CreateAndSetChildDomain (28ms)
	RebuildCommonClasses (24ms)
	RebuildNativeTypeToScriptingClass (8ms)
	initialDomainReloadingComplete (19ms)
	LoadAllAssembliesAndSetupDomain (179ms)
		LoadAssemblies (246ms)
		RebuildTransferFunctionScriptingTraits (0ms)
		AnalyzeDomain (14ms)
			TypeCache.Refresh (6ms)
				TypeCache.ScanAssembly (0ms)
			ScanForSourceGeneratedMonoScriptInfo (0ms)
			ResolveRequiredComponents (6ms)
	FinalizeReload (803ms)
		ReleaseScriptCaches (0ms)
		RebuildScriptCaches (0ms)
		SetupLoadedEditorAssemblies (386ms)
			LogAssemblyErrors (0ms)
			InitializePlatformSupportModulesInManaged (11ms)
			SetLoadedEditorAssemblies (3ms)
			RefreshPlugins (0ms)
			BeforeProcessingInitializeOnLoad (48ms)
			ProcessInitializeOnLoadAttributes (284ms)
			ProcessInitializeOnLoadMethodAttributes (39ms)
			AfterProcessingInitializeOnLoad (2ms)
			EditorAssembliesLoaded (0ms)
		ExecutionOrderSort2 (0ms)
		AwakeInstancesAfterBackupRestoration (8ms)
Refreshing native plugins compatible for Editor in 6.13 ms, found 4 plugins.
Preloading 0 native plugins for Editor in 0.00 ms.
Unloading 4568 Unused Serialized files (Serialized files now loaded: 0)
Unloading 34 unused Assets / (1.8 MB). Loaded Objects now: 5173.
Memory consumption went from 160.9 MB to 159.1 MB.
Total: 3.664100 ms (FindLiveObjects: 0.252000 ms CreateObjectMapping: 0.233500 ms MarkObjects: 2.486800 ms  DeleteObjects: 0.691000 ms)

Prepare: number of updated asset objects reloaded= 0
AssetImportParameters requested are different than current active one (requested -> active):
  custom:scripting/monoscript/fileName/ArRecordingConfig.cs: dfdb22d280f26bff6727fe6f9c34f9d1 -> 
  custom:scripting/monoscript/fileName/ArCoreImg.cs: 284f8bc57305622727946cdceadb2cef -> 
  custom:scripting/monoscript/fileName/Cli.cs: f278fa05dc0a28f05b8e56cf7a587c31 -> d287e08b50f2cb135aa4d7f8e01b7ef9
  custom:scripting/monoscript/fileName/SkewTextExample.cs: c142d02d70a129e0533975f7c2f96956 -> 
  custom:container-demuxer-ogg: 62fdf1f143b41e24485cea50d1cbac27 -> 
  custom:scripting/monoscript/fileName/ARCoreAnchorSubsystem.cs: 8fd89380878aa630c35614c13d4b70e4 -> 
  custom:scripting/monoscript/fileName/TMP_TextEventHandler.cs: f5cd9d5a43bfefc8f4fec80e6de896a4 -> 
  custom:scripting/monoscript/fileName/ARCoreSessionSubsystem.cs: 0499cfac149f3ba6a8678a379c5077a0 -> 
  custom:scripting/monoscript/fileName/TextMeshProFloatingText.cs: 92608fa4a6315cd0786d82205e77b697 -> 
  custom:scripting/monoscript/fileName/ARCoreOcclusionSubsystem.cs: 2a111039ddadb09f587c28ae3f37fc2b -> 
  custom:scripting/monoscript/fileName/VertexZoom.cs: 650ab1e81d40126e3edcf737cce646e4 -> 
  custom:scripting/monoscript/fileName/ARCoreXRPointCloudSubsystem.cs: a817e9a702204b3fa3e30b3243847693 -> 
  custom:scripting/monoscript/fileName/Gradle.cs: f2ad869b521aeebb9f3c8c6665622b87 -> 
  custom:video-codec-MediaFoundation-h265: 746d11721c4dcdbdad8f713fa42b33f4 -> 
  custom:scripting/monoscript/fileName/ImageConversionJobs.cs: 5daa4e6aadb43a7b9057d64b0ba5d568 -> 
  custom:scripting/monoscript/fileName/VertexShakeA.cs: 63ec564c588058369499638dd899e05b -> 
  custom:scripting/monoscript/fileName/TMP_ExampleScript_01.cs: a9d4be556104ff54e7d240529b3e01dc -> 
  custom:video-decoder-ogg-theora: a1e56fd34408186e4bbccfd4996cb3dc -> 
  custom:scripting/monoscript/fileName/TMP_TextEventCheck.cs: 13505d917eab5868c435e0c2986dadfa -> 
  custom:scripting/monoscript/fileName/TMP_TextSelector_B.cs: ba2be21a7486d37b1011342977a2e49d -> 
  custom:scripting/monoscript/fileName/Benchmark01.cs: 2d3e2cd961730ab95f139a49a673bace -> 
  custom:scripting/monoscript/fileName/HashCodeUtil.cs: 3ac2012e517078f051611cc23e19a706 -> ee7a4f9a9650d3c7f74eced4bfed8831
  custom:framework-win-MediaFoundation: 216162199b28c13a410421893ffa2e32 -> 
  custom:scripting/monoscript/fileName/ArSession.cs: dc9c4d04514fe088f4acb3a600cfa61f -> 
  custom:scripting/monoscript/fileName/ArPlaybackStatus.cs: f77b11c84a00703de9d452d424518caa -> 
  custom:scripting/monoscript/fileName/ManagedReferenceImage.cs: 3f74dd150e48d66b5dd8288f3c3e1c34 -> 
  custom:scripting/monoscript/fileName/ARCoreImageTrackingSubsystem.cs: 39d814b8b12f50336c43db8ce6f8ee94 -> 
  custom:scripting/monoscript/fileName/ARCorePackageMetadata.cs: 1751e19b3bc5d304ce814e7f02fa6d47 -> 
  custom:scripting/monoscript/fileName/ARCorePromise.cs: 90647cc400823b41df847a6cbfc29026 -> 
  custom:scripting/monoscript/fileName/ArCameraConfigFilter.cs: b80d5ef788f451fa06963271e9d59efb -> 
  custom:scripting/monoscript/fileName/Benchmark02.cs: 5640963252ce70910e726415f869ced6 -> 
  custom:scripting/monoscript/fileName/NativeView.cs: 4afb79670cf27530a179f070ba3fe9aa -> 
  custom:scripting/monoscript/fileName/ARCoreLoader.cs: 2c650baba67f1e04bc070894acda684f -> 
  custom:scripting/monoscript/fileName/ARCoreXRDepthSubsystem.deprecated.cs: 9f24fee25a0b08179d7d1cb09e2e51f5 -> 
  custom:scripting/monoscript/fileName/DropdownSample.cs: 0a92251794e5f10400149f96c3c59e5d -> 
  custom:scripting/monoscript/fileName/ARCoreEnvironmentProbeSubsystem.cs: 1b868584605b2895b3934baf5f9f6033 -> 
  custom:scripting/monoscript/fileName/WarpTextExample.cs: 2663459c266363641981c7d17b698d7f -> 
  custom:CustomObjectIndexerAttribute: 9a22284fe3817be447336de3de66b15e -> 
  custom:scripting/monoscript/fileName/ARCoreBuildProcessor.cs: d9eab941277ca6504aeebd69836dd8b0 -> 
  custom:scripting/monoscript/fileName/ARCoreBeforeGetCameraConfigurationEventArgs.cs: 8e2a6fe308d51ad1f6b16c500dc5dfb3 -> 
  custom:scripting/monoscript/fileName/ARCorePlaneSubsystem.cs: d2278eda10dae0fc36c44eee439649a4 -> 
  custom:container-demuxer-webm: 4f35f7cbe854078d1ac9338744f61a02 -> 
  custom:scripting/monoscript/fileName/ARCoreSettingsProvider.cs: 79c816e2cf7b68babc51565d8a334acf -> 
  custom:scripting/monoscript/fileName/ARCoreRaycastSubsystem.cs: 4746ee3ed0cece0abfde776c634af447 -> 
  custom:scripting/monoscript/fileName/ARCoreFaceSubsystem.cs: c496ea8c93654d4c22c4220a77e9a21d -> 
  custom:scripting/monoscript/fileName/ChatController.cs: 876d5ccae6e345dd5d9450eb0a748f16 -> 
  custom:scripting/monoscript/fileName/ArCameraConfig.cs: 4a875ddea718888a33e0d31342770b8d -> 
  custom:scripting/monoscript/fileName/TextMeshSpawner.cs: 76f28e2ddb031571e6ec62b018f65fa8 -> 
  custom:scripting/monoscript/fileName/Java.cs: 23333680cb2e70ba8bbce74628d877c3 -> 
  custom:scripting/monoscript/fileName/TeleType.cs: 31fa97821c4c70f157ec81d507aa6b62 -> 
  custom:scripting/monoscript/fileName/ARCoreLoaderConstants.cs: 1ca2b374b9eebdabc880c6eec02abfbe -> 
  custom:scripting/monoscript/fileName/Benchmark04.cs: 32220b148620e52aa81c13a114862bf4 -> 
  custom:scripting/monoscript/fileName/RcoApi.cs: 1b7d1343bf82f11ff12a2ad830cbbf88 -> 
  custom:scripting/monoscript/fileName/ARCoreLoaderSettings.cs: 98d75423d90e6a85b8a5d383cd4fad48 -> 
  custom:scripting/monoscript/fileName/ArPrestoApi.cs: 102320236e333507f3c23510cf5fedf0 -> 
  custom:container-muxer-webm: aa71ff27fc2769a1b78a27578f13a17b -> 
  custom:scripting/monoscript/fileName/ArString.cs: a85954ac20e0c75f9dbcbebac19f7fbf -> 
  custom:video-decoder-webm-vp8: 9c59270c3fd7afecdb556c50c9e8de78 -> 
  custom:scripting/monoscript/fileName/NativeObject.cs: 1c83a6ff9bdb6f537b0ca273504b9cb1 -> 
  custom:scripting/monoscript/fileName/TMP_PhoneNumberValidator.cs: 7c3049f481e464c6a9a15dee56c3126f -> 
  custom:scripting/precompiled-assembly-types:Unity.XR.ARCore.Editor: 02c2db43342c23e4477f9d7b07b95cb5 -> 
  custom:scripting/monoscript/fileName/ARCoreBeforeSetConfigurationEventArgs.cs: 234cd91ed3cdf60645705e8837e7e78d -> 
  custom:scripting/monoscript/fileName/ARCoreCameraSubsystem.cs: 2cce9a0f290d5c7a0cb70e2a3b0af3ab -> 
  custom:SearchIndexIgnoredProperties: e643bd26f0fe6173181afceb89e7c659 -> 
  custom:AudioImporter_EditorPlatform: d09bf68614088b80899f8185d706f6e7 -> 
  custom:scripting/monoscript/fileName/EnvMapAnimator.cs: 1b4f61c17e4b7283c3ac351aacff9d26 -> 
  custom:scripting/monoscript/fileName/InputLayoutLoader.cs: 2980c1660657b98176f57e2070c5cb69 -> a6fad719a67e63b0838341df7c073961
  custom:scripting/monoscript/fileName/ShaderPropAnimator.cs: 55ce425812446482e623ff2695c94cb2 -> 
  custom:scripting/monoscript/fileName/ARCoreImageDatabase.cs: 7f7d7783973546d2000bf9aa32566b8f -> 
  custom:scripting/monoscript/fileName/SimpleScript.cs: 454caab0c6c050f29b39d82e1d66d0fa -> 
  custom:scripting/monoscript/fileName/ObjectSpin.cs: 2b96bb2079dd7fa5108d981627a28e1e -> 
  custom:scripting/monoscript/fileName/StringExtensions.cs: 6f6c226b1c73c5132416ef95ad867308 -> 0a3ecf20ea398b07067a97ad700896f0
  custom:scripting/monoscript/fileName/CameraController.cs: 34b6be4e23ce86dc89786916c5983296 -> 
  custom:scripting/monoscript/fileName/TMP_TextInfoDebugTool.cs: 3f1709cfb2cc628169113a35b5e9be3f -> 
  custom:scripting/monoscript/fileName/CorrectAns.cs: fdde4066277fc48c40275864fb35c645 -> 
  custom:scripting/monoscript/fileName/ARCoreSettings.cs: 40690c9c4969c061c980f80d35c3e6fb -> 
  custom:scripting/monoscript/fileName/ArRecordingStatus.cs: 1e851bf64f38781ab761ff7585b2fc01 -> 
  custom:scripting/monoscript/fileName/TMP_TextSelector_A.cs: 347309a09d56e367b188a6978f75b424 -> 
  custom:video-encoder-webm-vp8: eb34c28f22e8b96e1ab97ce403110664 -> 
  custom:scripting/monoscript/fileName/ARCoreProjectValidationRules.cs: eeb621f554a206cb3c7975cb72a27397 -> 
  custom:audio-decoder-ogg-vorbis: bf7c407c2cedff20999df2af8eb42d56 -> 
  custom:scripting/monoscript/fileName/VertexJitter.cs: d27eb5498e48714a66aece98da065133 -> 
  custom:scripting/monoscript/fileName/TextConsoleSimulator.cs: 33fc311abb20b5b0ed8f00e4d86b574e -> 
  custom:scripting/monoscript/fileName/VertexColorCycler.cs: 5f984ca91cf3609293aecc6bc5641572 -> 
  custom:scripting/monoscript/fileName/TMP_FrameRateCounter.cs: 46f655df8cb483ac5958307137b1585a -> 
  custom:scripting/monoscript/fileName/VertexShakeB.cs: a6f78c4fcda1a29a1a1c1baefedba9e7 -> 
  custom:scripting/monoscript/fileName/TMP_UiFrameRateCounter.cs: b01021aea19247f14a98ab338907956a -> 
  custom:scripting/monoscript/fileName/ArConfig.cs: 3fcec3d7584809d01b43e09f93c614f3 -> 
  custom:scripting/monoscript/fileName/SafeArea.cs: 5837f9ee308c1c81b303fe8b1b1a4dd3 -> 
  custom:scripting/precompiled-assembly-types:Unity.XR.ARCore: 905f88ea8a843a72f400d724a929b837 -> 
  custom:scripting/monoscript/fileName/ARCoreFaceRegionData.cs: c3e1f4c128987c270a2af588eecf348c -> 
  custom:scripting/monoscript/fileName/TMPro_InstructionOverlay.cs: b626d2270e6ebd5c4311585c18b58d8d -> 
  custom:scripting/monoscript/fileName/TMP_DigitValidator.cs: ac02af96215ae3951a3cce9e1a8c6085 -> 
  custom:audio-encoder-webm-vorbis: bf7c407c2cedff20999df2af8eb42d56 -> 
  custom:scripting/monoscript/fileName/Benchmark01_UGUI.cs: 6148cfe2627b7708298f301788144139 -> 
  custom:scripting/monoscript/fileName/ARCoreApi.cs: b7be0b56411f0cdcb6a1075249abb802 -> 
  custom:scripting/monoscript/fileName/ARCorePermissionManager.cs: 532f7d03090ae14ae9bbbd403c359df8 -> 
  custom:scripting/monoscript/fileName/ARCoreImageLibraryBuildProcessor.cs: 3f33f565654fcd80e4aa61a92c2169a1 -> 
  custom:scripting/monoscript/fileName/ARCoreCpuImageApi.cs: 7e0d7ea0378a04357bca45463bebfe57 -> 
  custom:scripting/precompiled-assembly-types:Assembly-CSharp: 04058eb4e059ecaaffaf628fbb8cc8b6 -> 89929ada5f43583ec1b7a1998853525c
  custom:scripting/monoscript/fileName/Benchmark03.cs: 17cc87e0529ac71d909a946afb47a274 -> 
========================================================================
Received Prepare
Caller must complete domain reload
Begin MonoManager ReloadAssembly
- Loaded All Assemblies, in  0.352 seconds
Native extension for WindowsStandalone target not found
Native extension for Android target not found
[Package Manager] Server::EnsureServerProcessIsRunning -- launch failed, reason: Unity was launched with the -noUpm command-line argument
[Package Manager] UpmClient::Send -- Unable to send message (not connected to UPM process).
[Package Manager] Cannot connect to Unity Package Manager local server
Mono: successfully reloaded assembly
[Package Manager] Server::EnsureServerProcessIsRunning -- launch failed, reason: Unity was launched with the -noUpm command-line argument
[Package Manager] UpmClient::Send -- Unable to send message (not connected to UPM process).
[Package Manager] Cannot connect to Unity Package Manager local server
- Finished resetting the current domain, in  0.782 seconds
Domain Reload Profiling: 1133ms
	BeginReloadAssembly (136ms)
		ExecutionOrderSort (0ms)
		DisableScriptedObjects (3ms)
		BackupInstance (0ms)
		ReleaseScriptingObjects (0ms)
		CreateAndSetChildDomain (29ms)
	RebuildCommonClasses (23ms)
	RebuildNativeTypeToScriptingClass (8ms)
	initialDomainReloadingComplete (18ms)
	LoadAllAssembliesAndSetupDomain (167ms)
		LoadAssemblies (232ms)
		RebuildTransferFunctionScriptingTraits (0ms)
		AnalyzeDomain (13ms)
			TypeCache.Refresh (5ms)
				TypeCache.ScanAssembly (0ms)
			ScanForSourceGeneratedMonoScriptInfo (0ms)
			ResolveRequiredComponents (6ms)
	FinalizeReload (782ms)
		ReleaseScriptCaches (0ms)
		RebuildScriptCaches (0ms)
		SetupLoadedEditorAssemblies (387ms)
			LogAssemblyErrors (0ms)
			InitializePlatformSupportModulesInManaged (11ms)
			SetLoadedEditorAssemblies (3ms)
			RefreshPlugins (0ms)
			BeforeProcessingInitializeOnLoad (52ms)
			ProcessInitializeOnLoadAttributes (282ms)
			ProcessInitializeOnLoadMethodAttributes (37ms)
			AfterProcessingInitializeOnLoad (2ms)
			EditorAssembliesLoaded (0ms)
		ExecutionOrderSort2 (0ms)
		AwakeInstancesAfterBackupRestoration (9ms)
Refreshing native plugins compatible for Editor in 6.42 ms, found 4 plugins.
Preloading 0 native plugins for Editor in 0.00 ms.
Unloading 4569 Unused Serialized files (Serialized files now loaded: 0)
Unloading 34 unused Assets / (1.9 MB). Loaded Objects now: 5177.
Memory consumption went from 161.2 MB to 159.3 MB.
Total: 3.640900 ms (FindLiveObjects: 0.269500 ms CreateObjectMapping: 0.133200 ms MarkObjects: 2.506900 ms  DeleteObjects: 0.730300 ms)

Prepare: number of updated asset objects reloaded= 0
AssetImportParameters requested are different than current active one (requested -> active):
  custom:scripting/monoscript/fileName/ArRecordingConfig.cs: dfdb22d280f26bff6727fe6f9c34f9d1 -> 
  custom:scripting/monoscript/fileName/ArCoreImg.cs: 284f8bc57305622727946cdceadb2cef -> 
  custom:scripting/monoscript/fileName/Cli.cs: f278fa05dc0a28f05b8e56cf7a587c31 -> d287e08b50f2cb135aa4d7f8e01b7ef9
  custom:scripting/monoscript/fileName/SkewTextExample.cs: c142d02d70a129e0533975f7c2f96956 -> 
  custom:container-demuxer-ogg: 62fdf1f143b41e24485cea50d1cbac27 -> 
  custom:scripting/monoscript/fileName/ARCoreAnchorSubsystem.cs: 8fd89380878aa630c35614c13d4b70e4 -> 
  custom:scripting/monoscript/fileName/TMP_TextEventHandler.cs: f5cd9d5a43bfefc8f4fec80e6de896a4 -> 
  custom:scripting/monoscript/fileName/ARCoreSessionSubsystem.cs: 0499cfac149f3ba6a8678a379c5077a0 -> 
  custom:scripting/monoscript/fileName/TextMeshProFloatingText.cs: 92608fa4a6315cd0786d82205e77b697 -> 
  custom:scripting/monoscript/fileName/ARCoreOcclusionSubsystem.cs: 2a111039ddadb09f587c28ae3f37fc2b -> 
  custom:scripting/monoscript/fileName/VertexZoom.cs: 650ab1e81d40126e3edcf737cce646e4 -> 
  custom:scripting/monoscript/fileName/ARCoreXRPointCloudSubsystem.cs: a817e9a702204b3fa3e30b3243847693 -> 
  custom:scripting/monoscript/fileName/Gradle.cs: f2ad869b521aeebb9f3c8c6665622b87 -> 
  custom:video-codec-MediaFoundation-h265: 746d11721c4dcdbdad8f713fa42b33f4 -> 
  custom:scripting/monoscript/fileName/ImageConversionJobs.cs: 5daa4e6aadb43a7b9057d64b0ba5d568 -> 
  custom:scripting/monoscript/fileName/VertexShakeA.cs: 63ec564c588058369499638dd899e05b -> 
  custom:scripting/monoscript/fileName/TMP_ExampleScript_01.cs: a9d4be556104ff54e7d240529b3e01dc -> 
  custom:video-decoder-ogg-theora: a1e56fd34408186e4bbccfd4996cb3dc -> 
  custom:scripting/monoscript/fileName/TMP_TextEventCheck.cs: 13505d917eab5868c435e0c2986dadfa -> 
  custom:scripting/monoscript/fileName/TMP_TextSelector_B.cs: ba2be21a7486d37b1011342977a2e49d -> 
  custom:scripting/monoscript/fileName/Benchmark01.cs: 2d3e2cd961730ab95f139a49a673bace -> 
  custom:scripting/monoscript/fileName/HashCodeUtil.cs: 3ac2012e517078f051611cc23e19a706 -> ee7a4f9a9650d3c7f74eced4bfed8831
  custom:framework-win-MediaFoundation: 216162199b28c13a410421893ffa2e32 -> 
  custom:scripting/monoscript/fileName/ArSession.cs: dc9c4d04514fe088f4acb3a600cfa61f -> 
  custom:scripting/monoscript/fileName/ArPlaybackStatus.cs: f77b11c84a00703de9d452d424518caa -> 
  custom:scripting/monoscript/fileName/ManagedReferenceImage.cs: 3f74dd150e48d66b5dd8288f3c3e1c34 -> 
  custom:scripting/monoscript/fileName/ARCoreImageTrackingSubsystem.cs: 39d814b8b12f50336c43db8ce6f8ee94 -> 
  custom:scripting/monoscript/fileName/ARCorePackageMetadata.cs: 1751e19b3bc5d304ce814e7f02fa6d47 -> 
  custom:scripting/monoscript/fileName/ARCorePromise.cs: 90647cc400823b41df847a6cbfc29026 -> 
  custom:scripting/monoscript/fileName/ArCameraConfigFilter.cs: b80d5ef788f451fa06963271e9d59efb -> 
  custom:scripting/monoscript/fileName/Benchmark02.cs: 5640963252ce70910e726415f869ced6 -> 
  custom:scripting/monoscript/fileName/NativeView.cs: 4afb79670cf27530a179f070ba3fe9aa -> 
  custom:scripting/monoscript/fileName/ARCoreLoader.cs: 2c650baba67f1e04bc070894acda684f -> 
  custom:scripting/monoscript/fileName/ARCoreXRDepthSubsystem.deprecated.cs: 9f24fee25a0b08179d7d1cb09e2e51f5 -> 
  custom:scripting/monoscript/fileName/DropdownSample.cs: 0a92251794e5f10400149f96c3c59e5d -> 
  custom:scripting/monoscript/fileName/ARCoreEnvironmentProbeSubsystem.cs: 1b868584605b2895b3934baf5f9f6033 -> 
  custom:scripting/monoscript/fileName/WarpTextExample.cs: 2663459c266363641981c7d17b698d7f -> 
  custom:CustomObjectIndexerAttribute: 9a22284fe3817be447336de3de66b15e -> 
  custom:scripting/monoscript/fileName/ARCoreBuildProcessor.cs: d9eab941277ca6504aeebd69836dd8b0 -> 
  custom:scripting/monoscript/fileName/ARCoreBeforeGetCameraConfigurationEventArgs.cs: 8e2a6fe308d51ad1f6b16c500dc5dfb3 -> 
  custom:scripting/monoscript/fileName/ARCorePlaneSubsystem.cs: d2278eda10dae0fc36c44eee439649a4 -> 
  custom:container-demuxer-webm: 4f35f7cbe854078d1ac9338744f61a02 -> 
  custom:scripting/monoscript/fileName/ARCoreSettingsProvider.cs: 79c816e2cf7b68babc51565d8a334acf -> 
  custom:scripting/monoscript/fileName/ARCoreRaycastSubsystem.cs: 4746ee3ed0cece0abfde776c634af447 -> 
  custom:scripting/monoscript/fileName/ARCoreFaceSubsystem.cs: c496ea8c93654d4c22c4220a77e9a21d -> 
  custom:scripting/monoscript/fileName/ChatController.cs: 876d5ccae6e345dd5d9450eb0a748f16 -> 
  custom:scripting/monoscript/fileName/ArCameraConfig.cs: 4a875ddea718888a33e0d31342770b8d -> 
  custom:scripting/monoscript/fileName/TextMeshSpawner.cs: 76f28e2ddb031571e6ec62b018f65fa8 -> 
  custom:scripting/monoscript/fileName/Java.cs: 23333680cb2e70ba8bbce74628d877c3 -> 
  custom:scripting/monoscript/fileName/TeleType.cs: 31fa97821c4c70f157ec81d507aa6b62 -> 
  custom:scripting/monoscript/fileName/ARCoreLoaderConstants.cs: 1ca2b374b9eebdabc880c6eec02abfbe -> 
  custom:scripting/monoscript/fileName/Benchmark04.cs: 32220b148620e52aa81c13a114862bf4 -> 
  custom:scripting/monoscript/fileName/RcoApi.cs: 1b7d1343bf82f11ff12a2ad830cbbf88 -> 
  custom:scripting/monoscript/fileName/ARCoreLoaderSettings.cs: 98d75423d90e6a85b8a5d383cd4fad48 -> 
  custom:scripting/monoscript/fileName/ArPrestoApi.cs: 102320236e333507f3c23510cf5fedf0 -> 
  custom:container-muxer-webm: aa71ff27fc2769a1b78a27578f13a17b -> 
  custom:scripting/monoscript/fileName/ArString.cs: a85954ac20e0c75f9dbcbebac19f7fbf -> 
  custom:video-decoder-webm-vp8: 9c59270c3fd7afecdb556c50c9e8de78 -> 
  custom:scripting/monoscript/fileName/NativeObject.cs: 1c83a6ff9bdb6f537b0ca273504b9cb1 -> 
  custom:scripting/monoscript/fileName/TMP_PhoneNumberValidator.cs: 7c3049f481e464c6a9a15dee56c3126f -> 
  custom:scripting/precompiled-assembly-types:Unity.XR.ARCore.Editor: 02c2db43342c23e4477f9d7b07b95cb5 -> 
  custom:scripting/monoscript/fileName/ARCoreBeforeSetConfigurationEventArgs.cs: 234cd91ed3cdf60645705e8837e7e78d -> 
  custom:scripting/monoscript/fileName/ARCoreCameraSubsystem.cs: 2cce9a0f290d5c7a0cb70e2a3b0af3ab -> 
  custom:SearchIndexIgnoredProperties: e643bd26f0fe6173181afceb89e7c659 -> 
  custom:AudioImporter_EditorPlatform: d09bf68614088b80899f8185d706f6e7 -> 
  custom:scripting/monoscript/fileName/EnvMapAnimator.cs: 1b4f61c17e4b7283c3ac351aacff9d26 -> 
  custom:scripting/monoscript/fileName/InputLayoutLoader.cs: 2980c1660657b98176f57e2070c5cb69 -> a6fad719a67e63b0838341df7c073961
  custom:scripting/monoscript/fileName/ShaderPropAnimator.cs: 55ce425812446482e623ff2695c94cb2 -> 
  custom:scripting/monoscript/fileName/ARCoreImageDatabase.cs: 7f7d7783973546d2000bf9aa32566b8f -> 
  custom:scripting/monoscript/fileName/SimpleScript.cs: 454caab0c6c050f29b39d82e1d66d0fa -> 
  custom:scripting/monoscript/fileName/ObjectSpin.cs: 2b96bb2079dd7fa5108d981627a28e1e -> 
  custom:scripting/monoscript/fileName/StringExtensions.cs: 6f6c226b1c73c5132416ef95ad867308 -> 0a3ecf20ea398b07067a97ad700896f0
  custom:scripting/monoscript/fileName/CameraController.cs: 34b6be4e23ce86dc89786916c5983296 -> 
  custom:scripting/monoscript/fileName/TMP_TextInfoDebugTool.cs: 3f1709cfb2cc628169113a35b5e9be3f -> 
  custom:scripting/monoscript/fileName/CorrectAns.cs: fdde4066277fc48c40275864fb35c645 -> 
  custom:scripting/monoscript/fileName/ARCoreSettings.cs: 40690c9c4969c061c980f80d35c3e6fb -> 
  custom:scripting/monoscript/fileName/ArRecordingStatus.cs: 1e851bf64f38781ab761ff7585b2fc01 -> 
  custom:scripting/monoscript/fileName/TMP_TextSelector_A.cs: 347309a09d56e367b188a6978f75b424 -> 
  custom:video-encoder-webm-vp8: eb34c28f22e8b96e1ab97ce403110664 -> 
  custom:scripting/monoscript/fileName/ARCoreProjectValidationRules.cs: eeb621f554a206cb3c7975cb72a27397 -> 
  custom:audio-decoder-ogg-vorbis: bf7c407c2cedff20999df2af8eb42d56 -> 
  custom:scripting/monoscript/fileName/VertexJitter.cs: d27eb5498e48714a66aece98da065133 -> 
  custom:scripting/monoscript/fileName/TextConsoleSimulator.cs: 33fc311abb20b5b0ed8f00e4d86b574e -> 
  custom:scripting/monoscript/fileName/VertexColorCycler.cs: 5f984ca91cf3609293aecc6bc5641572 -> 
  custom:scripting/monoscript/fileName/TMP_FrameRateCounter.cs: 46f655df8cb483ac5958307137b1585a -> 
  custom:scripting/monoscript/fileName/VertexShakeB.cs: a6f78c4fcda1a29a1a1c1baefedba9e7 -> 
  custom:scripting/monoscript/fileName/TMP_UiFrameRateCounter.cs: b01021aea19247f14a98ab338907956a -> 
  custom:scripting/monoscript/fileName/ArConfig.cs: 3fcec3d7584809d01b43e09f93c614f3 -> 
  custom:scripting/monoscript/fileName/SafeArea.cs: 5837f9ee308c1c81b303fe8b1b1a4dd3 -> 
  custom:scripting/precompiled-assembly-types:Unity.XR.ARCore: 905f88ea8a843a72f400d724a929b837 -> 
  custom:scripting/monoscript/fileName/ARCoreFaceRegionData.cs: c3e1f4c128987c270a2af588eecf348c -> 
  custom:scripting/monoscript/fileName/TMPro_InstructionOverlay.cs: b626d2270e6ebd5c4311585c18b58d8d -> 
  custom:scripting/monoscript/fileName/TMP_DigitValidator.cs: ac02af96215ae3951a3cce9e1a8c6085 -> 
  custom:audio-encoder-webm-vorbis: bf7c407c2cedff20999df2af8eb42d56 -> 
  custom:scripting/monoscript/fileName/Benchmark01_UGUI.cs: 6148cfe2627b7708298f301788144139 -> 
  custom:scripting/monoscript/fileName/ARCoreApi.cs: b7be0b56411f0cdcb6a1075249abb802 -> 
  custom:scripting/monoscript/fileName/ARCorePermissionManager.cs: 532f7d03090ae14ae9bbbd403c359df8 -> 
  custom:scripting/monoscript/fileName/ARCoreImageLibraryBuildProcessor.cs: 3f33f565654fcd80e4aa61a92c2169a1 -> 
  custom:scripting/monoscript/fileName/ARCoreCpuImageApi.cs: 7e0d7ea0378a04357bca45463bebfe57 -> 
  custom:scripting/precompiled-assembly-types:Assembly-CSharp: 04058eb4e059ecaaffaf628fbb8cc8b6 -> 89929ada5f43583ec1b7a1998853525c
  custom:scripting/monoscript/fileName/Benchmark03.cs: 17cc87e0529ac71d909a946afb47a274 -> 
========================================================================
Received Prepare
Caller must complete domain reload
Begin MonoManager ReloadAssembly
- Loaded All Assemblies, in  0.349 seconds
Native extension for WindowsStandalone target not found
Native extension for Android target not found
[Package Manager] Server::EnsureServerProcessIsRunning -- launch failed, reason: Unity was launched with the -noUpm command-line argument
[Package Manager] UpmClient::Send -- Unable to send message (not connected to UPM process).
[Package Manager] Cannot connect to Unity Package Manager local server
Mono: successfully reloaded assembly
[Package Manager] Server::EnsureServerProcessIsRunning -- launch failed, reason: Unity was launched with the -noUpm command-line argument
[Package Manager] UpmClient::Send -- Unable to send message (not connected to UPM process).
[Package Manager] Cannot connect to Unity Package Manager local server
- Finished resetting the current domain, in  0.842 seconds
Domain Reload Profiling: 1190ms
	BeginReloadAssembly (126ms)
		ExecutionOrderSort (0ms)
		DisableScriptedObjects (3ms)
		BackupInstance (0ms)
		ReleaseScriptingObjects (0ms)
		CreateAndSetChildDomain (27ms)
	RebuildCommonClasses (23ms)
	RebuildNativeTypeToScriptingClass (8ms)
	initialDomainReloadingComplete (19ms)
	LoadAllAssembliesAndSetupDomain (172ms)
		LoadAssemblies (229ms)
		RebuildTransferFunctionScriptingTraits (0ms)
		AnalyzeDomain (14ms)
			TypeCache.Refresh (5ms)
				TypeCache.ScanAssembly (0ms)
			ScanForSourceGeneratedMonoScriptInfo (0ms)
			ResolveRequiredComponents (6ms)
	FinalizeReload (842ms)
		ReleaseScriptCaches (0ms)
		RebuildScriptCaches (0ms)
		SetupLoadedEditorAssemblies (437ms)
			LogAssemblyErrors (0ms)
			InitializePlatformSupportModulesInManaged (14ms)
			SetLoadedEditorAssemblies (3ms)
			RefreshPlugins (0ms)
			BeforeProcessingInitializeOnLoad (56ms)
			ProcessInitializeOnLoadAttributes (322ms)
			ProcessInitializeOnLoadMethodAttributes (40ms)
			AfterProcessingInitializeOnLoad (2ms)
			EditorAssembliesLoaded (0ms)
		ExecutionOrderSort2 (0ms)
		AwakeInstancesAfterBackupRestoration (8ms)
Refreshing native plugins compatible for Editor in 5.80 ms, found 4 plugins.
Preloading 0 native plugins for Editor in 0.00 ms.
Unloading 4569 Unused Serialized files (Serialized files now loaded: 0)
Unloading 34 unused Assets / (1.8 MB). Loaded Objects now: 5181.
Memory consumption went from 161.1 MB to 159.3 MB.
Total: 5.207300 ms (FindLiveObjects: 0.345000 ms CreateObjectMapping: 0.242800 ms MarkObjects: 3.519200 ms  DeleteObjects: 1.098700 ms)

Prepare: number of updated asset objects reloaded= 0
AssetImportParameters requested are different than current active one (requested -> active):
  custom:scripting/monoscript/fileName/ArRecordingConfig.cs: dfdb22d280f26bff6727fe6f9c34f9d1 -> 
  custom:scripting/monoscript/fileName/ArCoreImg.cs: 284f8bc57305622727946cdceadb2cef -> 
  custom:scripting/monoscript/fileName/Cli.cs: f278fa05dc0a28f05b8e56cf7a587c31 -> d287e08b50f2cb135aa4d7f8e01b7ef9
  custom:scripting/monoscript/fileName/SkewTextExample.cs: c142d02d70a129e0533975f7c2f96956 -> 
  custom:container-demuxer-ogg: 62fdf1f143b41e24485cea50d1cbac27 -> 
  custom:scripting/monoscript/fileName/ARCoreAnchorSubsystem.cs: 8fd89380878aa630c35614c13d4b70e4 -> 
  custom:scripting/monoscript/fileName/TMP_TextEventHandler.cs: f5cd9d5a43bfefc8f4fec80e6de896a4 -> 
  custom:scripting/monoscript/fileName/ARCoreSessionSubsystem.cs: 0499cfac149f3ba6a8678a379c5077a0 -> 
  custom:scripting/monoscript/fileName/TextMeshProFloatingText.cs: 92608fa4a6315cd0786d82205e77b697 -> 
  custom:scripting/monoscript/fileName/ARCoreOcclusionSubsystem.cs: 2a111039ddadb09f587c28ae3f37fc2b -> 
  custom:scripting/monoscript/fileName/VertexZoom.cs: 650ab1e81d40126e3edcf737cce646e4 -> 
  custom:scripting/monoscript/fileName/ARCoreXRPointCloudSubsystem.cs: a817e9a702204b3fa3e30b3243847693 -> 
  custom:scripting/monoscript/fileName/Gradle.cs: f2ad869b521aeebb9f3c8c6665622b87 -> 
  custom:video-codec-MediaFoundation-h265: 746d11721c4dcdbdad8f713fa42b33f4 -> 
  custom:scripting/monoscript/fileName/ImageConversionJobs.cs: 5daa4e6aadb43a7b9057d64b0ba5d568 -> 
  custom:scripting/monoscript/fileName/VertexShakeA.cs: 63ec564c588058369499638dd899e05b -> 
  custom:scripting/monoscript/fileName/TMP_ExampleScript_01.cs: a9d4be556104ff54e7d240529b3e01dc -> 
  custom:video-decoder-ogg-theora: a1e56fd34408186e4bbccfd4996cb3dc -> 
  custom:scripting/monoscript/fileName/TMP_TextEventCheck.cs: 13505d917eab5868c435e0c2986dadfa -> 
  custom:scripting/monoscript/fileName/TMP_TextSelector_B.cs: ba2be21a7486d37b1011342977a2e49d -> 
  custom:scripting/monoscript/fileName/Benchmark01.cs: 2d3e2cd961730ab95f139a49a673bace -> 
  custom:scripting/monoscript/fileName/HashCodeUtil.cs: 3ac2012e517078f051611cc23e19a706 -> ee7a4f9a9650d3c7f74eced4bfed8831
  custom:framework-win-MediaFoundation: 216162199b28c13a410421893ffa2e32 -> 
  custom:scripting/monoscript/fileName/ArSession.cs: dc9c4d04514fe088f4acb3a600cfa61f -> 
  custom:scripting/monoscript/fileName/ArPlaybackStatus.cs: f77b11c84a00703de9d452d424518caa -> 
  custom:scripting/monoscript/fileName/ManagedReferenceImage.cs: 3f74dd150e48d66b5dd8288f3c3e1c34 -> 
  custom:scripting/monoscript/fileName/ARCoreImageTrackingSubsystem.cs: 39d814b8b12f50336c43db8ce6f8ee94 -> 
  custom:scripting/monoscript/fileName/ARCorePackageMetadata.cs: 1751e19b3bc5d304ce814e7f02fa6d47 -> 
  custom:scripting/monoscript/fileName/ARCorePromise.cs: 90647cc400823b41df847a6cbfc29026 -> 
  custom:scripting/monoscript/fileName/ArCameraConfigFilter.cs: b80d5ef788f451fa06963271e9d59efb -> 
  custom:scripting/monoscript/fileName/Benchmark02.cs: 5640963252ce70910e726415f869ced6 -> 
  custom:scripting/monoscript/fileName/NativeView.cs: 4afb79670cf27530a179f070ba3fe9aa -> 
  custom:scripting/monoscript/fileName/ARCoreLoader.cs: 2c650baba67f1e04bc070894acda684f -> 
  custom:scripting/monoscript/fileName/ARCoreXRDepthSubsystem.deprecated.cs: 9f24fee25a0b08179d7d1cb09e2e51f5 -> 
  custom:scripting/monoscript/fileName/DropdownSample.cs: 0a92251794e5f10400149f96c3c59e5d -> 
  custom:scripting/monoscript/fileName/ARCoreEnvironmentProbeSubsystem.cs: 1b868584605b2895b3934baf5f9f6033 -> 
  custom:scripting/monoscript/fileName/WarpTextExample.cs: 2663459c266363641981c7d17b698d7f -> 
  custom:CustomObjectIndexerAttribute: 9a22284fe3817be447336de3de66b15e -> 
  custom:scripting/monoscript/fileName/ARCoreBuildProcessor.cs: d9eab941277ca6504aeebd69836dd8b0 -> 
  custom:scripting/monoscript/fileName/ARCoreBeforeGetCameraConfigurationEventArgs.cs: 8e2a6fe308d51ad1f6b16c500dc5dfb3 -> 
  custom:scripting/monoscript/fileName/ARCorePlaneSubsystem.cs: d2278eda10dae0fc36c44eee439649a4 -> 
  custom:container-demuxer-webm: 4f35f7cbe854078d1ac9338744f61a02 -> 
  custom:scripting/monoscript/fileName/ARCoreSettingsProvider.cs: 79c816e2cf7b68babc51565d8a334acf -> 
  custom:scripting/monoscript/fileName/ARCoreRaycastSubsystem.cs: 4746ee3ed0cece0abfde776c634af447 -> 
  custom:scripting/monoscript/fileName/ARCoreFaceSubsystem.cs: c496ea8c93654d4c22c4220a77e9a21d -> 
  custom:scripting/monoscript/fileName/ChatController.cs: 876d5ccae6e345dd5d9450eb0a748f16 -> 
  custom:scripting/monoscript/fileName/ArCameraConfig.cs: 4a875ddea718888a33e0d31342770b8d -> 
  custom:scripting/monoscript/fileName/TextMeshSpawner.cs: 76f28e2ddb031571e6ec62b018f65fa8 -> 
  custom:scripting/monoscript/fileName/Java.cs: 23333680cb2e70ba8bbce74628d877c3 -> 
  custom:scripting/monoscript/fileName/TeleType.cs: 31fa97821c4c70f157ec81d507aa6b62 -> 
  custom:scripting/monoscript/fileName/ARCoreLoaderConstants.cs: 1ca2b374b9eebdabc880c6eec02abfbe -> 
  custom:scripting/monoscript/fileName/Benchmark04.cs: 32220b148620e52aa81c13a114862bf4 -> 
  custom:scripting/monoscript/fileName/RcoApi.cs: 1b7d1343bf82f11ff12a2ad830cbbf88 -> 
  custom:scripting/monoscript/fileName/ARCoreLoaderSettings.cs: 98d75423d90e6a85b8a5d383cd4fad48 -> 
  custom:scripting/monoscript/fileName/ArPrestoApi.cs: 102320236e333507f3c23510cf5fedf0 -> 
  custom:container-muxer-webm: aa71ff27fc2769a1b78a27578f13a17b -> 
  custom:scripting/monoscript/fileName/ArString.cs: a85954ac20e0c75f9dbcbebac19f7fbf -> 
  custom:video-decoder-webm-vp8: 9c59270c3fd7afecdb556c50c9e8de78 -> 
  custom:scripting/monoscript/fileName/NativeObject.cs: 1c83a6ff9bdb6f537b0ca273504b9cb1 -> 
  custom:scripting/monoscript/fileName/TMP_PhoneNumberValidator.cs: 7c3049f481e464c6a9a15dee56c3126f -> 
  custom:scripting/precompiled-assembly-types:Unity.XR.ARCore.Editor: 02c2db43342c23e4477f9d7b07b95cb5 -> 
  custom:scripting/monoscript/fileName/ARCoreBeforeSetConfigurationEventArgs.cs: 234cd91ed3cdf60645705e8837e7e78d -> 
  custom:scripting/monoscript/fileName/ARCoreCameraSubsystem.cs: 2cce9a0f290d5c7a0cb70e2a3b0af3ab -> 
  custom:SearchIndexIgnoredProperties: e643bd26f0fe6173181afceb89e7c659 -> 
  custom:AudioImporter_EditorPlatform: d09bf68614088b80899f8185d706f6e7 -> 
  custom:scripting/monoscript/fileName/EnvMapAnimator.cs: 1b4f61c17e4b7283c3ac351aacff9d26 -> 
  custom:scripting/monoscript/fileName/InputLayoutLoader.cs: 2980c1660657b98176f57e2070c5cb69 -> a6fad719a67e63b0838341df7c073961
  custom:scripting/monoscript/fileName/ShaderPropAnimator.cs: 55ce425812446482e623ff2695c94cb2 -> 
  custom:scripting/monoscript/fileName/ARCoreImageDatabase.cs: 7f7d7783973546d2000bf9aa32566b8f -> 
  custom:scripting/monoscript/fileName/SimpleScript.cs: 454caab0c6c050f29b39d82e1d66d0fa -> 
  custom:scripting/monoscript/fileName/ObjectSpin.cs: 2b96bb2079dd7fa5108d981627a28e1e -> 
  custom:scripting/monoscript/fileName/StringExtensions.cs: 6f6c226b1c73c5132416ef95ad867308 -> 0a3ecf20ea398b07067a97ad700896f0
  custom:scripting/monoscript/fileName/CameraController.cs: 34b6be4e23ce86dc89786916c5983296 -> 
  custom:scripting/monoscript/fileName/TMP_TextInfoDebugTool.cs: 3f1709cfb2cc628169113a35b5e9be3f -> 
  custom:scripting/monoscript/fileName/CorrectAns.cs: fdde4066277fc48c40275864fb35c645 -> 
  custom:scripting/monoscript/fileName/ARCoreSettings.cs: 40690c9c4969c061c980f80d35c3e6fb -> 
  custom:scripting/monoscript/fileName/ArRecordingStatus.cs: 1e851bf64f38781ab761ff7585b2fc01 -> 
  custom:scripting/monoscript/fileName/TMP_TextSelector_A.cs: 347309a09d56e367b188a6978f75b424 -> 
  custom:video-encoder-webm-vp8: eb34c28f22e8b96e1ab97ce403110664 -> 
  custom:scripting/monoscript/fileName/ARCoreProjectValidationRules.cs: eeb621f554a206cb3c7975cb72a27397 -> 
  custom:audio-decoder-ogg-vorbis: bf7c407c2cedff20999df2af8eb42d56 -> 
  custom:scripting/monoscript/fileName/VertexJitter.cs: d27eb5498e48714a66aece98da065133 -> 
  custom:scripting/monoscript/fileName/TextConsoleSimulator.cs: 33fc311abb20b5b0ed8f00e4d86b574e -> 
  custom:scripting/monoscript/fileName/VertexColorCycler.cs: 5f984ca91cf3609293aecc6bc5641572 -> 
  custom:scripting/monoscript/fileName/TMP_FrameRateCounter.cs: 46f655df8cb483ac5958307137b1585a -> 
  custom:scripting/monoscript/fileName/VertexShakeB.cs: a6f78c4fcda1a29a1a1c1baefedba9e7 -> 
  custom:scripting/monoscript/fileName/TMP_UiFrameRateCounter.cs: b01021aea19247f14a98ab338907956a -> 
  custom:scripting/monoscript/fileName/ArConfig.cs: 3fcec3d7584809d01b43e09f93c614f3 -> 
  custom:scripting/monoscript/fileName/SafeArea.cs: 5837f9ee308c1c81b303fe8b1b1a4dd3 -> 
  custom:scripting/precompiled-assembly-types:Unity.XR.ARCore: 905f88ea8a843a72f400d724a929b837 -> 
  custom:scripting/monoscript/fileName/ARCoreFaceRegionData.cs: c3e1f4c128987c270a2af588eecf348c -> 
  custom:scripting/monoscript/fileName/TMPro_InstructionOverlay.cs: b626d2270e6ebd5c4311585c18b58d8d -> 
  custom:scripting/monoscript/fileName/TMP_DigitValidator.cs: ac02af96215ae3951a3cce9e1a8c6085 -> 
  custom:audio-encoder-webm-vorbis: bf7c407c2cedff20999df2af8eb42d56 -> 
  custom:scripting/monoscript/fileName/Benchmark01_UGUI.cs: 6148cfe2627b7708298f301788144139 -> 
  custom:scripting/monoscript/fileName/ARCoreApi.cs: b7be0b56411f0cdcb6a1075249abb802 -> 
  custom:scripting/monoscript/fileName/ARCorePermissionManager.cs: 532f7d03090ae14ae9bbbd403c359df8 -> 
  custom:scripting/monoscript/fileName/ARCoreImageLibraryBuildProcessor.cs: 3f33f565654fcd80e4aa61a92c2169a1 -> 
  custom:scripting/monoscript/fileName/ARCoreCpuImageApi.cs: 7e0d7ea0378a04357bca45463bebfe57 -> 
  custom:scripting/precompiled-assembly-types:Assembly-CSharp: 04058eb4e059ecaaffaf628fbb8cc8b6 -> 89929ada5f43583ec1b7a1998853525c
  custom:scripting/monoscript/fileName/Benchmark03.cs: 17cc87e0529ac71d909a946afb47a274 -> 
========================================================================
Received Prepare
Refreshing native plugins compatible for Editor in 5.64 ms, found 4 plugins.
Preloading 0 native plugins for Editor in 0.00 ms.
Unloading 20 Unused Serialized files (Serialized files now loaded: 0)
Unloading 20 unused Assets / (1.8 MB). Loaded Objects now: 5181.
Memory consumption went from 90.6 MB to 88.7 MB.
Total: 6.039500 ms (FindLiveObjects: 0.395100 ms CreateObjectMapping: 0.253500 ms MarkObjects: 4.252600 ms  DeleteObjects: 1.136800 ms)

Prepare: number of updated asset objects reloaded= 0
AssetImportParameters requested are different than current active one (requested -> active):
  custom:scripting/monoscript/fileName/ArRecordingConfig.cs: dfdb22d280f26bff6727fe6f9c34f9d1 -> 
  custom:scripting/monoscript/fileName/ArCoreImg.cs: 284f8bc57305622727946cdceadb2cef -> 
  custom:scripting/monoscript/fileName/Cli.cs: f278fa05dc0a28f05b8e56cf7a587c31 -> d287e08b50f2cb135aa4d7f8e01b7ef9
  custom:scripting/monoscript/fileName/SkewTextExample.cs: c142d02d70a129e0533975f7c2f96956 -> 
  custom:container-demuxer-ogg: 62fdf1f143b41e24485cea50d1cbac27 -> 
  custom:scripting/monoscript/fileName/ARCoreAnchorSubsystem.cs: 8fd89380878aa630c35614c13d4b70e4 -> 
  custom:scripting/monoscript/fileName/TMP_TextEventHandler.cs: f5cd9d5a43bfefc8f4fec80e6de896a4 -> 
  custom:scripting/monoscript/fileName/ARCoreSessionSubsystem.cs: 0499cfac149f3ba6a8678a379c5077a0 -> 
  custom:scripting/monoscript/fileName/TextMeshProFloatingText.cs: 92608fa4a6315cd0786d82205e77b697 -> 
  custom:scripting/monoscript/fileName/ARCoreOcclusionSubsystem.cs: 2a111039ddadb09f587c28ae3f37fc2b -> 
  custom:scripting/monoscript/fileName/VertexZoom.cs: 650ab1e81d40126e3edcf737cce646e4 -> 
  custom:scripting/monoscript/fileName/ARCoreXRPointCloudSubsystem.cs: a817e9a702204b3fa3e30b3243847693 -> 
  custom:scripting/monoscript/fileName/Gradle.cs: f2ad869b521aeebb9f3c8c6665622b87 -> 
  custom:video-codec-MediaFoundation-h265: 746d11721c4dcdbdad8f713fa42b33f4 -> 
  custom:scripting/monoscript/fileName/ImageConversionJobs.cs: 5daa4e6aadb43a7b9057d64b0ba5d568 -> 
  custom:scripting/monoscript/fileName/VertexShakeA.cs: 63ec564c588058369499638dd899e05b -> 
  custom:scripting/monoscript/fileName/TMP_ExampleScript_01.cs: a9d4be556104ff54e7d240529b3e01dc -> 
  custom:video-decoder-ogg-theora: a1e56fd34408186e4bbccfd4996cb3dc -> 
  custom:scripting/monoscript/fileName/TMP_TextEventCheck.cs: 13505d917eab5868c435e0c2986dadfa -> 
  custom:scripting/monoscript/fileName/TMP_TextSelector_B.cs: ba2be21a7486d37b1011342977a2e49d -> 
  custom:scripting/monoscript/fileName/Benchmark01.cs: 2d3e2cd961730ab95f139a49a673bace -> 
  custom:scripting/monoscript/fileName/HashCodeUtil.cs: 3ac2012e517078f051611cc23e19a706 -> ee7a4f9a9650d3c7f74eced4bfed8831
  custom:framework-win-MediaFoundation: 216162199b28c13a410421893ffa2e32 -> 
  custom:scripting/monoscript/fileName/ArSession.cs: dc9c4d04514fe088f4acb3a600cfa61f -> 
  custom:scripting/monoscript/fileName/ArPlaybackStatus.cs: f77b11c84a00703de9d452d424518caa -> 
  custom:scripting/monoscript/fileName/ManagedReferenceImage.cs: 3f74dd150e48d66b5dd8288f3c3e1c34 -> 
  custom:scripting/monoscript/fileName/ARCoreImageTrackingSubsystem.cs: 39d814b8b12f50336c43db8ce6f8ee94 -> 
  custom:scripting/monoscript/fileName/ARCorePackageMetadata.cs: 1751e19b3bc5d304ce814e7f02fa6d47 -> 
  custom:scripting/monoscript/fileName/ARCorePromise.cs: 90647cc400823b41df847a6cbfc29026 -> 
  custom:scripting/monoscript/fileName/ArCameraConfigFilter.cs: b80d5ef788f451fa06963271e9d59efb -> 
  custom:scripting/monoscript/fileName/Benchmark02.cs: 5640963252ce70910e726415f869ced6 -> 
  custom:scripting/monoscript/fileName/NativeView.cs: 4afb79670cf27530a179f070ba3fe9aa -> 
  custom:scripting/monoscript/fileName/ARCoreLoader.cs: 2c650baba67f1e04bc070894acda684f -> 
  custom:scripting/monoscript/fileName/ARCoreXRDepthSubsystem.deprecated.cs: 9f24fee25a0b08179d7d1cb09e2e51f5 -> 
  custom:scripting/monoscript/fileName/DropdownSample.cs: 0a92251794e5f10400149f96c3c59e5d -> 
  custom:scripting/monoscript/fileName/ARCoreEnvironmentProbeSubsystem.cs: 1b868584605b2895b3934baf5f9f6033 -> 
  custom:scripting/monoscript/fileName/WarpTextExample.cs: 2663459c266363641981c7d17b698d7f -> 
  custom:CustomObjectIndexerAttribute: 9a22284fe3817be447336de3de66b15e -> 
  custom:scripting/monoscript/fileName/ARCoreBuildProcessor.cs: d9eab941277ca6504aeebd69836dd8b0 -> 
  custom:scripting/monoscript/fileName/ARCoreBeforeGetCameraConfigurationEventArgs.cs: 8e2a6fe308d51ad1f6b16c500dc5dfb3 -> 
  custom:scripting/monoscript/fileName/ARCorePlaneSubsystem.cs: d2278eda10dae0fc36c44eee439649a4 -> 
  custom:container-demuxer-webm: 4f35f7cbe854078d1ac9338744f61a02 -> 
  custom:scripting/monoscript/fileName/ARCoreSettingsProvider.cs: 79c816e2cf7b68babc51565d8a334acf -> 
  custom:scripting/monoscript/fileName/ARCoreRaycastSubsystem.cs: 4746ee3ed0cece0abfde776c634af447 -> 
  custom:scripting/monoscript/fileName/ARCoreFaceSubsystem.cs: c496ea8c93654d4c22c4220a77e9a21d -> 
  custom:scripting/monoscript/fileName/ChatController.cs: 876d5ccae6e345dd5d9450eb0a748f16 -> 
  custom:scripting/monoscript/fileName/ArCameraConfig.cs: 4a875ddea718888a33e0d31342770b8d -> 
  custom:scripting/monoscript/fileName/TextMeshSpawner.cs: 76f28e2ddb031571e6ec62b018f65fa8 -> 
  custom:scripting/monoscript/fileName/Java.cs: 23333680cb2e70ba8bbce74628d877c3 -> 
  custom:scripting/monoscript/fileName/TeleType.cs: 31fa97821c4c70f157ec81d507aa6b62 -> 
  custom:scripting/monoscript/fileName/ARCoreLoaderConstants.cs: 1ca2b374b9eebdabc880c6eec02abfbe -> 
  custom:scripting/monoscript/fileName/Benchmark04.cs: 32220b148620e52aa81c13a114862bf4 -> 
  custom:scripting/monoscript/fileName/RcoApi.cs: 1b7d1343bf82f11ff12a2ad830cbbf88 -> 
  custom:scripting/monoscript/fileName/ARCoreLoaderSettings.cs: 98d75423d90e6a85b8a5d383cd4fad48 -> 
  custom:scripting/monoscript/fileName/ArPrestoApi.cs: 102320236e333507f3c23510cf5fedf0 -> 
  custom:container-muxer-webm: aa71ff27fc2769a1b78a27578f13a17b -> 
  custom:scripting/monoscript/fileName/ArString.cs: a85954ac20e0c75f9dbcbebac19f7fbf -> 
  custom:video-decoder-webm-vp8: 9c59270c3fd7afecdb556c50c9e8de78 -> 
  custom:scripting/monoscript/fileName/NativeObject.cs: 1c83a6ff9bdb6f537b0ca273504b9cb1 -> 
  custom:scripting/monoscript/fileName/TMP_PhoneNumberValidator.cs: 7c3049f481e464c6a9a15dee56c3126f -> 
  custom:scripting/precompiled-assembly-types:Unity.XR.ARCore.Editor: 02c2db43342c23e4477f9d7b07b95cb5 -> 
  custom:scripting/monoscript/fileName/ARCoreBeforeSetConfigurationEventArgs.cs: 234cd91ed3cdf60645705e8837e7e78d -> 
  custom:scripting/monoscript/fileName/ARCoreCameraSubsystem.cs: 2cce9a0f290d5c7a0cb70e2a3b0af3ab -> 
  custom:SearchIndexIgnoredProperties: e643bd26f0fe6173181afceb89e7c659 -> 
  custom:AudioImporter_EditorPlatform: d09bf68614088b80899f8185d706f6e7 -> 
  custom:scripting/monoscript/fileName/EnvMapAnimator.cs: 1b4f61c17e4b7283c3ac351aacff9d26 -> 
  custom:scripting/monoscript/fileName/InputLayoutLoader.cs: 2980c1660657b98176f57e2070c5cb69 -> a6fad719a67e63b0838341df7c073961
  custom:scripting/monoscript/fileName/ShaderPropAnimator.cs: 55ce425812446482e623ff2695c94cb2 -> 
  custom:scripting/monoscript/fileName/ARCoreImageDatabase.cs: 7f7d7783973546d2000bf9aa32566b8f -> 
  custom:scripting/monoscript/fileName/SimpleScript.cs: 454caab0c6c050f29b39d82e1d66d0fa -> 
  custom:scripting/monoscript/fileName/ObjectSpin.cs: 2b96bb2079dd7fa5108d981627a28e1e -> 
  custom:scripting/monoscript/fileName/StringExtensions.cs: 6f6c226b1c73c5132416ef95ad867308 -> 0a3ecf20ea398b07067a97ad700896f0
  custom:scripting/monoscript/fileName/CameraController.cs: 34b6be4e23ce86dc89786916c5983296 -> 
  custom:scripting/monoscript/fileName/TMP_TextInfoDebugTool.cs: 3f1709cfb2cc628169113a35b5e9be3f -> 
  custom:scripting/monoscript/fileName/CorrectAns.cs: fdde4066277fc48c40275864fb35c645 -> 
  custom:scripting/monoscript/fileName/ARCoreSettings.cs: 40690c9c4969c061c980f80d35c3e6fb -> 
  custom:scripting/monoscript/fileName/ArRecordingStatus.cs: 1e851bf64f38781ab761ff7585b2fc01 -> 
  custom:scripting/monoscript/fileName/TMP_TextSelector_A.cs: 347309a09d56e367b188a6978f75b424 -> 
  custom:video-encoder-webm-vp8: eb34c28f22e8b96e1ab97ce403110664 -> 
  custom:scripting/monoscript/fileName/ARCoreProjectValidationRules.cs: eeb621f554a206cb3c7975cb72a27397 -> 
  custom:audio-decoder-ogg-vorbis: bf7c407c2cedff20999df2af8eb42d56 -> 
  custom:scripting/monoscript/fileName/VertexJitter.cs: d27eb5498e48714a66aece98da065133 -> 
  custom:scripting/monoscript/fileName/TextConsoleSimulator.cs: 33fc311abb20b5b0ed8f00e4d86b574e -> 
  custom:scripting/monoscript/fileName/VertexColorCycler.cs: 5f984ca91cf3609293aecc6bc5641572 -> 
  custom:scripting/monoscript/fileName/TMP_FrameRateCounter.cs: 46f655df8cb483ac5958307137b1585a -> 
  custom:scripting/monoscript/fileName/VertexShakeB.cs: a6f78c4fcda1a29a1a1c1baefedba9e7 -> 
  custom:scripting/monoscript/fileName/TMP_UiFrameRateCounter.cs: b01021aea19247f14a98ab338907956a -> 
  custom:scripting/monoscript/fileName/ArConfig.cs: 3fcec3d7584809d01b43e09f93c614f3 -> 
  custom:scripting/monoscript/fileName/SafeArea.cs: 5837f9ee308c1c81b303fe8b1b1a4dd3 -> 
  custom:scripting/precompiled-assembly-types:Unity.XR.ARCore: 905f88ea8a843a72f400d724a929b837 -> 
  custom:scripting/monoscript/fileName/ARCoreFaceRegionData.cs: c3e1f4c128987c270a2af588eecf348c -> 
  custom:scripting/monoscript/fileName/TMPro_InstructionOverlay.cs: b626d2270e6ebd5c4311585c18b58d8d -> 
  custom:scripting/monoscript/fileName/TMP_DigitValidator.cs: ac02af96215ae3951a3cce9e1a8c6085 -> 
  custom:audio-encoder-webm-vorbis: bf7c407c2cedff20999df2af8eb42d56 -> 
  custom:scripting/monoscript/fileName/Benchmark01_UGUI.cs: 6148cfe2627b7708298f301788144139 -> 
  custom:scripting/monoscript/fileName/ARCoreApi.cs: b7be0b56411f0cdcb6a1075249abb802 -> 
  custom:scripting/monoscript/fileName/ARCorePermissionManager.cs: 532f7d03090ae14ae9bbbd403c359df8 -> 
  custom:scripting/monoscript/fileName/ARCoreImageLibraryBuildProcessor.cs: 3f33f565654fcd80e4aa61a92c2169a1 -> 
  custom:scripting/monoscript/fileName/ARCoreCpuImageApi.cs: 7e0d7ea0378a04357bca45463bebfe57 -> 
  custom:scripting/precompiled-assembly-types:Assembly-CSharp: 04058eb4e059ecaaffaf628fbb8cc8b6 -> 89929ada5f43583ec1b7a1998853525c
  custom:scripting/monoscript/fileName/Benchmark03.cs: 17cc87e0529ac71d909a946afb47a274 -> 
========================================================================
Received Prepare
Caller must complete domain reload
Begin MonoManager ReloadAssembly
- Loaded All Assemblies, in  0.445 seconds
Native extension for WindowsStandalone target not found
Native extension for Android target not found
[Package Manager] Server::EnsureServerProcessIsRunning -- launch failed, reason: Unity was launched with the -noUpm command-line argument
[Package Manager] UpmClient::Send -- Unable to send message (not connected to UPM process).
[Package Manager] Cannot connect to Unity Package Manager local server
Mono: successfully reloaded assembly
[Package Manager] Server::EnsureServerProcessIsRunning -- launch failed, reason: Unity was launched with the -noUpm command-line argument
[Package Manager] UpmClient::Send -- Unable to send message (not connected to UPM process).
[Package Manager] Cannot connect to Unity Package Manager local server
- Finished resetting the current domain, in  1.560 seconds
Domain Reload Profiling: 2005ms
	BeginReloadAssembly (149ms)
		ExecutionOrderSort (0ms)
		DisableScriptedObjects (4ms)
		BackupInstance (0ms)
		ReleaseScriptingObjects (0ms)
		CreateAndSetChildDomain (30ms)
	RebuildCommonClasses (31ms)
	RebuildNativeTypeToScriptingClass (11ms)
	initialDomainReloadingComplete (19ms)
	LoadAllAssembliesAndSetupDomain (236ms)
		LoadAssemblies (306ms)
		RebuildTransferFunctionScriptingTraits (0ms)
		AnalyzeDomain (15ms)
			TypeCache.Refresh (7ms)
				TypeCache.ScanAssembly (0ms)
			ScanForSourceGeneratedMonoScriptInfo (0ms)
			ResolveRequiredComponents (7ms)
	FinalizeReload (1560ms)
		ReleaseScriptCaches (0ms)
		RebuildScriptCaches (0ms)
		SetupLoadedEditorAssemblies (425ms)
			LogAssemblyErrors (0ms)
			InitializePlatformSupportModulesInManaged (15ms)
			SetLoadedEditorAssemblies (4ms)
			RefreshPlugins (0ms)
			BeforeProcessingInitializeOnLoad (56ms)
			ProcessInitializeOnLoadAttributes (312ms)
			ProcessInitializeOnLoadMethodAttributes (37ms)
			AfterProcessingInitializeOnLoad (1ms)
			EditorAssembliesLoaded (0ms)
		ExecutionOrderSort2 (0ms)
		AwakeInstancesAfterBackupRestoration (7ms)
Refreshing native plugins compatible for Editor in 5.67 ms, found 4 plugins.
Preloading 0 native plugins for Editor in 0.00 ms.
Unloading 4569 Unused Serialized files (Serialized files now loaded: 0)
Unloading 34 unused Assets / (1.8 MB). Loaded Objects now: 5185.
Memory consumption went from 161.1 MB to 159.3 MB.
Total: 3.710500 ms (FindLiveObjects: 0.245700 ms CreateObjectMapping: 0.131700 ms MarkObjects: 2.627800 ms  DeleteObjects: 0.703400 ms)

Prepare: number of updated asset objects reloaded= 0
AssetImportParameters requested are different than current active one (requested -> active):
  custom:scripting/monoscript/fileName/ArRecordingConfig.cs: dfdb22d280f26bff6727fe6f9c34f9d1 -> 
  custom:scripting/monoscript/fileName/ArCoreImg.cs: 284f8bc57305622727946cdceadb2cef -> 
  custom:scripting/monoscript/fileName/Cli.cs: f278fa05dc0a28f05b8e56cf7a587c31 -> d287e08b50f2cb135aa4d7f8e01b7ef9
  custom:scripting/monoscript/fileName/SkewTextExample.cs: c142d02d70a129e0533975f7c2f96956 -> 
  custom:container-demuxer-ogg: 62fdf1f143b41e24485cea50d1cbac27 -> 
  custom:scripting/monoscript/fileName/ARCoreAnchorSubsystem.cs: 8fd89380878aa630c35614c13d4b70e4 -> 
  custom:scripting/monoscript/fileName/TMP_TextEventHandler.cs: f5cd9d5a43bfefc8f4fec80e6de896a4 -> 
  custom:scripting/monoscript/fileName/ARCoreSessionSubsystem.cs: 0499cfac149f3ba6a8678a379c5077a0 -> 
  custom:scripting/monoscript/fileName/TextMeshProFloatingText.cs: 92608fa4a6315cd0786d82205e77b697 -> 
  custom:scripting/monoscript/fileName/ARCoreOcclusionSubsystem.cs: 2a111039ddadb09f587c28ae3f37fc2b -> 
  custom:scripting/monoscript/fileName/VertexZoom.cs: 650ab1e81d40126e3edcf737cce646e4 -> 
  custom:scripting/monoscript/fileName/ARCoreXRPointCloudSubsystem.cs: a817e9a702204b3fa3e30b3243847693 -> 
  custom:scripting/monoscript/fileName/Gradle.cs: f2ad869b521aeebb9f3c8c6665622b87 -> 
  custom:video-codec-MediaFoundation-h265: 746d11721c4dcdbdad8f713fa42b33f4 -> 
  custom:scripting/monoscript/fileName/ImageConversionJobs.cs: 5daa4e6aadb43a7b9057d64b0ba5d568 -> 
  custom:scripting/monoscript/fileName/VertexShakeA.cs: 63ec564c588058369499638dd899e05b -> 
  custom:scripting/monoscript/fileName/TMP_ExampleScript_01.cs: a9d4be556104ff54e7d240529b3e01dc -> 
  custom:video-decoder-ogg-theora: a1e56fd34408186e4bbccfd4996cb3dc -> 
  custom:scripting/monoscript/fileName/TMP_TextEventCheck.cs: 13505d917eab5868c435e0c2986dadfa -> 
  custom:scripting/monoscript/fileName/TMP_TextSelector_B.cs: ba2be21a7486d37b1011342977a2e49d -> 
  custom:scripting/monoscript/fileName/Benchmark01.cs: 2d3e2cd961730ab95f139a49a673bace -> 
  custom:scripting/monoscript/fileName/HashCodeUtil.cs: 3ac2012e517078f051611cc23e19a706 -> ee7a4f9a9650d3c7f74eced4bfed8831
  custom:framework-win-MediaFoundation: 216162199b28c13a410421893ffa2e32 -> 
  custom:scripting/monoscript/fileName/ArSession.cs: dc9c4d04514fe088f4acb3a600cfa61f -> 
  custom:scripting/monoscript/fileName/ArPlaybackStatus.cs: f77b11c84a00703de9d452d424518caa -> 
  custom:scripting/monoscript/fileName/ManagedReferenceImage.cs: 3f74dd150e48d66b5dd8288f3c3e1c34 -> 
  custom:scripting/monoscript/fileName/ARCoreImageTrackingSubsystem.cs: 39d814b8b12f50336c43db8ce6f8ee94 -> 
  custom:scripting/monoscript/fileName/ARCorePackageMetadata.cs: 1751e19b3bc5d304ce814e7f02fa6d47 -> 
  custom:scripting/monoscript/fileName/ARCorePromise.cs: 90647cc400823b41df847a6cbfc29026 -> 
  custom:scripting/monoscript/fileName/ArCameraConfigFilter.cs: b80d5ef788f451fa06963271e9d59efb -> 
  custom:scripting/monoscript/fileName/Benchmark02.cs: 5640963252ce70910e726415f869ced6 -> 
  custom:scripting/monoscript/fileName/NativeView.cs: 4afb79670cf27530a179f070ba3fe9aa -> 
  custom:scripting/monoscript/fileName/ARCoreLoader.cs: 2c650baba67f1e04bc070894acda684f -> 
  custom:scripting/monoscript/fileName/ARCoreXRDepthSubsystem.deprecated.cs: 9f24fee25a0b08179d7d1cb09e2e51f5 -> 
  custom:scripting/monoscript/fileName/DropdownSample.cs: 0a92251794e5f10400149f96c3c59e5d -> 
  custom:scripting/monoscript/fileName/ARCoreEnvironmentProbeSubsystem.cs: 1b868584605b2895b3934baf5f9f6033 -> 
  custom:scripting/monoscript/fileName/WarpTextExample.cs: 2663459c266363641981c7d17b698d7f -> 
  custom:CustomObjectIndexerAttribute: 9a22284fe3817be447336de3de66b15e -> 
  custom:scripting/monoscript/fileName/ARCoreBuildProcessor.cs: d9eab941277ca6504aeebd69836dd8b0 -> 
  custom:scripting/monoscript/fileName/ARCoreBeforeGetCameraConfigurationEventArgs.cs: 8e2a6fe308d51ad1f6b16c500dc5dfb3 -> 
  custom:scripting/monoscript/fileName/ARCorePlaneSubsystem.cs: d2278eda10dae0fc36c44eee439649a4 -> 
  custom:container-demuxer-webm: 4f35f7cbe854078d1ac9338744f61a02 -> 
  custom:scripting/monoscript/fileName/ARCoreSettingsProvider.cs: 79c816e2cf7b68babc51565d8a334acf -> 
  custom:scripting/monoscript/fileName/ARCoreRaycastSubsystem.cs: 4746ee3ed0cece0abfde776c634af447 -> 
  custom:scripting/monoscript/fileName/ARCoreFaceSubsystem.cs: c496ea8c93654d4c22c4220a77e9a21d -> 
  custom:scripting/monoscript/fileName/ChatController.cs: 876d5ccae6e345dd5d9450eb0a748f16 -> 
  custom:scripting/monoscript/fileName/ArCameraConfig.cs: 4a875ddea718888a33e0d31342770b8d -> 
  custom:scripting/monoscript/fileName/TextMeshSpawner.cs: 76f28e2ddb031571e6ec62b018f65fa8 -> 
  custom:scripting/monoscript/fileName/Java.cs: 23333680cb2e70ba8bbce74628d877c3 -> 
  custom:scripting/monoscript/fileName/TeleType.cs: 31fa97821c4c70f157ec81d507aa6b62 -> 
  custom:scripting/monoscript/fileName/ARCoreLoaderConstants.cs: 1ca2b374b9eebdabc880c6eec02abfbe -> 
  custom:scripting/monoscript/fileName/Benchmark04.cs: 32220b148620e52aa81c13a114862bf4 -> 
  custom:scripting/monoscript/fileName/RcoApi.cs: 1b7d1343bf82f11ff12a2ad830cbbf88 -> 
  custom:scripting/monoscript/fileName/ARCoreLoaderSettings.cs: 98d75423d90e6a85b8a5d383cd4fad48 -> 
  custom:scripting/monoscript/fileName/ArPrestoApi.cs: 102320236e333507f3c23510cf5fedf0 -> 
  custom:container-muxer-webm: aa71ff27fc2769a1b78a27578f13a17b -> 
  custom:scripting/monoscript/fileName/ArString.cs: a85954ac20e0c75f9dbcbebac19f7fbf -> 
  custom:video-decoder-webm-vp8: 9c59270c3fd7afecdb556c50c9e8de78 -> 
  custom:scripting/monoscript/fileName/NativeObject.cs: 1c83a6ff9bdb6f537b0ca273504b9cb1 -> 
  custom:scripting/monoscript/fileName/TMP_PhoneNumberValidator.cs: 7c3049f481e464c6a9a15dee56c3126f -> 
  custom:scripting/precompiled-assembly-types:Unity.XR.ARCore.Editor: 02c2db43342c23e4477f9d7b07b95cb5 -> 
  custom:scripting/monoscript/fileName/ARCoreBeforeSetConfigurationEventArgs.cs: 234cd91ed3cdf60645705e8837e7e78d -> 
  custom:scripting/monoscript/fileName/ARCoreCameraSubsystem.cs: 2cce9a0f290d5c7a0cb70e2a3b0af3ab -> 
  custom:SearchIndexIgnoredProperties: e643bd26f0fe6173181afceb89e7c659 -> 
  custom:AudioImporter_EditorPlatform: d09bf68614088b80899f8185d706f6e7 -> 
  custom:scripting/monoscript/fileName/EnvMapAnimator.cs: 1b4f61c17e4b7283c3ac351aacff9d26 -> 
  custom:scripting/monoscript/fileName/InputLayoutLoader.cs: 2980c1660657b98176f57e2070c5cb69 -> a6fad719a67e63b0838341df7c073961
  custom:scripting/monoscript/fileName/ShaderPropAnimator.cs: 55ce425812446482e623ff2695c94cb2 -> 
  custom:scripting/monoscript/fileName/ARCoreImageDatabase.cs: 7f7d7783973546d2000bf9aa32566b8f -> 
  custom:scripting/monoscript/fileName/SimpleScript.cs: 454caab0c6c050f29b39d82e1d66d0fa -> 
  custom:scripting/monoscript/fileName/ObjectSpin.cs: 2b96bb2079dd7fa5108d981627a28e1e -> 
  custom:scripting/monoscript/fileName/StringExtensions.cs: 6f6c226b1c73c5132416ef95ad867308 -> 0a3ecf20ea398b07067a97ad700896f0
  custom:scripting/monoscript/fileName/CameraController.cs: 34b6be4e23ce86dc89786916c5983296 -> 
  custom:scripting/monoscript/fileName/TMP_TextInfoDebugTool.cs: 3f1709cfb2cc628169113a35b5e9be3f -> 
  custom:scripting/monoscript/fileName/CorrectAns.cs: fdde4066277fc48c40275864fb35c645 -> 
  custom:scripting/monoscript/fileName/ARCoreSettings.cs: 40690c9c4969c061c980f80d35c3e6fb -> 
  custom:scripting/monoscript/fileName/ArRecordingStatus.cs: 1e851bf64f38781ab761ff7585b2fc01 -> 
  custom:scripting/monoscript/fileName/TMP_TextSelector_A.cs: 347309a09d56e367b188a6978f75b424 -> 
  custom:video-encoder-webm-vp8: eb34c28f22e8b96e1ab97ce403110664 -> 
  custom:scripting/monoscript/fileName/ARCoreProjectValidationRules.cs: eeb621f554a206cb3c7975cb72a27397 -> 
  custom:audio-decoder-ogg-vorbis: bf7c407c2cedff20999df2af8eb42d56 -> 
  custom:scripting/monoscript/fileName/VertexJitter.cs: d27eb5498e48714a66aece98da065133 -> 
  custom:scripting/monoscript/fileName/TextConsoleSimulator.cs: 33fc311abb20b5b0ed8f00e4d86b574e -> 
  custom:scripting/monoscript/fileName/VertexColorCycler.cs: 5f984ca91cf3609293aecc6bc5641572 -> 
  custom:scripting/monoscript/fileName/TMP_FrameRateCounter.cs: 46f655df8cb483ac5958307137b1585a -> 
  custom:scripting/monoscript/fileName/VertexShakeB.cs: a6f78c4fcda1a29a1a1c1baefedba9e7 -> 
  custom:scripting/monoscript/fileName/TMP_UiFrameRateCounter.cs: b01021aea19247f14a98ab338907956a -> 
  custom:scripting/monoscript/fileName/ArConfig.cs: 3fcec3d7584809d01b43e09f93c614f3 -> 
  custom:scripting/monoscript/fileName/SafeArea.cs: 5837f9ee308c1c81b303fe8b1b1a4dd3 -> 
  custom:scripting/precompiled-assembly-types:Unity.XR.ARCore: 905f88ea8a843a72f400d724a929b837 -> 
  custom:scripting/monoscript/fileName/ARCoreFaceRegionData.cs: c3e1f4c128987c270a2af588eecf348c -> 
  custom:scripting/monoscript/fileName/TMPro_InstructionOverlay.cs: b626d2270e6ebd5c4311585c18b58d8d -> 
  custom:scripting/monoscript/fileName/TMP_DigitValidator.cs: ac02af96215ae3951a3cce9e1a8c6085 -> 
  custom:audio-encoder-webm-vorbis: bf7c407c2cedff20999df2af8eb42d56 -> 
  custom:scripting/monoscript/fileName/Benchmark01_UGUI.cs: 6148cfe2627b7708298f301788144139 -> 
  custom:scripting/monoscript/fileName/ARCoreApi.cs: b7be0b56411f0cdcb6a1075249abb802 -> 
  custom:scripting/monoscript/fileName/ARCorePermissionManager.cs: 532f7d03090ae14ae9bbbd403c359df8 -> 
  custom:scripting/monoscript/fileName/ARCoreImageLibraryBuildProcessor.cs: 3f33f565654fcd80e4aa61a92c2169a1 -> 
  custom:scripting/monoscript/fileName/ARCoreCpuImageApi.cs: 7e0d7ea0378a04357bca45463bebfe57 -> 
  custom:scripting/precompiled-assembly-types:Assembly-CSharp: 04058eb4e059ecaaffaf628fbb8cc8b6 -> 89929ada5f43583ec1b7a1998853525c
  custom:scripting/monoscript/fileName/Benchmark03.cs: 17cc87e0529ac71d909a946afb47a274 -> 
========================================================================
Received Import Request.
  Time since last request: 799.823450 seconds.
  path: Assets/Scenes/MCQ/QnA.unity
  artifactKey: Guid(d56e7f4ad9af2284fb2276dbaf441ab5) Importer(815301076,1909f56bfc062723c751e8b465ee728b)
Start importing Assets/Scenes/MCQ/QnA.unity using Guid(d56e7f4ad9af2284fb2276dbaf441ab5) Importer(815301076,1909f56bfc062723c751e8b465ee728b) [PhysX] Initialized MultithreadedTaskDispatcher with 20 workers.
 -> (artifact id: '19fd341691dbed664c17e41f1d8eb70e') in 0.003366 seconds
Number of updated asset objects reloaded before import = 0
Number of asset objects unloaded after import = 0
========================================================================
Received Import Request.
  Time since last request: 232.676396 seconds.
  path: Assets/Qna/Sound/Planet/jupiter.mp3
  artifactKey: Guid(bcdf9f28b8e5a8643b55b6fbb71f1b27) Importer(815301076,1909f56bfc062723c751e8b465ee728b)
Start importing Assets/Qna/Sound/Planet/jupiter.mp3 using Guid(bcdf9f28b8e5a8643b55b6fbb71f1b27) Importer(815301076,1909f56bfc062723c751e8b465ee728b) [PhysX] Initialized MultithreadedTaskDispatcher with 20 workers.
[PhysX] Initialized MultithreadedTaskDispatcher with 20 workers.
 -> (artifact id: '759116bafab5b814f53c5a9c212843b9') in 0.051350 seconds
Number of updated asset objects reloaded before import = 0
Number of asset objects unloaded after import = 2
========================================================================
Received Import Request.
  Time since last request: 0.237113 seconds.
  path: Assets/Qna/Sound/Planet/Mercury.mp3
  artifactKey: Guid(b1de2dc03759ec44784062acc2808c06) Importer(815301076,1909f56bfc062723c751e8b465ee728b)
Start importing Assets/Qna/Sound/Planet/Mercury.mp3 using Guid(b1de2dc03759ec44784062acc2808c06) Importer(815301076,1909f56bfc062723c751e8b465ee728b) [PhysX] Initialized MultithreadedTaskDispatcher with 20 workers.
[PhysX] Initialized MultithreadedTaskDispatcher with 20 workers.
 -> (artifact id: 'a29f381cd7e26f6d86159f7fc310082f') in 0.021135 seconds
Number of updated asset objects reloaded before import = 0
Number of asset objects unloaded after import = 2
========================================================================
Received Import Request.
  Time since last request: 0.000132 seconds.
  path: Assets/Qna/Sound/Planet/saturn.mp3
  artifactKey: Guid(7c198e3e5d6eda64eb2dcfc7a62e1650) Importer(815301076,1909f56bfc062723c751e8b465ee728b)
Start importing Assets/Qna/Sound/Planet/saturn.mp3 using Guid(7c198e3e5d6eda64eb2dcfc7a62e1650) Importer(815301076,1909f56bfc062723c751e8b465ee728b) [PhysX] Initialized MultithreadedTaskDispatcher with 20 workers.
[PhysX] Initialized MultithreadedTaskDispatcher with 20 workers.
 -> (artifact id: '6d945a4b580c8fd57b6276e57df85d65') in 0.019318 seconds
Number of updated asset objects reloaded before import = 0
Number of asset objects unloaded after import = 2
========================================================================
Received Import Request.
  Time since last request: 0.000019 seconds.
  path: Assets/Qna/Sound/Planet/Neptune.mp3
  artifactKey: Guid(2636fb5e05837ce4f8b94a36db5ae692) Importer(815301076,1909f56bfc062723c751e8b465ee728b)
Start importing Assets/Qna/Sound/Planet/Neptune.mp3 using Guid(2636fb5e05837ce4f8b94a36db5ae692) Importer(815301076,1909f56bfc062723c751e8b465ee728b) [PhysX] Initialized MultithreadedTaskDispatcher with 20 workers.
[PhysX] Initialized MultithreadedTaskDispatcher with 20 workers.
 -> (artifact id: 'f8da714543344142b17bdfeef8784111') in 0.017377 seconds
Number of updated asset objects reloaded before import = 0
Number of asset objects unloaded after import = 2
Editor requested this worker to shutdown with reason: Scaling down because of idle timeout
TcpMessagingSession - receive error
AssetImportWorkerClient::OnTransportError - code=2 error=End of file
AssetImportWorker is now disconnected from the server
Process exiting
Exiting without the bug reporter. Application will terminate with return code 0