Using pre-set license
Built from '2022.3/staging' branch; Version is '2022.3.55f1 (9f374180d209) revision 10434369'; Using compiler version '192829333'; Build Type 'Release'
OS: 'Windows 11  (10.0.22631) 64bit CoreSingleLanguage' Language: 'en' Physical Memory: 16011 MB
BatchMode: 1, IsHumanControllingUs: 0, StartBugReporterOnCrash: 0, Is64bit: 1, IsPro: 1

COMMAND LINE ARGUMENTS:
E:\UnityHub\2022.3.55f1\Editor\Unity.exe
-adb2
-batchMode
-noUpm
-name
AssetImportWorker2
-projectPath
E:/TamilHackathon/Vision
-logFile
Logs/AssetImportWorker2.log
-srvPort
62920
Successfully changed project path to: E:/TamilHackathon/Vision
E:/TamilHackathon/Vision
[UnityMemory] Configuration Parameters - Can be set up in boot.config
    "memorysetup-bucket-allocator-granularity=16"
    "memorysetup-bucket-allocator-bucket-count=8"
    "memorysetup-bucket-allocator-block-size=33554432"
    "memorysetup-bucket-allocator-block-count=8"
    "memorysetup-main-allocator-block-size=16777216"
    "memorysetup-thread-allocator-block-size=16777216"
    "memorysetup-gfx-main-allocator-block-size=16777216"
    "memorysetup-gfx-thread-allocator-block-size=16777216"
    "memorysetup-cache-allocator-block-size=4194304"
    "memorysetup-typetree-allocator-block-size=2097152"
    "memorysetup-profiler-bucket-allocator-granularity=16"
    "memorysetup-profiler-bucket-allocator-bucket-count=8"
    "memorysetup-profiler-bucket-allocator-block-size=33554432"
    "memorysetup-profiler-bucket-allocator-block-count=8"
    "memorysetup-profiler-allocator-block-size=16777216"
    "memorysetup-profiler-editor-allocator-block-size=1048576"
    "memorysetup-temp-allocator-size-main=16777216"
    "memorysetup-job-temp-allocator-block-size=2097152"
    "memorysetup-job-temp-allocator-block-size-background=1048576"
    "memorysetup-job-temp-allocator-reduction-small-platforms=262144"
    "memorysetup-allocator-temp-initial-block-size-main=262144"
    "memorysetup-allocator-temp-initial-block-size-worker=262144"
    "memorysetup-temp-allocator-size-background-worker=32768"
    "memorysetup-temp-allocator-size-job-worker=262144"
    "memorysetup-temp-allocator-size-preload-manager=33554432"
    "memorysetup-temp-allocator-size-nav-mesh-worker=65536"
    "memorysetup-temp-allocator-size-audio-worker=65536"
    "memorysetup-temp-allocator-size-cloud-worker=32768"
    "memorysetup-temp-allocator-size-gi-baking-worker=262144"
    "memorysetup-temp-allocator-size-gfx=262144"
Player connection [35664]  Target information:

Player connection [35664]  * "[IP] 10.9.247.216 [Port] 0 [Flags] 2 [Guid] 3071921824 [EditorId] 3071921824 [Version] 1048832 [Id] WindowsEditor(7,LAPTOP-OMTCREG9) [Debug] 1 [PackageName] WindowsEditor [ProjectName] Editor" 

Player connection [35664] Host joined multi-casting on [225.0.0.222:54997]...
Player connection [35664] Host joined alternative multi-casting on [225.0.0.222:34997]...
[PhysX] Initialized MultithreadedTaskDispatcher with 20 workers.
Refreshing native plugins compatible for Editor in 13.59 ms, found 4 plugins.
Preloading 0 native plugins for Editor in 0.00 ms.
Initialize engine version: 2022.3.55f1 (9f374180d209)
[Subsystems] Discovering subsystems at path E:/UnityHub/2022.3.55f1/Editor/Data/Resources/UnitySubsystems
[Subsystems] Discovering subsystems at path E:/TamilHackathon/Vision/Assets
GfxDevice: creating device client; threaded=0; jobified=0
Direct3D:
    Version:  Direct3D 11.0 [level 11.1]
    Renderer: NVIDIA GeForce RTX 4060 Laptop GPU (ID=0x28e0)
    Vendor:   NVIDIA
    VRAM:     7957 MB
    Driver:   32.0.15.7652
Initialize mono
Mono path[0] = 'E:/UnityHub/2022.3.55f1/Editor/Data/Managed'
Mono path[1] = 'E:/UnityHub/2022.3.55f1/Editor/Data/MonoBleedingEdge/lib/mono/unityjit-win32'
Mono config path = 'E:/UnityHub/2022.3.55f1/Editor/Data/MonoBleedingEdge/etc'
Using monoOptions --debugger-agent=transport=dt_socket,embedding=1,server=y,suspend=n,address=127.0.0.1:56188
Begin MonoManager ReloadAssembly
Registering precompiled unity dll's ...
Register platform support module: E:/UnityHub/2022.3.55f1/Editor/Data/PlaybackEngines/AndroidPlayer/UnityEditor.Android.Extensions.dll
Register platform support module: E:/UnityHub/2022.3.55f1/Editor/Data/PlaybackEngines/WindowsStandaloneSupport/UnityEditor.WindowsStandalone.Extensions.dll
Registered in 0.002739 seconds.
- Loaded All Assemblies, in  0.284 seconds
Native extension for WindowsStandalone target not found
Native extension for Android target not found
Android Extension - Scanning For ADB Devices 280 ms
Mono: successfully reloaded assembly
- Finished resetting the current domain, in  0.524 seconds
Domain Reload Profiling: 808ms
	BeginReloadAssembly (94ms)
		ExecutionOrderSort (0ms)
		DisableScriptedObjects (0ms)
		BackupInstance (0ms)
		ReleaseScriptingObjects (0ms)
		CreateAndSetChildDomain (1ms)
	RebuildCommonClasses (29ms)
	RebuildNativeTypeToScriptingClass (7ms)
	initialDomainReloadingComplete (33ms)
	LoadAllAssembliesAndSetupDomain (121ms)
		LoadAssemblies (93ms)
		RebuildTransferFunctionScriptingTraits (0ms)
		AnalyzeDomain (119ms)
			TypeCache.Refresh (118ms)
				TypeCache.ScanAssembly (103ms)
			ScanForSourceGeneratedMonoScriptInfo (0ms)
			ResolveRequiredComponents (1ms)
	FinalizeReload (524ms)
		ReleaseScriptCaches (0ms)
		RebuildScriptCaches (0ms)
		SetupLoadedEditorAssemblies (487ms)
			LogAssemblyErrors (0ms)
			InitializePlatformSupportModulesInManaged (348ms)
			SetLoadedEditorAssemblies (3ms)
			RefreshPlugins (0ms)
			BeforeProcessingInitializeOnLoad (2ms)
			ProcessInitializeOnLoadAttributes (91ms)
			ProcessInitializeOnLoadMethodAttributes (43ms)
			AfterProcessingInitializeOnLoad (0ms)
			EditorAssembliesLoaded (0ms)
		ExecutionOrderSort2 (0ms)
		AwakeInstancesAfterBackupRestoration (0ms)
========================================================================
Worker process is ready to serve import requests
Caller must complete domain reload
Begin MonoManager ReloadAssembly
- Loaded All Assemblies, in  0.526 seconds
Native extension for WindowsStandalone target not found
Native extension for Android target not found
Package Manager log level set to [2]
[Package Manager] Server::EnsureServerProcessIsRunning -- launch failed, reason: Unity was launched with the -noUpm command-line argument
[Package Manager] UpmClient::Send -- Unable to send message (not connected to UPM process).
[Package Manager] Cannot connect to Unity Package Manager local server
Mono: successfully reloaded assembly
[Package Manager] Server::EnsureServerProcessIsRunning -- launch failed, reason: Unity was launched with the -noUpm command-line argument
[Package Manager] UpmClient::Send -- Unable to send message (not connected to UPM process).
[Package Manager] Cannot connect to Unity Package Manager local server
[Package Manager] Server::EnsureServerProcessIsRunning -- launch failed, reason: Unity was launched with the -noUpm command-line argument
[Package Manager] UpmClient::Send -- Unable to send message (not connected to UPM process).
[Package Manager] Cannot connect to Unity Package Manager local server
- Finished resetting the current domain, in  0.557 seconds
Domain Reload Profiling: 1083ms
	BeginReloadAssembly (123ms)
		ExecutionOrderSort (0ms)
		DisableScriptedObjects (5ms)
		BackupInstance (0ms)
		ReleaseScriptingObjects (0ms)
		CreateAndSetChildDomain (18ms)
	RebuildCommonClasses (23ms)
	RebuildNativeTypeToScriptingClass (8ms)
	initialDomainReloadingComplete (29ms)
	LoadAllAssembliesAndSetupDomain (342ms)
		LoadAssemblies (246ms)
		RebuildTransferFunctionScriptingTraits (0ms)
		AnalyzeDomain (173ms)
			TypeCache.Refresh (152ms)
				TypeCache.ScanAssembly (139ms)
			ScanForSourceGeneratedMonoScriptInfo (16ms)
			ResolveRequiredComponents (5ms)
	FinalizeReload (557ms)
		ReleaseScriptCaches (0ms)
		RebuildScriptCaches (0ms)
		SetupLoadedEditorAssemblies (432ms)
			LogAssemblyErrors (0ms)
			InitializePlatformSupportModulesInManaged (14ms)
			SetLoadedEditorAssemblies (4ms)
			RefreshPlugins (0ms)
			BeforeProcessingInitializeOnLoad (50ms)
			ProcessInitializeOnLoadAttributes (332ms)
			ProcessInitializeOnLoadMethodAttributes (30ms)
			AfterProcessingInitializeOnLoad (2ms)
			EditorAssembliesLoaded (0ms)
		ExecutionOrderSort2 (0ms)
		AwakeInstancesAfterBackupRestoration (6ms)
Launched and connected shader compiler UnityShaderCompiler.exe after 0.03 seconds
Refreshing native plugins compatible for Editor in 5.20 ms, found 4 plugins.
Preloading 0 native plugins for Editor in 0.00 ms.
Unloading 4583 Unused Serialized files (Serialized files now loaded: 0)
Unloading 30 unused Assets / (1.2 MB). Loaded Objects now: 5054.
Memory consumption went from 159.6 MB to 158.4 MB.
Total: 4.300800 ms (FindLiveObjects: 0.242800 ms CreateObjectMapping: 0.098200 ms MarkObjects: 3.521200 ms  DeleteObjects: 0.437700 ms)

AssetImportParameters requested are different than current active one (requested -> active):
  custom:container-demuxer-ogg: 62fdf1f143b41e24485cea50d1cbac27 -> 
  custom:video-codec-MediaFoundation-h265: 746d11721c4dcdbdad8f713fa42b33f4 -> 
  custom:video-decoder-ogg-theora: a1e56fd34408186e4bbccfd4996cb3dc -> 
  custom:framework-win-MediaFoundation: 216162199b28c13a410421893ffa2e32 -> 
  custom:CustomObjectIndexerAttribute: 9a22284fe3817be447336de3de66b15e -> 
  custom:container-demuxer-webm: 4f35f7cbe854078d1ac9338744f61a02 -> 
  custom:container-muxer-webm: aa71ff27fc2769a1b78a27578f13a17b -> 
  custom:video-decoder-webm-vp8: 9c59270c3fd7afecdb556c50c9e8de78 -> 
  custom:SearchIndexIgnoredProperties: e643bd26f0fe6173181afceb89e7c659 -> 
  custom:AudioImporter_EditorPlatform: d09bf68614088b80899f8185d706f6e7 -> 
  custom:video-encoder-webm-vp8: eb34c28f22e8b96e1ab97ce403110664 -> 
  custom:audio-decoder-ogg-vorbis: bf7c407c2cedff20999df2af8eb42d56 -> 
  custom:audio-encoder-webm-vorbis: bf7c407c2cedff20999df2af8eb42d56 -> 
========================================================================
Received Import Request.
  Time since last request: 185554.580304 seconds.
  path: Assets/Script/SafeArea.cs
  artifactKey: Guid(b7a8231f3d30a5e4eb79e5fc127a5e8c) Importer(815301076,1909f56bfc062723c751e8b465ee728b)
Start importing Assets/Script/SafeArea.cs using Guid(b7a8231f3d30a5e4eb79e5fc127a5e8c) Importer(815301076,1909f56bfc062723c751e8b465ee728b) [PhysX] Initialized MultithreadedTaskDispatcher with 20 workers.
 -> (artifact id: 'd19129f2a81eda20043ac2c98207ce99') in 0.002382 seconds
Number of updated asset objects reloaded before import = 0
Number of asset objects unloaded after import = 0
========================================================================
Received Prepare
Caller must complete domain reload
Begin MonoManager ReloadAssembly
- Loaded All Assemblies, in  0.462 seconds
Native extension for WindowsStandalone target not found
Native extension for Android target not found
[Package Manager] Server::EnsureServerProcessIsRunning -- launch failed, reason: Unity was launched with the -noUpm command-line argument
[Package Manager] UpmClient::Send -- Unable to send message (not connected to UPM process).
[Package Manager] Cannot connect to Unity Package Manager local server
Mono: successfully reloaded assembly
[Package Manager] Server::EnsureServerProcessIsRunning -- launch failed, reason: Unity was launched with the -noUpm command-line argument
[Package Manager] UpmClient::Send -- Unable to send message (not connected to UPM process).
[Package Manager] Cannot connect to Unity Package Manager local server
- Finished resetting the current domain, in  0.956 seconds
Domain Reload Profiling: 1418ms
	BeginReloadAssembly (153ms)
		ExecutionOrderSort (0ms)
		DisableScriptedObjects (3ms)
		BackupInstance (0ms)
		ReleaseScriptingObjects (0ms)
		CreateAndSetChildDomain (29ms)
	RebuildCommonClasses (31ms)
	RebuildNativeTypeToScriptingClass (13ms)
	initialDomainReloadingComplete (26ms)
	LoadAllAssembliesAndSetupDomain (239ms)
		LoadAssemblies (294ms)
		RebuildTransferFunctionScriptingTraits (0ms)
		AnalyzeDomain (39ms)
			TypeCache.Refresh (12ms)
				TypeCache.ScanAssembly (1ms)
			ScanForSourceGeneratedMonoScriptInfo (16ms)
			ResolveRequiredComponents (9ms)
	FinalizeReload (957ms)
		ReleaseScriptCaches (0ms)
		RebuildScriptCaches (0ms)
		SetupLoadedEditorAssemblies (422ms)
			LogAssemblyErrors (0ms)
			InitializePlatformSupportModulesInManaged (13ms)
			SetLoadedEditorAssemblies (3ms)
			RefreshPlugins (0ms)
			BeforeProcessingInitializeOnLoad (57ms)
			ProcessInitializeOnLoadAttributes (305ms)
			ProcessInitializeOnLoadMethodAttributes (43ms)
			AfterProcessingInitializeOnLoad (1ms)
			EditorAssembliesLoaded (0ms)
		ExecutionOrderSort2 (0ms)
		AwakeInstancesAfterBackupRestoration (9ms)
Refreshing native plugins compatible for Editor in 7.25 ms, found 4 plugins.
Preloading 0 native plugins for Editor in 0.00 ms.
Unloading 4556 Unused Serialized files (Serialized files now loaded: 0)
Unloading 23 unused Assets / (1.2 MB). Loaded Objects now: 5059.
Memory consumption went from 153.8 MB to 152.7 MB.
Total: 5.069900 ms (FindLiveObjects: 0.448500 ms CreateObjectMapping: 0.209300 ms MarkObjects: 3.689300 ms  DeleteObjects: 0.721300 ms)

Prepare: number of updated asset objects reloaded= 0
AssetImportParameters requested are different than current active one (requested -> active):
  custom:container-demuxer-ogg: 62fdf1f143b41e24485cea50d1cbac27 -> 
  custom:video-codec-MediaFoundation-h265: 746d11721c4dcdbdad8f713fa42b33f4 -> 
  custom:video-decoder-ogg-theora: a1e56fd34408186e4bbccfd4996cb3dc -> 
  custom:framework-win-MediaFoundation: 216162199b28c13a410421893ffa2e32 -> 
  custom:CustomObjectIndexerAttribute: 9a22284fe3817be447336de3de66b15e -> 
  custom:container-demuxer-webm: 4f35f7cbe854078d1ac9338744f61a02 -> 
  custom:container-muxer-webm: aa71ff27fc2769a1b78a27578f13a17b -> 
  custom:video-decoder-webm-vp8: 9c59270c3fd7afecdb556c50c9e8de78 -> 
  custom:SearchIndexIgnoredProperties: e643bd26f0fe6173181afceb89e7c659 -> 
  custom:AudioImporter_EditorPlatform: d09bf68614088b80899f8185d706f6e7 -> 
  custom:video-encoder-webm-vp8: eb34c28f22e8b96e1ab97ce403110664 -> 
  custom:audio-decoder-ogg-vorbis: bf7c407c2cedff20999df2af8eb42d56 -> 
  custom:scripting/monoscript/fileName/SafeArea.cs: 5837f9ee308c1c81b303fe8b1b1a4dd3 -> 
  custom:audio-encoder-webm-vorbis: bf7c407c2cedff20999df2af8eb42d56 -> 
  custom:scripting/precompiled-assembly-types:Assembly-CSharp: 7b637c336cc9b539e1b3f8f2feef3298 -> 6248c70c833e08215915988a356c45e5
========================================================================
Received Import Request.
  Time since last request: 6.427816 seconds.
  path: Assets/Script/SafeArea.cs
  artifactKey: Guid(b7a8231f3d30a5e4eb79e5fc127a5e8c) Importer(815301076,1909f56bfc062723c751e8b465ee728b)
Start importing Assets/Script/SafeArea.cs using Guid(b7a8231f3d30a5e4eb79e5fc127a5e8c) Importer(815301076,1909f56bfc062723c751e8b465ee728b) [PhysX] Initialized MultithreadedTaskDispatcher with 20 workers.
 -> (artifact id: '975358f9ba45a6f927a0082e6c1088ca') in 0.003215 seconds
Number of updated asset objects reloaded before import = 0
Number of asset objects unloaded after import = 0
========================================================================
Received Prepare
Caller must complete domain reload
Begin MonoManager ReloadAssembly
- Loaded All Assemblies, in  0.421 seconds
Native extension for WindowsStandalone target not found
Native extension for Android target not found
[Package Manager] Server::EnsureServerProcessIsRunning -- launch failed, reason: Unity was launched with the -noUpm command-line argument
[Package Manager] UpmClient::Send -- Unable to send message (not connected to UPM process).
[Package Manager] Cannot connect to Unity Package Manager local server
Mono: successfully reloaded assembly
[Package Manager] Server::EnsureServerProcessIsRunning -- launch failed, reason: Unity was launched with the -noUpm command-line argument
[Package Manager] UpmClient::Send -- Unable to send message (not connected to UPM process).
[Package Manager] Cannot connect to Unity Package Manager local server
- Finished resetting the current domain, in  1.396 seconds
Domain Reload Profiling: 1816ms
	BeginReloadAssembly (144ms)
		ExecutionOrderSort (0ms)
		DisableScriptedObjects (4ms)
		BackupInstance (0ms)
		ReleaseScriptingObjects (0ms)
		CreateAndSetChildDomain (28ms)
	RebuildCommonClasses (24ms)
	RebuildNativeTypeToScriptingClass (8ms)
	initialDomainReloadingComplete (20ms)
	LoadAllAssembliesAndSetupDomain (225ms)
		LoadAssemblies (282ms)
		RebuildTransferFunctionScriptingTraits (0ms)
		AnalyzeDomain (27ms)
			TypeCache.Refresh (8ms)
				TypeCache.ScanAssembly (1ms)
			ScanForSourceGeneratedMonoScriptInfo (12ms)
			ResolveRequiredComponents (6ms)
	FinalizeReload (1396ms)
		ReleaseScriptCaches (0ms)
		RebuildScriptCaches (0ms)
		SetupLoadedEditorAssemblies (371ms)
			LogAssemblyErrors (0ms)
			InitializePlatformSupportModulesInManaged (11ms)
			SetLoadedEditorAssemblies (3ms)
			RefreshPlugins (0ms)
			BeforeProcessingInitializeOnLoad (48ms)
			ProcessInitializeOnLoadAttributes (272ms)
			ProcessInitializeOnLoadMethodAttributes (34ms)
			AfterProcessingInitializeOnLoad (1ms)
			EditorAssembliesLoaded (0ms)
		ExecutionOrderSort2 (0ms)
		AwakeInstancesAfterBackupRestoration (8ms)
Refreshing native plugins compatible for Editor in 5.61 ms, found 4 plugins.
Preloading 0 native plugins for Editor in 0.00 ms.
Unloading 4556 Unused Serialized files (Serialized files now loaded: 0)
Unloading 23 unused Assets / (1.3 MB). Loaded Objects now: 5063.
Memory consumption went from 153.9 MB to 152.7 MB.
Total: 3.862200 ms (FindLiveObjects: 0.228300 ms CreateObjectMapping: 0.122700 ms MarkObjects: 3.003700 ms  DeleteObjects: 0.506400 ms)

Prepare: number of updated asset objects reloaded= 0
AssetImportParameters requested are different than current active one (requested -> active):
  custom:container-demuxer-ogg: 62fdf1f143b41e24485cea50d1cbac27 -> 
  custom:video-codec-MediaFoundation-h265: 746d11721c4dcdbdad8f713fa42b33f4 -> 
  custom:video-decoder-ogg-theora: a1e56fd34408186e4bbccfd4996cb3dc -> 
  custom:framework-win-MediaFoundation: 216162199b28c13a410421893ffa2e32 -> 
  custom:CustomObjectIndexerAttribute: 9a22284fe3817be447336de3de66b15e -> 
  custom:container-demuxer-webm: 4f35f7cbe854078d1ac9338744f61a02 -> 
  custom:container-muxer-webm: aa71ff27fc2769a1b78a27578f13a17b -> 
  custom:video-decoder-webm-vp8: 9c59270c3fd7afecdb556c50c9e8de78 -> 
  custom:SearchIndexIgnoredProperties: e643bd26f0fe6173181afceb89e7c659 -> 
  custom:AudioImporter_EditorPlatform: d09bf68614088b80899f8185d706f6e7 -> 
  custom:video-encoder-webm-vp8: eb34c28f22e8b96e1ab97ce403110664 -> 
  custom:audio-decoder-ogg-vorbis: bf7c407c2cedff20999df2af8eb42d56 -> 
  custom:scripting/monoscript/fileName/SafeArea.cs: 5837f9ee308c1c81b303fe8b1b1a4dd3 -> 
  custom:audio-encoder-webm-vorbis: bf7c407c2cedff20999df2af8eb42d56 -> 
  custom:scripting/precompiled-assembly-types:Assembly-CSharp: 7b637c336cc9b539e1b3f8f2feef3298 -> 6248c70c833e08215915988a356c45e5
========================================================================
Received Import Request.
  Time since last request: 960.193234 seconds.
  path: Assets/Script/CorrectAns.cs
  artifactKey: Guid(16a46e4c395d50f4e996b32556570cfc) Importer(815301076,1909f56bfc062723c751e8b465ee728b)
Start importing Assets/Script/CorrectAns.cs using Guid(16a46e4c395d50f4e996b32556570cfc) Importer(815301076,1909f56bfc062723c751e8b465ee728b) [PhysX] Initialized MultithreadedTaskDispatcher with 20 workers.
 -> (artifact id: 'e449912dc2a9dadb7b7c5abec0dfbf4b') in 0.004156 seconds
Number of updated asset objects reloaded before import = 0
Number of asset objects unloaded after import = 0
========================================================================
Received Prepare
Caller must complete domain reload
Begin MonoManager ReloadAssembly
- Loaded All Assemblies, in  0.435 seconds
Native extension for WindowsStandalone target not found
Native extension for Android target not found
[Package Manager] Server::EnsureServerProcessIsRunning -- launch failed, reason: Unity was launched with the -noUpm command-line argument
[Package Manager] UpmClient::Send -- Unable to send message (not connected to UPM process).
[Package Manager] Cannot connect to Unity Package Manager local server
Mono: successfully reloaded assembly
[Package Manager] Server::EnsureServerProcessIsRunning -- launch failed, reason: Unity was launched with the -noUpm command-line argument
[Package Manager] UpmClient::Send -- Unable to send message (not connected to UPM process).
[Package Manager] Cannot connect to Unity Package Manager local server
- Finished resetting the current domain, in  0.868 seconds
Domain Reload Profiling: 1303ms
	BeginReloadAssembly (151ms)
		ExecutionOrderSort (0ms)
		DisableScriptedObjects (3ms)
		BackupInstance (0ms)
		ReleaseScriptingObjects (0ms)
		CreateAndSetChildDomain (34ms)
	RebuildCommonClasses (26ms)
	RebuildNativeTypeToScriptingClass (8ms)
	initialDomainReloadingComplete (21ms)
	LoadAllAssembliesAndSetupDomain (227ms)
		LoadAssemblies (285ms)
		RebuildTransferFunctionScriptingTraits (0ms)
		AnalyzeDomain (29ms)
			TypeCache.Refresh (8ms)
				TypeCache.ScanAssembly (1ms)
			ScanForSourceGeneratedMonoScriptInfo (13ms)
			ResolveRequiredComponents (6ms)
	FinalizeReload (868ms)
		ReleaseScriptCaches (0ms)
		RebuildScriptCaches (0ms)
		SetupLoadedEditorAssemblies (438ms)
			LogAssemblyErrors (0ms)
			InitializePlatformSupportModulesInManaged (14ms)
			SetLoadedEditorAssemblies (3ms)
			RefreshPlugins (0ms)
			BeforeProcessingInitializeOnLoad (53ms)
			ProcessInitializeOnLoadAttributes (317ms)
			ProcessInitializeOnLoadMethodAttributes (47ms)
			AfterProcessingInitializeOnLoad (2ms)
			EditorAssembliesLoaded (0ms)
		ExecutionOrderSort2 (0ms)
		AwakeInstancesAfterBackupRestoration (10ms)
Refreshing native plugins compatible for Editor in 5.28 ms, found 4 plugins.
Preloading 0 native plugins for Editor in 0.00 ms.
Unloading 4557 Unused Serialized files (Serialized files now loaded: 0)
Unloading 23 unused Assets / (1.3 MB). Loaded Objects now: 5068.
Memory consumption went from 154.0 MB to 152.7 MB.
Total: 3.703700 ms (FindLiveObjects: 0.272000 ms CreateObjectMapping: 0.140100 ms MarkObjects: 2.791000 ms  DeleteObjects: 0.499500 ms)

Prepare: number of updated asset objects reloaded= 0
AssetImportParameters requested are different than current active one (requested -> active):
  custom:container-demuxer-ogg: 62fdf1f143b41e24485cea50d1cbac27 -> 
  custom:video-codec-MediaFoundation-h265: 746d11721c4dcdbdad8f713fa42b33f4 -> 
  custom:video-decoder-ogg-theora: a1e56fd34408186e4bbccfd4996cb3dc -> 
  custom:framework-win-MediaFoundation: 216162199b28c13a410421893ffa2e32 -> 
  custom:CustomObjectIndexerAttribute: 9a22284fe3817be447336de3de66b15e -> 
  custom:container-demuxer-webm: 4f35f7cbe854078d1ac9338744f61a02 -> 
  custom:container-muxer-webm: aa71ff27fc2769a1b78a27578f13a17b -> 
  custom:video-decoder-webm-vp8: 9c59270c3fd7afecdb556c50c9e8de78 -> 
  custom:SearchIndexIgnoredProperties: e643bd26f0fe6173181afceb89e7c659 -> 
  custom:AudioImporter_EditorPlatform: d09bf68614088b80899f8185d706f6e7 -> 
  custom:scripting/monoscript/fileName/CorrectAns.cs: d65c7b8a673ffa674e3f44ab3946818a -> 
  custom:video-encoder-webm-vp8: eb34c28f22e8b96e1ab97ce403110664 -> 
  custom:audio-decoder-ogg-vorbis: bf7c407c2cedff20999df2af8eb42d56 -> 
  custom:scripting/monoscript/fileName/SafeArea.cs: 5837f9ee308c1c81b303fe8b1b1a4dd3 -> 
  custom:audio-encoder-webm-vorbis: bf7c407c2cedff20999df2af8eb42d56 -> 
  custom:scripting/precompiled-assembly-types:Assembly-CSharp: 852c3480bb1d0c7a8ad6790ff990d0eb -> 6248c70c833e08215915988a356c45e5
========================================================================
Received Import Request.
  Time since last request: 6.563243 seconds.
  path: Assets/Script/CorrectAns.cs
  artifactKey: Guid(16a46e4c395d50f4e996b32556570cfc) Importer(815301076,1909f56bfc062723c751e8b465ee728b)
Start importing Assets/Script/CorrectAns.cs using Guid(16a46e4c395d50f4e996b32556570cfc) Importer(815301076,1909f56bfc062723c751e8b465ee728b) [PhysX] Initialized MultithreadedTaskDispatcher with 20 workers.
 -> (artifact id: '9e0977e240e09e1d0df3f9694e99d9e3') in 0.002463 seconds
Number of updated asset objects reloaded before import = 0
Number of asset objects unloaded after import = 0
========================================================================
Received Import Request.
  Time since last request: 23.492169 seconds.
  path: Assets/Script/CorrectAns.cs
  artifactKey: Guid(16a46e4c395d50f4e996b32556570cfc) Importer(815301076,1909f56bfc062723c751e8b465ee728b)
Start importing Assets/Script/CorrectAns.cs using Guid(16a46e4c395d50f4e996b32556570cfc) Importer(815301076,1909f56bfc062723c751e8b465ee728b) [PhysX] Initialized MultithreadedTaskDispatcher with 20 workers.
 -> (artifact id: 'a9a279668f1ca560df0b5c33eb657314') in 0.000548 seconds
Number of updated asset objects reloaded before import = 0
Number of asset objects unloaded after import = 0
========================================================================
Received Prepare
Caller must complete domain reload
Begin MonoManager ReloadAssembly
- Loaded All Assemblies, in  0.368 seconds
Native extension for WindowsStandalone target not found
Native extension for Android target not found
[Package Manager] Server::EnsureServerProcessIsRunning -- launch failed, reason: Unity was launched with the -noUpm command-line argument
[Package Manager] UpmClient::Send -- Unable to send message (not connected to UPM process).
[Package Manager] Cannot connect to Unity Package Manager local server
Mono: successfully reloaded assembly
[Package Manager] Server::EnsureServerProcessIsRunning -- launch failed, reason: Unity was launched with the -noUpm command-line argument
[Package Manager] UpmClient::Send -- Unable to send message (not connected to UPM process).
[Package Manager] Cannot connect to Unity Package Manager local server
- Finished resetting the current domain, in  0.801 seconds
Domain Reload Profiling: 1168ms
	BeginReloadAssembly (131ms)
		ExecutionOrderSort (0ms)
		DisableScriptedObjects (3ms)
		BackupInstance (0ms)
		ReleaseScriptingObjects (0ms)
		CreateAndSetChildDomain (28ms)
	RebuildCommonClasses (24ms)
	RebuildNativeTypeToScriptingClass (8ms)
	initialDomainReloadingComplete (20ms)
	LoadAllAssembliesAndSetupDomain (184ms)
		LoadAssemblies (230ms)
		RebuildTransferFunctionScriptingTraits (0ms)
		AnalyzeDomain (27ms)
			TypeCache.Refresh (8ms)
				TypeCache.ScanAssembly (1ms)
			ScanForSourceGeneratedMonoScriptInfo (12ms)
			ResolveRequiredComponents (6ms)
	FinalizeReload (801ms)
		ReleaseScriptCaches (0ms)
		RebuildScriptCaches (0ms)
		SetupLoadedEditorAssemblies (398ms)
			LogAssemblyErrors (0ms)
			InitializePlatformSupportModulesInManaged (11ms)
			SetLoadedEditorAssemblies (3ms)
			RefreshPlugins (0ms)
			BeforeProcessingInitializeOnLoad (53ms)
			ProcessInitializeOnLoadAttributes (293ms)
			ProcessInitializeOnLoadMethodAttributes (36ms)
			AfterProcessingInitializeOnLoad (1ms)
			EditorAssembliesLoaded (0ms)
		ExecutionOrderSort2 (0ms)
		AwakeInstancesAfterBackupRestoration (8ms)
Refreshing native plugins compatible for Editor in 3.96 ms, found 4 plugins.
Preloading 0 native plugins for Editor in 0.00 ms.
Unloading 4557 Unused Serialized files (Serialized files now loaded: 0)
Unloading 23 unused Assets / (1.3 MB). Loaded Objects now: 5072.
Memory consumption went from 154.0 MB to 152.7 MB.
Total: 4.615100 ms (FindLiveObjects: 0.307600 ms CreateObjectMapping: 0.250400 ms MarkObjects: 3.319600 ms  DeleteObjects: 0.736000 ms)

Prepare: number of updated asset objects reloaded= 0
AssetImportParameters requested are different than current active one (requested -> active):
  custom:container-demuxer-ogg: 62fdf1f143b41e24485cea50d1cbac27 -> 
  custom:video-codec-MediaFoundation-h265: 746d11721c4dcdbdad8f713fa42b33f4 -> 
  custom:video-decoder-ogg-theora: a1e56fd34408186e4bbccfd4996cb3dc -> 
  custom:framework-win-MediaFoundation: 216162199b28c13a410421893ffa2e32 -> 
  custom:CustomObjectIndexerAttribute: 9a22284fe3817be447336de3de66b15e -> 
  custom:container-demuxer-webm: 4f35f7cbe854078d1ac9338744f61a02 -> 
  custom:container-muxer-webm: aa71ff27fc2769a1b78a27578f13a17b -> 
  custom:video-decoder-webm-vp8: 9c59270c3fd7afecdb556c50c9e8de78 -> 
  custom:SearchIndexIgnoredProperties: e643bd26f0fe6173181afceb89e7c659 -> 
  custom:AudioImporter_EditorPlatform: d09bf68614088b80899f8185d706f6e7 -> 
  custom:scripting/monoscript/fileName/CorrectAns.cs: fdde4066277fc48c40275864fb35c645 -> 
  custom:video-encoder-webm-vp8: eb34c28f22e8b96e1ab97ce403110664 -> 
  custom:audio-decoder-ogg-vorbis: bf7c407c2cedff20999df2af8eb42d56 -> 
  custom:scripting/monoscript/fileName/SafeArea.cs: 5837f9ee308c1c81b303fe8b1b1a4dd3 -> 
  custom:audio-encoder-webm-vorbis: bf7c407c2cedff20999df2af8eb42d56 -> 
  custom:scripting/precompiled-assembly-types:Assembly-CSharp: 04058eb4e059ecaaffaf628fbb8cc8b6 -> 6248c70c833e08215915988a356c45e5
========================================================================
Received Import Request.
  Time since last request: 35.466797 seconds.
  path: Assets/Script/CorrectAns.cs
  artifactKey: Guid(16a46e4c395d50f4e996b32556570cfc) Importer(815301076,1909f56bfc062723c751e8b465ee728b)
Start importing Assets/Script/CorrectAns.cs using Guid(16a46e4c395d50f4e996b32556570cfc) Importer(815301076,1909f56bfc062723c751e8b465ee728b) [PhysX] Initialized MultithreadedTaskDispatcher with 20 workers.
 -> (artifact id: 'a175bbaa851f1c0fb5ce436ac9780606') in 0.002293 seconds
Number of updated asset objects reloaded before import = 0
Number of asset objects unloaded after import = 0
========================================================================
Received Import Request.
  Time since last request: 95.875416 seconds.
  path: Assets/Qna
  artifactKey: Guid(7f152457fa76e354a9a898cad376d0b5) Importer(815301076,1909f56bfc062723c751e8b465ee728b)
Start importing Assets/Qna using Guid(7f152457fa76e354a9a898cad376d0b5) Importer(815301076,1909f56bfc062723c751e8b465ee728b) [PhysX] Initialized MultithreadedTaskDispatcher with 20 workers.
 -> (artifact id: '522e78485e7a5efc71ac4063881993f0') in 0.000766 seconds
Number of updated asset objects reloaded before import = 0
Number of asset objects unloaded after import = 0
========================================================================
Received Prepare
Caller must complete domain reload
Begin MonoManager ReloadAssembly
- Loaded All Assemblies, in  0.379 seconds
Native extension for WindowsStandalone target not found
Native extension for Android target not found
[Package Manager] Server::EnsureServerProcessIsRunning -- launch failed, reason: Unity was launched with the -noUpm command-line argument
[Package Manager] UpmClient::Send -- Unable to send message (not connected to UPM process).
[Package Manager] Cannot connect to Unity Package Manager local server
Mono: successfully reloaded assembly
[Package Manager] Server::EnsureServerProcessIsRunning -- launch failed, reason: Unity was launched with the -noUpm command-line argument
[Package Manager] UpmClient::Send -- Unable to send message (not connected to UPM process).
[Package Manager] Cannot connect to Unity Package Manager local server
- Finished resetting the current domain, in  0.791 seconds
Domain Reload Profiling: 1169ms
	BeginReloadAssembly (152ms)
		ExecutionOrderSort (0ms)
		DisableScriptedObjects (4ms)
		BackupInstance (0ms)
		ReleaseScriptingObjects (0ms)
		CreateAndSetChildDomain (28ms)
	RebuildCommonClasses (28ms)
	RebuildNativeTypeToScriptingClass (8ms)
	initialDomainReloadingComplete (20ms)
	LoadAllAssembliesAndSetupDomain (170ms)
		LoadAssemblies (244ms)
		RebuildTransferFunctionScriptingTraits (0ms)
		AnalyzeDomain (15ms)
			TypeCache.Refresh (6ms)
				TypeCache.ScanAssembly (0ms)
			ScanForSourceGeneratedMonoScriptInfo (0ms)
			ResolveRequiredComponents (8ms)
	FinalizeReload (791ms)
		ReleaseScriptCaches (0ms)
		RebuildScriptCaches (0ms)
		SetupLoadedEditorAssemblies (379ms)
			LogAssemblyErrors (0ms)
			InitializePlatformSupportModulesInManaged (12ms)
			SetLoadedEditorAssemblies (2ms)
			RefreshPlugins (0ms)
			BeforeProcessingInitializeOnLoad (45ms)
			ProcessInitializeOnLoadAttributes (281ms)
			ProcessInitializeOnLoadMethodAttributes (36ms)
			AfterProcessingInitializeOnLoad (1ms)
			EditorAssembliesLoaded (0ms)
		ExecutionOrderSort2 (0ms)
		AwakeInstancesAfterBackupRestoration (8ms)
Refreshing native plugins compatible for Editor in 7.60 ms, found 4 plugins.
Preloading 0 native plugins for Editor in 0.00 ms.
Unloading 4557 Unused Serialized files (Serialized files now loaded: 0)
Unloading 23 unused Assets / (1.2 MB). Loaded Objects now: 5076.
Memory consumption went from 153.9 MB to 152.7 MB.
Total: 4.882100 ms (FindLiveObjects: 0.303700 ms CreateObjectMapping: 0.246900 ms MarkObjects: 3.557300 ms  DeleteObjects: 0.772700 ms)

Prepare: number of updated asset objects reloaded= 0
AssetImportParameters requested are different than current active one (requested -> active):
  custom:container-demuxer-ogg: 62fdf1f143b41e24485cea50d1cbac27 -> 
  custom:video-codec-MediaFoundation-h265: 746d11721c4dcdbdad8f713fa42b33f4 -> 
  custom:video-decoder-ogg-theora: a1e56fd34408186e4bbccfd4996cb3dc -> 
  custom:framework-win-MediaFoundation: 216162199b28c13a410421893ffa2e32 -> 
  custom:CustomObjectIndexerAttribute: 9a22284fe3817be447336de3de66b15e -> 
  custom:container-demuxer-webm: 4f35f7cbe854078d1ac9338744f61a02 -> 
  custom:container-muxer-webm: aa71ff27fc2769a1b78a27578f13a17b -> 
  custom:video-decoder-webm-vp8: 9c59270c3fd7afecdb556c50c9e8de78 -> 
  custom:SearchIndexIgnoredProperties: e643bd26f0fe6173181afceb89e7c659 -> 
  custom:AudioImporter_EditorPlatform: d09bf68614088b80899f8185d706f6e7 -> 
  custom:scripting/monoscript/fileName/CorrectAns.cs: fdde4066277fc48c40275864fb35c645 -> 
  custom:video-encoder-webm-vp8: eb34c28f22e8b96e1ab97ce403110664 -> 
  custom:audio-decoder-ogg-vorbis: bf7c407c2cedff20999df2af8eb42d56 -> 
  custom:scripting/monoscript/fileName/SafeArea.cs: 5837f9ee308c1c81b303fe8b1b1a4dd3 -> 
  custom:audio-encoder-webm-vorbis: bf7c407c2cedff20999df2af8eb42d56 -> 
  custom:scripting/precompiled-assembly-types:Assembly-CSharp: 04058eb4e059ecaaffaf628fbb8cc8b6 -> 6248c70c833e08215915988a356c45e5
========================================================================
Received Prepare
Caller must complete domain reload
Begin MonoManager ReloadAssembly
- Loaded All Assemblies, in  0.341 seconds
Native extension for WindowsStandalone target not found
Native extension for Android target not found
[Package Manager] Server::EnsureServerProcessIsRunning -- launch failed, reason: Unity was launched with the -noUpm command-line argument
[Package Manager] UpmClient::Send -- Unable to send message (not connected to UPM process).
[Package Manager] Cannot connect to Unity Package Manager local server
Mono: successfully reloaded assembly
[Package Manager] Server::EnsureServerProcessIsRunning -- launch failed, reason: Unity was launched with the -noUpm command-line argument
[Package Manager] UpmClient::Send -- Unable to send message (not connected to UPM process).
[Package Manager] Cannot connect to Unity Package Manager local server
- Finished resetting the current domain, in  0.794 seconds
Domain Reload Profiling: 1136ms
	BeginReloadAssembly (124ms)
		ExecutionOrderSort (0ms)
		DisableScriptedObjects (4ms)
		BackupInstance (0ms)
		ReleaseScriptingObjects (0ms)
		CreateAndSetChildDomain (24ms)
	RebuildCommonClasses (23ms)
	RebuildNativeTypeToScriptingClass (7ms)
	initialDomainReloadingComplete (18ms)
	LoadAllAssembliesAndSetupDomain (168ms)
		LoadAssemblies (227ms)
		RebuildTransferFunctionScriptingTraits (0ms)
		AnalyzeDomain (14ms)
			TypeCache.Refresh (6ms)
				TypeCache.ScanAssembly (0ms)
			ScanForSourceGeneratedMonoScriptInfo (0ms)
			ResolveRequiredComponents (7ms)
	FinalizeReload (795ms)
		ReleaseScriptCaches (0ms)
		RebuildScriptCaches (0ms)
		SetupLoadedEditorAssemblies (380ms)
			LogAssemblyErrors (0ms)
			InitializePlatformSupportModulesInManaged (11ms)
			SetLoadedEditorAssemblies (2ms)
			RefreshPlugins (0ms)
			BeforeProcessingInitializeOnLoad (53ms)
			ProcessInitializeOnLoadAttributes (273ms)
			ProcessInitializeOnLoadMethodAttributes (38ms)
			AfterProcessingInitializeOnLoad (1ms)
			EditorAssembliesLoaded (0ms)
		ExecutionOrderSort2 (0ms)
		AwakeInstancesAfterBackupRestoration (9ms)
Refreshing native plugins compatible for Editor in 5.51 ms, found 4 plugins.
Preloading 0 native plugins for Editor in 0.00 ms.
Unloading 4558 Unused Serialized files (Serialized files now loaded: 0)
Unloading 23 unused Assets / (1.3 MB). Loaded Objects now: 5080.
Memory consumption went from 154.2 MB to 153.0 MB.
Total: 3.844400 ms (FindLiveObjects: 0.257800 ms CreateObjectMapping: 0.140000 ms MarkObjects: 2.803200 ms  DeleteObjects: 0.642600 ms)

Prepare: number of updated asset objects reloaded= 0
AssetImportParameters requested are different than current active one (requested -> active):
  custom:container-demuxer-ogg: 62fdf1f143b41e24485cea50d1cbac27 -> 
  custom:video-codec-MediaFoundation-h265: 746d11721c4dcdbdad8f713fa42b33f4 -> 
  custom:video-decoder-ogg-theora: a1e56fd34408186e4bbccfd4996cb3dc -> 
  custom:framework-win-MediaFoundation: 216162199b28c13a410421893ffa2e32 -> 
  custom:CustomObjectIndexerAttribute: 9a22284fe3817be447336de3de66b15e -> 
  custom:container-demuxer-webm: 4f35f7cbe854078d1ac9338744f61a02 -> 
  custom:container-muxer-webm: aa71ff27fc2769a1b78a27578f13a17b -> 
  custom:video-decoder-webm-vp8: 9c59270c3fd7afecdb556c50c9e8de78 -> 
  custom:SearchIndexIgnoredProperties: e643bd26f0fe6173181afceb89e7c659 -> 
  custom:AudioImporter_EditorPlatform: d09bf68614088b80899f8185d706f6e7 -> 
  custom:scripting/monoscript/fileName/CorrectAns.cs: fdde4066277fc48c40275864fb35c645 -> 
  custom:video-encoder-webm-vp8: eb34c28f22e8b96e1ab97ce403110664 -> 
  custom:audio-decoder-ogg-vorbis: bf7c407c2cedff20999df2af8eb42d56 -> 
  custom:scripting/monoscript/fileName/SafeArea.cs: 5837f9ee308c1c81b303fe8b1b1a4dd3 -> 
  custom:audio-encoder-webm-vorbis: bf7c407c2cedff20999df2af8eb42d56 -> 
  custom:scripting/precompiled-assembly-types:Assembly-CSharp: 04058eb4e059ecaaffaf628fbb8cc8b6 -> 6248c70c833e08215915988a356c45e5
========================================================================
Received Import Request.
  Time since last request: 262.354670 seconds.
  path: Assets/Assets/UI Elements/Extras/Circle128/circlefill4px.png
  artifactKey: Guid(60911a0262f0def4892d49dfc4c7be50) Importer(815301076,1909f56bfc062723c751e8b465ee728b)
Start importing Assets/Assets/UI Elements/Extras/Circle128/circlefill4px.png using Guid(60911a0262f0def4892d49dfc4c7be50) Importer(815301076,1909f56bfc062723c751e8b465ee728b) [PhysX] Initialized MultithreadedTaskDispatcher with 20 workers.
[PhysX] Initialized MultithreadedTaskDispatcher with 20 workers.
 -> (artifact id: '49f1acacfa14932c1a31fc452b1412d2') in 0.096642 seconds
Number of updated asset objects reloaded before import = 0
Number of asset objects unloaded after import = 3
========================================================================
Received Import Request.
  Time since last request: 0.179731 seconds.
  path: Assets/Assets/UI Elements/Black/2x/home.png
  artifactKey: Guid(3d16015f0355c5c4789c0e11b07f45e7) Importer(815301076,1909f56bfc062723c751e8b465ee728b)
Start importing Assets/Assets/UI Elements/Black/2x/home.png using Guid(3d16015f0355c5c4789c0e11b07f45e7) Importer(815301076,1909f56bfc062723c751e8b465ee728b) [PhysX] Initialized MultithreadedTaskDispatcher with 20 workers.
[PhysX] Initialized MultithreadedTaskDispatcher with 20 workers.
 -> (artifact id: '047bc0f023cf7046b7355bdaed77c5ab') in 0.017210 seconds
Number of updated asset objects reloaded before import = 0
Number of asset objects unloaded after import = 3
========================================================================
Received Import Request.
  Time since last request: 0.000019 seconds.
  path: Assets/Assets/UI Elements/White/1x/home.png
  artifactKey: Guid(dc4bc33d52db40c42bcafbcf6d63ca8a) Importer(815301076,1909f56bfc062723c751e8b465ee728b)
Start importing Assets/Assets/UI Elements/White/1x/home.png using Guid(dc4bc33d52db40c42bcafbcf6d63ca8a) Importer(815301076,1909f56bfc062723c751e8b465ee728b) [PhysX] Initialized MultithreadedTaskDispatcher with 20 workers.
[PhysX] Initialized MultithreadedTaskDispatcher with 20 workers.
 -> (artifact id: '6c1c02eeae99abbc4b2d3dad7ac9c689') in 0.016986 seconds
Number of updated asset objects reloaded before import = 0
Number of asset objects unloaded after import = 3
========================================================================
Received Import Request.
  Time since last request: 0.005014 seconds.
  path: Assets/Assets/UI Elements/Black/1x/info.png
  artifactKey: Guid(a9e7616118c268a4eaaca886af7fa753) Importer(815301076,1909f56bfc062723c751e8b465ee728b)
Start importing Assets/Assets/UI Elements/Black/1x/info.png using Guid(a9e7616118c268a4eaaca886af7fa753) Importer(815301076,1909f56bfc062723c751e8b465ee728b) [PhysX] Initialized MultithreadedTaskDispatcher with 20 workers.
[PhysX] Initialized MultithreadedTaskDispatcher with 20 workers.
 -> (artifact id: 'a82b034f245e1e877c18c146735cf811') in 0.021460 seconds
Number of updated asset objects reloaded before import = 0
Number of asset objects unloaded after import = 3
========================================================================
Received Import Request.
  Time since last request: 0.013155 seconds.
  path: Assets/Assets/UI Elements/White/2x/info.png
  artifactKey: Guid(dc13b944fb4f7fe4dbea810f96b0c01f) Importer(815301076,1909f56bfc062723c751e8b465ee728b)
Start importing Assets/Assets/UI Elements/White/2x/info.png using Guid(dc13b944fb4f7fe4dbea810f96b0c01f) Importer(815301076,1909f56bfc062723c751e8b465ee728b) [PhysX] Initialized MultithreadedTaskDispatcher with 20 workers.
[PhysX] Initialized MultithreadedTaskDispatcher with 20 workers.
 -> (artifact id: 'c59eca3426229b6c62ad6abd7d312455') in 0.012777 seconds
Number of updated asset objects reloaded before import = 0
Number of asset objects unloaded after import = 3
========================================================================
Received Import Request.
  Time since last request: 0.000017 seconds.
  path: Assets/Assets/UI Elements/Black/2x/info.png
  artifactKey: Guid(64cc06bcde84acd4a92cab89239386ff) Importer(815301076,1909f56bfc062723c751e8b465ee728b)
Start importing Assets/Assets/UI Elements/Black/2x/info.png using Guid(64cc06bcde84acd4a92cab89239386ff) Importer(815301076,1909f56bfc062723c751e8b465ee728b) [PhysX] Initialized MultithreadedTaskDispatcher with 20 workers.
[PhysX] Initialized MultithreadedTaskDispatcher with 20 workers.
 -> (artifact id: '6c8a04ca562ddc63b6e756c13c9b0eb0') in 0.014398 seconds
Number of updated asset objects reloaded before import = 0
Number of asset objects unloaded after import = 3
========================================================================
Received Import Request.
  Time since last request: 0.000017 seconds.
  path: Assets/Assets/UI Elements/Black/1x/Leaderboard.png
  artifactKey: Guid(84d4023617b419c4e92ab9413f8cbb86) Importer(815301076,1909f56bfc062723c751e8b465ee728b)
Start importing Assets/Assets/UI Elements/Black/1x/Leaderboard.png using Guid(84d4023617b419c4e92ab9413f8cbb86) Importer(815301076,1909f56bfc062723c751e8b465ee728b) [PhysX] Initialized MultithreadedTaskDispatcher with 20 workers.
[PhysX] Initialized MultithreadedTaskDispatcher with 20 workers.
 -> (artifact id: '123f6487885382f6fc5a81f0f76c3567') in 0.018794 seconds
Number of updated asset objects reloaded before import = 0
Number of asset objects unloaded after import = 3
========================================================================
Received Import Request.
  Time since last request: 16.537017 seconds.
  path: Assets/Assets/UI Elements/White/1x/Leaderboard.png
  artifactKey: Guid(d72623ff7003bb7458128bc5b8be00b6) Importer(815301076,1909f56bfc062723c751e8b465ee728b)
Start importing Assets/Assets/UI Elements/White/1x/Leaderboard.png using Guid(d72623ff7003bb7458128bc5b8be00b6) Importer(815301076,1909f56bfc062723c751e8b465ee728b) [PhysX] Initialized MultithreadedTaskDispatcher with 20 workers.
[PhysX] Initialized MultithreadedTaskDispatcher with 20 workers.
 -> (artifact id: 'ad8969abc7fdf5747d031e0d619222d1') in 0.017121 seconds
Number of updated asset objects reloaded before import = 0
Number of asset objects unloaded after import = 3
========================================================================
Received Import Request.
  Time since last request: 0.000101 seconds.
  path: Assets/Assets/UI Elements/White/1x/left.png
  artifactKey: Guid(fb4fddf2c378ae647ae205d38ba835b9) Importer(815301076,1909f56bfc062723c751e8b465ee728b)
Start importing Assets/Assets/UI Elements/White/1x/left.png using Guid(fb4fddf2c378ae647ae205d38ba835b9) Importer(815301076,1909f56bfc062723c751e8b465ee728b) [PhysX] Initialized MultithreadedTaskDispatcher with 20 workers.
[PhysX] Initialized MultithreadedTaskDispatcher with 20 workers.
 -> (artifact id: '5a90214e5771fae70d7876a70529cf6f') in 0.022139 seconds
Number of updated asset objects reloaded before import = 0
Number of asset objects unloaded after import = 3
========================================================================
Received Import Request.
  Time since last request: 0.000047 seconds.
  path: Assets/Assets/UI Elements/Black/1x/left.png
  artifactKey: Guid(c2dbc6dc470a3b046b8291ea5826c397) Importer(815301076,1909f56bfc062723c751e8b465ee728b)
Start importing Assets/Assets/UI Elements/Black/1x/left.png using Guid(c2dbc6dc470a3b046b8291ea5826c397) Importer(815301076,1909f56bfc062723c751e8b465ee728b) [PhysX] Initialized MultithreadedTaskDispatcher with 20 workers.
[PhysX] Initialized MultithreadedTaskDispatcher with 20 workers.
 -> (artifact id: 'c9c9660237d86d14656f6f8288d46036') in 0.033273 seconds
Number of updated asset objects reloaded before import = 0
Number of asset objects unloaded after import = 3
========================================================================
Received Prepare
Caller must complete domain reload
Begin MonoManager ReloadAssembly
- Loaded All Assemblies, in  0.359 seconds
Native extension for WindowsStandalone target not found
Native extension for Android target not found
[Package Manager] Server::EnsureServerProcessIsRunning -- launch failed, reason: Unity was launched with the -noUpm command-line argument
[Package Manager] UpmClient::Send -- Unable to send message (not connected to UPM process).
[Package Manager] Cannot connect to Unity Package Manager local server
Mono: successfully reloaded assembly
[Package Manager] Server::EnsureServerProcessIsRunning -- launch failed, reason: Unity was launched with the -noUpm command-line argument
[Package Manager] UpmClient::Send -- Unable to send message (not connected to UPM process).
[Package Manager] Cannot connect to Unity Package Manager local server
- Finished resetting the current domain, in  0.785 seconds
Domain Reload Profiling: 1144ms
	BeginReloadAssembly (125ms)
		ExecutionOrderSort (0ms)
		DisableScriptedObjects (3ms)
		BackupInstance (0ms)
		ReleaseScriptingObjects (0ms)
		CreateAndSetChildDomain (25ms)
	RebuildCommonClasses (24ms)
	RebuildNativeTypeToScriptingClass (9ms)
	initialDomainReloadingComplete (21ms)
	LoadAllAssembliesAndSetupDomain (180ms)
		LoadAssemblies (236ms)
		RebuildTransferFunctionScriptingTraits (0ms)
		AnalyzeDomain (14ms)
			TypeCache.Refresh (6ms)
				TypeCache.ScanAssembly (0ms)
			ScanForSourceGeneratedMonoScriptInfo (0ms)
			ResolveRequiredComponents (7ms)
	FinalizeReload (785ms)
		ReleaseScriptCaches (0ms)
		RebuildScriptCaches (0ms)
		SetupLoadedEditorAssemblies (379ms)
			LogAssemblyErrors (0ms)
			InitializePlatformSupportModulesInManaged (11ms)
			SetLoadedEditorAssemblies (3ms)
			RefreshPlugins (0ms)
			BeforeProcessingInitializeOnLoad (50ms)
			ProcessInitializeOnLoadAttributes (272ms)
			ProcessInitializeOnLoadMethodAttributes (41ms)
			AfterProcessingInitializeOnLoad (1ms)
			EditorAssembliesLoaded (0ms)
		ExecutionOrderSort2 (0ms)
		AwakeInstancesAfterBackupRestoration (9ms)
Refreshing native plugins compatible for Editor in 5.48 ms, found 4 plugins.
Preloading 0 native plugins for Editor in 0.00 ms.
Unloading 4557 Unused Serialized files (Serialized files now loaded: 0)
Unloading 23 unused Assets / (1.2 MB). Loaded Objects now: 5103.
Memory consumption went from 158.3 MB to 157.1 MB.
Total: 4.166400 ms (FindLiveObjects: 0.310300 ms CreateObjectMapping: 0.126500 ms MarkObjects: 3.244700 ms  DeleteObjects: 0.482900 ms)

Prepare: number of updated asset objects reloaded= 0
AssetImportParameters requested are different than current active one (requested -> active):
  custom:container-demuxer-ogg: 62fdf1f143b41e24485cea50d1cbac27 -> 
  custom:video-codec-MediaFoundation-h265: 746d11721c4dcdbdad8f713fa42b33f4 -> 
  custom:video-decoder-ogg-theora: a1e56fd34408186e4bbccfd4996cb3dc -> 
  custom:framework-win-MediaFoundation: 216162199b28c13a410421893ffa2e32 -> 
  custom:CustomObjectIndexerAttribute: 9a22284fe3817be447336de3de66b15e -> 
  custom:container-demuxer-webm: 4f35f7cbe854078d1ac9338744f61a02 -> 
  custom:container-muxer-webm: aa71ff27fc2769a1b78a27578f13a17b -> 
  custom:video-decoder-webm-vp8: 9c59270c3fd7afecdb556c50c9e8de78 -> 
  custom:SearchIndexIgnoredProperties: e643bd26f0fe6173181afceb89e7c659 -> 
  custom:AudioImporter_EditorPlatform: d09bf68614088b80899f8185d706f6e7 -> 
  custom:scripting/monoscript/fileName/CorrectAns.cs: fdde4066277fc48c40275864fb35c645 -> 
  custom:video-encoder-webm-vp8: eb34c28f22e8b96e1ab97ce403110664 -> 
  custom:audio-decoder-ogg-vorbis: bf7c407c2cedff20999df2af8eb42d56 -> 
  custom:scripting/monoscript/fileName/SafeArea.cs: 5837f9ee308c1c81b303fe8b1b1a4dd3 -> 
  custom:audio-encoder-webm-vorbis: bf7c407c2cedff20999df2af8eb42d56 -> 
  custom:scripting/precompiled-assembly-types:Assembly-CSharp: 04058eb4e059ecaaffaf628fbb8cc8b6 -> 6248c70c833e08215915988a356c45e5
========================================================================
Received Import Request.
  Time since last request: 922.326867 seconds.
  path: Assets/UI
  artifactKey: Guid(ffa7c5aa5a2cbd74792859888d8dd2d6) Importer(815301076,1909f56bfc062723c751e8b465ee728b)
Start importing Assets/UI using Guid(ffa7c5aa5a2cbd74792859888d8dd2d6) Importer(815301076,1909f56bfc062723c751e8b465ee728b) [PhysX] Initialized MultithreadedTaskDispatcher with 20 workers.
 -> (artifact id: '7c6c79fb0348491ea169716641b1a2ef') in 0.003636 seconds
Number of updated asset objects reloaded before import = 0
Number of asset objects unloaded after import = 0
========================================================================
Received Import Request.
  Time since last request: 5.625469 seconds.
  path: Assets/UI/Gemini_Generated_Image_jdf7ayjdf7ayjdf7.png
  artifactKey: Guid(2d03df3691d1ab642a3ce31a05fc16cf) Importer(815301076,1909f56bfc062723c751e8b465ee728b)
Start importing Assets/UI/Gemini_Generated_Image_jdf7ayjdf7ayjdf7.png using Guid(2d03df3691d1ab642a3ce31a05fc16cf) Importer(815301076,1909f56bfc062723c751e8b465ee728b) [PhysX] Initialized MultithreadedTaskDispatcher with 20 workers.
[PhysX] Initialized MultithreadedTaskDispatcher with 20 workers.
 -> (artifact id: '78b93649739a55d22931fc0778b3e02c') in 0.059843 seconds
Number of updated asset objects reloaded before import = 0
Number of asset objects unloaded after import = 2
========================================================================
Received Import Request.
  Time since last request: 10.535808 seconds.
  path: Assets/UI/HomeScreen_BG.png
  artifactKey: Guid(2d03df3691d1ab642a3ce31a05fc16cf) Importer(815301076,1909f56bfc062723c751e8b465ee728b)
Start importing Assets/UI/HomeScreen_BG.png using Guid(2d03df3691d1ab642a3ce31a05fc16cf) Importer(815301076,1909f56bfc062723c751e8b465ee728b) [PhysX] Initialized MultithreadedTaskDispatcher with 20 workers.
[PhysX] Initialized MultithreadedTaskDispatcher with 20 workers.
 -> (artifact id: '3183b547dedb37e03a47bd2be3ea22e2') in 0.056404 seconds
Number of updated asset objects reloaded before import = 0
Number of asset objects unloaded after import = 2
========================================================================
Received Import Request.
  Time since last request: 26.932426 seconds.
  path: Assets/UI/HomeScreen_BG.png
  artifactKey: Guid(2d03df3691d1ab642a3ce31a05fc16cf) Importer(815301076,1909f56bfc062723c751e8b465ee728b)
Start importing Assets/UI/HomeScreen_BG.png using Guid(2d03df3691d1ab642a3ce31a05fc16cf) Importer(815301076,1909f56bfc062723c751e8b465ee728b) [PhysX] Initialized MultithreadedTaskDispatcher with 20 workers.
[PhysX] Initialized MultithreadedTaskDispatcher with 20 workers.
 -> (artifact id: '95d79c32f9e033c386fee2e071932cf1') in 0.071922 seconds
Number of updated asset objects reloaded before import = 0
Number of asset objects unloaded after import = 3
========================================================================
Received Import Request.
  Time since last request: 316.937491 seconds.
  path: Assets/UI/file_2025-09-20_12.06.56.png
  artifactKey: Guid(8770e3f605f7640489fe7f0431449659) Importer(815301076,1909f56bfc062723c751e8b465ee728b)
Start importing Assets/UI/file_2025-09-20_12.06.56.png using Guid(8770e3f605f7640489fe7f0431449659) Importer(815301076,1909f56bfc062723c751e8b465ee728b) [PhysX] Initialized MultithreadedTaskDispatcher with 20 workers.
[PhysX] Initialized MultithreadedTaskDispatcher with 20 workers.
 -> (artifact id: 'e4296531061d8ba5aec6c0b7bcf5260a') in 0.021934 seconds
Number of updated asset objects reloaded before import = 0
Number of asset objects unloaded after import = 2
========================================================================
Received Import Request.
  Time since last request: 38.510561 seconds.
  path: Assets/UI/file_2025-09-20_12.08.53.png
  artifactKey: Guid(5478a391cc4da5d48a977336e414f6ef) Importer(815301076,1909f56bfc062723c751e8b465ee728b)
Start importing Assets/UI/file_2025-09-20_12.08.53.png using Guid(5478a391cc4da5d48a977336e414f6ef) Importer(815301076,1909f56bfc062723c751e8b465ee728b) [PhysX] Initialized MultithreadedTaskDispatcher with 20 workers.
[PhysX] Initialized MultithreadedTaskDispatcher with 20 workers.
 -> (artifact id: 'be4e956200083d015cb007b739283a17') in 0.018534 seconds
Number of updated asset objects reloaded before import = 0
Number of asset objects unloaded after import = 2
========================================================================
Received Import Request.
  Time since last request: 68.753542 seconds.
  path: Assets/UI/Planet.png
  artifactKey: Guid(5478a391cc4da5d48a977336e414f6ef) Importer(815301076,1909f56bfc062723c751e8b465ee728b)
Start importing Assets/UI/Planet.png using Guid(5478a391cc4da5d48a977336e414f6ef) Importer(815301076,1909f56bfc062723c751e8b465ee728b) [PhysX] Initialized MultithreadedTaskDispatcher with 20 workers.
[PhysX] Initialized MultithreadedTaskDispatcher with 20 workers.
 -> (artifact id: 'cb037f07ef98dd5861c226829838f79c') in 0.032935 seconds
Number of updated asset objects reloaded before import = 0
Number of asset objects unloaded after import = 2
========================================================================
Received Import Request.
  Time since last request: 7.404700 seconds.
  path: Assets/UI/Planet.png
  artifactKey: Guid(5478a391cc4da5d48a977336e414f6ef) Importer(815301076,1909f56bfc062723c751e8b465ee728b)
Start importing Assets/UI/Planet.png using Guid(5478a391cc4da5d48a977336e414f6ef) Importer(815301076,1909f56bfc062723c751e8b465ee728b) [PhysX] Initialized MultithreadedTaskDispatcher with 20 workers.
[PhysX] Initialized MultithreadedTaskDispatcher with 20 workers.
 -> (artifact id: 'a4583de8dda890b23d475ed6bbe4937a') in 0.034340 seconds
Number of updated asset objects reloaded before import = 0
Number of asset objects unloaded after import = 3
========================================================================
Received Import Request.
  Time since last request: 11.721948 seconds.
  path: Assets/Scenes/Content.unity
  artifactKey: Guid(637e14e0267948345af0c78c1a57dd7e) Importer(815301076,1909f56bfc062723c751e8b465ee728b)
Start importing Assets/Scenes/Content.unity using Guid(637e14e0267948345af0c78c1a57dd7e) Importer(815301076,1909f56bfc062723c751e8b465ee728b) [PhysX] Initialized MultithreadedTaskDispatcher with 20 workers.
 -> (artifact id: '8b4d4d376c519d89e0550041715d83e4') in 0.000686 seconds
Number of updated asset objects reloaded before import = 0
Number of asset objects unloaded after import = 0
========================================================================
Received Import Request.
  Time since last request: 2.130432 seconds.
  path: Assets/Scenes/HomeScreen.unity
  artifactKey: Guid(9fc0d4010bbf28b4594072e72b8655ab) Importer(815301076,1909f56bfc062723c751e8b465ee728b)
Start importing Assets/Scenes/HomeScreen.unity using Guid(9fc0d4010bbf28b4594072e72b8655ab) Importer(815301076,1909f56bfc062723c751e8b465ee728b) [PhysX] Initialized MultithreadedTaskDispatcher with 20 workers.
 -> (artifact id: 'b2174b30b2f672f395032d29f728ff5f') in 0.000580 seconds
Number of updated asset objects reloaded before import = 0
Number of asset objects unloaded after import = 0
========================================================================
Received Import Request.
  Time since last request: 199.796045 seconds.
  path: Assets/UI/file_2025-09-20_12.13.30.png
  artifactKey: Guid(e72db771f4862714da7ae400ac7a9c7b) Importer(815301076,1909f56bfc062723c751e8b465ee728b)
Start importing Assets/UI/file_2025-09-20_12.13.30.png using Guid(e72db771f4862714da7ae400ac7a9c7b) Importer(815301076,1909f56bfc062723c751e8b465ee728b) [PhysX] Initialized MultithreadedTaskDispatcher with 20 workers.
[PhysX] Initialized MultithreadedTaskDispatcher with 20 workers.
 -> (artifact id: '0d526c748c51e9686f11026444701bd1') in 0.019506 seconds
Number of updated asset objects reloaded before import = 0
Number of asset objects unloaded after import = 2
========================================================================
Received Import Request.
  Time since last request: 15.929594 seconds.
  path: Assets/UI/file_2025-09-20_12.13.30.png
  artifactKey: Guid(e72db771f4862714da7ae400ac7a9c7b) Importer(815301076,1909f56bfc062723c751e8b465ee728b)
Start importing Assets/UI/file_2025-09-20_12.13.30.png using Guid(e72db771f4862714da7ae400ac7a9c7b) Importer(815301076,1909f56bfc062723c751e8b465ee728b) [PhysX] Initialized MultithreadedTaskDispatcher with 20 workers.
[PhysX] Initialized MultithreadedTaskDispatcher with 20 workers.
 -> (artifact id: '7561e0f313767039dd9c4acb2490eeef') in 0.028785 seconds
Number of updated asset objects reloaded before import = 0
Number of asset objects unloaded after import = 3
========================================================================
Received Import Request.
  Time since last request: 72.943261 seconds.
  path: Assets/UI/file_2025-09-20_12.14.21.png
  artifactKey: Guid(cd059fab7e0794d4db11515a9d6b0959) Importer(815301076,1909f56bfc062723c751e8b465ee728b)
Start importing Assets/UI/file_2025-09-20_12.14.21.png using Guid(cd059fab7e0794d4db11515a9d6b0959) Importer(815301076,1909f56bfc062723c751e8b465ee728b) [PhysX] Initialized MultithreadedTaskDispatcher with 20 workers.
[PhysX] Initialized MultithreadedTaskDispatcher with 20 workers.
 -> (artifact id: '3793619bc048c1e260ed5c10691fe3ca') in 0.018509 seconds
Number of updated asset objects reloaded before import = 0
Number of asset objects unloaded after import = 2
========================================================================
Received Import Request.
  Time since last request: 3.898614 seconds.
  path: Assets/UI/file_2025-09-20_12.15.52.png
  artifactKey: Guid(3b72f56a0df724c438318d8c62bca0f8) Importer(815301076,1909f56bfc062723c751e8b465ee728b)
Start importing Assets/UI/file_2025-09-20_12.15.52.png using Guid(3b72f56a0df724c438318d8c62bca0f8) Importer(815301076,1909f56bfc062723c751e8b465ee728b) [PhysX] Initialized MultithreadedTaskDispatcher with 20 workers.
[PhysX] Initialized MultithreadedTaskDispatcher with 20 workers.
 -> (artifact id: '56733294d547b7b495e711e24d552c5c') in 0.015314 seconds
Number of updated asset objects reloaded before import = 0
Number of asset objects unloaded after import = 2
========================================================================
Received Import Request.
  Time since last request: 10.155440 seconds.
  path: Assets/UI/file_2025-09-20_12.15.52.png
  artifactKey: Guid(3b72f56a0df724c438318d8c62bca0f8) Importer(815301076,1909f56bfc062723c751e8b465ee728b)
Start importing Assets/UI/file_2025-09-20_12.15.52.png using Guid(3b72f56a0df724c438318d8c62bca0f8) Importer(815301076,1909f56bfc062723c751e8b465ee728b) [PhysX] Initialized MultithreadedTaskDispatcher with 20 workers.
[PhysX] Initialized MultithreadedTaskDispatcher with 20 workers.
 -> (artifact id: 'f91e45f4e0aca0d9c99cf954aafe93ca') in 0.031886 seconds
Number of updated asset objects reloaded before import = 0
Number of asset objects unloaded after import = 3
========================================================================
Received Import Request.
  Time since last request: 7.167127 seconds.
  path: Assets/UI/file_2025-09-20_12.14.21.png
  artifactKey: Guid(cd059fab7e0794d4db11515a9d6b0959) Importer(815301076,1909f56bfc062723c751e8b465ee728b)
Start importing Assets/UI/file_2025-09-20_12.14.21.png using Guid(cd059fab7e0794d4db11515a9d6b0959) Importer(815301076,1909f56bfc062723c751e8b465ee728b) [PhysX] Initialized MultithreadedTaskDispatcher with 20 workers.
[PhysX] Initialized MultithreadedTaskDispatcher with 20 workers.
 -> (artifact id: '309cc7878cdaf5f289b1d77f5e746134') in 0.051747 seconds
Number of updated asset objects reloaded before import = 0
Number of asset objects unloaded after import = 3
========================================================================
Received Import Request.
  Time since last request: 52.499543 seconds.
  path: Assets/UI/file_2025-09-20_12.06.56.png
  artifactKey: Guid(8770e3f605f7640489fe7f0431449659) Importer(815301076,1909f56bfc062723c751e8b465ee728b)
Start importing Assets/UI/file_2025-09-20_12.06.56.png using Guid(8770e3f605f7640489fe7f0431449659) Importer(815301076,1909f56bfc062723c751e8b465ee728b) [PhysX] Initialized MultithreadedTaskDispatcher with 20 workers.
[PhysX] Initialized MultithreadedTaskDispatcher with 20 workers.
 -> (artifact id: '7a25ff99d761f53b837c9582f459d092') in 0.050828 seconds
Number of updated asset objects reloaded before import = 0
Number of asset objects unloaded after import = 3
========================================================================
Received Import Request.
  Time since last request: 29.094641 seconds.
  path: Assets/Scenes/Character.unity
  artifactKey: Guid(3254d9404b159f24c9b90864e2c205eb) Importer(815301076,1909f56bfc062723c751e8b465ee728b)
Start importing Assets/Scenes/Character.unity using Guid(3254d9404b159f24c9b90864e2c205eb) Importer(815301076,1909f56bfc062723c751e8b465ee728b) [PhysX] Initialized MultithreadedTaskDispatcher with 20 workers.
 -> (artifact id: '9ceb3db45314581adcf46221c4526e6d') in 0.000510 seconds
Number of updated asset objects reloaded before import = 0
Number of asset objects unloaded after import = 0
========================================================================
Received Import Request.
  Time since last request: 81.255687 seconds.
  path: Assets/UI/file_2025-09-20_12.17.45.png
  artifactKey: Guid(1a39d3a7e715fe04c890eda9b7612ede) Importer(815301076,1909f56bfc062723c751e8b465ee728b)
Start importing Assets/UI/file_2025-09-20_12.17.45.png using Guid(1a39d3a7e715fe04c890eda9b7612ede) Importer(815301076,1909f56bfc062723c751e8b465ee728b) [PhysX] Initialized MultithreadedTaskDispatcher with 20 workers.
[PhysX] Initialized MultithreadedTaskDispatcher with 20 workers.
 -> (artifact id: '1af6f074e0f10bb397089fa02ddfc37a') in 0.018529 seconds
Number of updated asset objects reloaded before import = 0
Number of asset objects unloaded after import = 2
========================================================================
Received Import Request.
  Time since last request: 28.590068 seconds.
  path: Assets/UI/file_2025-09-20_12.17.45.png
  artifactKey: Guid(1a39d3a7e715fe04c890eda9b7612ede) Importer(815301076,1909f56bfc062723c751e8b465ee728b)
Start importing Assets/UI/file_2025-09-20_12.17.45.png using Guid(1a39d3a7e715fe04c890eda9b7612ede) Importer(815301076,1909f56bfc062723c751e8b465ee728b) [PhysX] Initialized MultithreadedTaskDispatcher with 20 workers.
[PhysX] Initialized MultithreadedTaskDispatcher with 20 workers.
 -> (artifact id: 'd16eff03eef891f5b293eb10ff3f19a2') in 0.025017 seconds
Number of updated asset objects reloaded before import = 0
Number of asset objects unloaded after import = 3
========================================================================
Received Import Request.
  Time since last request: 13.142482 seconds.
  path: Assets/Scenes/Content.unity
  artifactKey: Guid(637e14e0267948345af0c78c1a57dd7e) Importer(815301076,1909f56bfc062723c751e8b465ee728b)
Start importing Assets/Scenes/Content.unity using Guid(637e14e0267948345af0c78c1a57dd7e) Importer(815301076,1909f56bfc062723c751e8b465ee728b) [PhysX] Initialized MultithreadedTaskDispatcher with 20 workers.
 -> (artifact id: '6b77a4e8d798b43234d6e088356eeac8') in 0.000633 seconds
Number of updated asset objects reloaded before import = 0
Number of asset objects unloaded after import = 0
========================================================================
Received Import Request.
  Time since last request: 86.295779 seconds.
  path: Assets/Scenes/Vowels
  artifactKey: Guid(061ed6c389c16634bbf97a7f9f6e5db1) Importer(815301076,1909f56bfc062723c751e8b465ee728b)
Start importing Assets/Scenes/Vowels using Guid(061ed6c389c16634bbf97a7f9f6e5db1) Importer(815301076,1909f56bfc062723c751e8b465ee728b) [PhysX] Initialized MultithreadedTaskDispatcher with 20 workers.
 -> (artifact id: '8c9ca6db7d4cab6e5fc6df40f83f1a74') in 0.000565 seconds
Number of updated asset objects reloaded before import = 0
Number of asset objects unloaded after import = 0
========================================================================
Received Prepare
Caller must complete domain reload
Begin MonoManager ReloadAssembly
- Loaded All Assemblies, in  0.377 seconds
Native extension for WindowsStandalone target not found
Native extension for Android target not found
[Package Manager] Server::EnsureServerProcessIsRunning -- launch failed, reason: Unity was launched with the -noUpm command-line argument
[Package Manager] UpmClient::Send -- Unable to send message (not connected to UPM process).
[Package Manager] Cannot connect to Unity Package Manager local server
Mono: successfully reloaded assembly
[Package Manager] Server::EnsureServerProcessIsRunning -- launch failed, reason: Unity was launched with the -noUpm command-line argument
[Package Manager] UpmClient::Send -- Unable to send message (not connected to UPM process).
[Package Manager] Cannot connect to Unity Package Manager local server
- Finished resetting the current domain, in  0.834 seconds
Domain Reload Profiling: 1211ms
	BeginReloadAssembly (135ms)
		ExecutionOrderSort (0ms)
		DisableScriptedObjects (3ms)
		BackupInstance (0ms)
		ReleaseScriptingObjects (0ms)
		CreateAndSetChildDomain (26ms)
	RebuildCommonClasses (32ms)
	RebuildNativeTypeToScriptingClass (8ms)
	initialDomainReloadingComplete (20ms)
	LoadAllAssembliesAndSetupDomain (183ms)
		LoadAssemblies (250ms)
		RebuildTransferFunctionScriptingTraits (0ms)
		AnalyzeDomain (14ms)
			TypeCache.Refresh (5ms)
				TypeCache.ScanAssembly (0ms)
			ScanForSourceGeneratedMonoScriptInfo (0ms)
			ResolveRequiredComponents (7ms)
	FinalizeReload (834ms)
		ReleaseScriptCaches (0ms)
		RebuildScriptCaches (0ms)
		SetupLoadedEditorAssemblies (428ms)
			LogAssemblyErrors (0ms)
			InitializePlatformSupportModulesInManaged (13ms)
			SetLoadedEditorAssemblies (3ms)
			RefreshPlugins (0ms)
			BeforeProcessingInitializeOnLoad (55ms)
			ProcessInitializeOnLoadAttributes (315ms)
			ProcessInitializeOnLoadMethodAttributes (40ms)
			AfterProcessingInitializeOnLoad (2ms)
			EditorAssembliesLoaded (0ms)
		ExecutionOrderSort2 (0ms)
		AwakeInstancesAfterBackupRestoration (9ms)
Refreshing native plugins compatible for Editor in 5.79 ms, found 4 plugins.
Preloading 0 native plugins for Editor in 0.00 ms.
Unloading 4557 Unused Serialized files (Serialized files now loaded: 0)
Unloading 23 unused Assets / (1.3 MB). Loaded Objects now: 5120.
Memory consumption went from 158.4 MB to 157.2 MB.
Total: 3.960300 ms (FindLiveObjects: 0.283300 ms CreateObjectMapping: 0.138100 ms MarkObjects: 2.988500 ms  DeleteObjects: 0.549200 ms)

Prepare: number of updated asset objects reloaded= 0
AssetImportParameters requested are different than current active one (requested -> active):
  custom:container-demuxer-ogg: 62fdf1f143b41e24485cea50d1cbac27 -> 
  custom:video-codec-MediaFoundation-h265: 746d11721c4dcdbdad8f713fa42b33f4 -> 
  custom:video-decoder-ogg-theora: a1e56fd34408186e4bbccfd4996cb3dc -> 
  custom:framework-win-MediaFoundation: 216162199b28c13a410421893ffa2e32 -> 
  custom:CustomObjectIndexerAttribute: 9a22284fe3817be447336de3de66b15e -> 
  custom:container-demuxer-webm: 4f35f7cbe854078d1ac9338744f61a02 -> 
  custom:container-muxer-webm: aa71ff27fc2769a1b78a27578f13a17b -> 
  custom:video-decoder-webm-vp8: 9c59270c3fd7afecdb556c50c9e8de78 -> 
  custom:SearchIndexIgnoredProperties: e643bd26f0fe6173181afceb89e7c659 -> 
  custom:AudioImporter_EditorPlatform: d09bf68614088b80899f8185d706f6e7 -> 
  custom:scripting/monoscript/fileName/CorrectAns.cs: fdde4066277fc48c40275864fb35c645 -> 
  custom:video-encoder-webm-vp8: eb34c28f22e8b96e1ab97ce403110664 -> 
  custom:audio-decoder-ogg-vorbis: bf7c407c2cedff20999df2af8eb42d56 -> 
  custom:scripting/monoscript/fileName/SafeArea.cs: 5837f9ee308c1c81b303fe8b1b1a4dd3 -> 
  custom:audio-encoder-webm-vorbis: bf7c407c2cedff20999df2af8eb42d56 -> 
  custom:scripting/precompiled-assembly-types:Assembly-CSharp: 04058eb4e059ecaaffaf628fbb8cc8b6 -> 6248c70c833e08215915988a356c45e5
========================================================================
Received Import Request.
  Time since last request: 66.058307 seconds.
  path: Assets/Scenes/Vowels/Planet.unity
  artifactKey: Guid(e33db7031bb22b141b34202b3ded51e1) Importer(815301076,1909f56bfc062723c751e8b465ee728b)
Start importing Assets/Scenes/Vowels/Planet.unity using Guid(e33db7031bb22b141b34202b3ded51e1) Importer(815301076,1909f56bfc062723c751e8b465ee728b) [PhysX] Initialized MultithreadedTaskDispatcher with 20 workers.
 -> (artifact id: '5f7c5255dd3209d09a3e4166798ed800') in 0.002350 seconds
Number of updated asset objects reloaded before import = 0
Number of asset objects unloaded after import = 0
========================================================================
Received Import Request.
  Time since last request: 5.069771 seconds.
  path: Assets/Scenes/Vowels/Vowels.unity
  artifactKey: Guid(e33db7031bb22b141b34202b3ded51e1) Importer(815301076,1909f56bfc062723c751e8b465ee728b)
Start importing Assets/Scenes/Vowels/Vowels.unity using Guid(e33db7031bb22b141b34202b3ded51e1) Importer(815301076,1909f56bfc062723c751e8b465ee728b) [PhysX] Initialized MultithreadedTaskDispatcher with 20 workers.
 -> (artifact id: '8e9a14005647aa0ba113563105b7e341') in 0.000545 seconds
Number of updated asset objects reloaded before import = 0
Number of asset objects unloaded after import = 0
========================================================================
Received Import Request.
  Time since last request: 201.308068 seconds.
  path: Assets/Images/Vowels
  artifactKey: Guid(1d8694e37b0160f4990ea64774a35302) Importer(815301076,1909f56bfc062723c751e8b465ee728b)
Start importing Assets/Images/Vowels using Guid(1d8694e37b0160f4990ea64774a35302) Importer(815301076,1909f56bfc062723c751e8b465ee728b) [PhysX] Initialized MultithreadedTaskDispatcher with 20 workers.
 -> (artifact id: '104b34c0d6bb6c943ce535b25fd2ce4f') in 0.000432 seconds
Number of updated asset objects reloaded before import = 0
Number of asset objects unloaded after import = 0
========================================================================
Received Import Request.
  Time since last request: 30.962489 seconds.
  path: Assets/Images/Vowels/a
  artifactKey: Guid(5fbebaaa4c0c74a429f4da0315cfc46f) Importer(815301076,1909f56bfc062723c751e8b465ee728b)
Start importing Assets/Images/Vowels/a using Guid(5fbebaaa4c0c74a429f4da0315cfc46f) Importer(815301076,1909f56bfc062723c751e8b465ee728b) [PhysX] Initialized MultithreadedTaskDispatcher with 20 workers.
 -> (artifact id: '015f7dab19bcfe9c47f5fd0e26a4e4fc') in 0.000412 seconds
Number of updated asset objects reloaded before import = 0
Number of asset objects unloaded after import = 0
========================================================================
Received Import Request.
  Time since last request: 0.099619 seconds.
  path: Assets/Images/Vowels/a/a.jpg
  artifactKey: Guid(b80365e26701c9f4e862df554fa06070) Importer(815301076,1909f56bfc062723c751e8b465ee728b)
Start importing Assets/Images/Vowels/a/a.jpg using Guid(b80365e26701c9f4e862df554fa06070) Importer(815301076,1909f56bfc062723c751e8b465ee728b) [PhysX] Initialized MultithreadedTaskDispatcher with 20 workers.
[PhysX] Initialized MultithreadedTaskDispatcher with 20 workers.
 -> (artifact id: '8313a96b0bb1d7bf981c8c536e1331b2') in 0.055766 seconds
Number of updated asset objects reloaded before import = 0
Number of asset objects unloaded after import = 2
========================================================================
Received Import Request.
  Time since last request: 11.156554 seconds.
  path: Assets/Images/Vowels/a/a.jpg
  artifactKey: Guid(b80365e26701c9f4e862df554fa06070) Importer(815301076,1909f56bfc062723c751e8b465ee728b)
Start importing Assets/Images/Vowels/a/a.jpg using Guid(b80365e26701c9f4e862df554fa06070) Importer(815301076,1909f56bfc062723c751e8b465ee728b) [PhysX] Initialized MultithreadedTaskDispatcher with 20 workers.
[PhysX] Initialized MultithreadedTaskDispatcher with 20 workers.
 -> (artifact id: 'df46228e536c218c477d05c59e6840db') in 0.053840 seconds
Number of updated asset objects reloaded before import = 0
Number of asset objects unloaded after import = 3
========================================================================
Received Prepare
Caller must complete domain reload
Begin MonoManager ReloadAssembly
- Loaded All Assemblies, in  3.234 seconds
Native extension for WindowsStandalone target not found
Native extension for Android target not found
[Package Manager] Server::EnsureServerProcessIsRunning -- launch failed, reason: Unity was launched with the -noUpm command-line argument
[Package Manager] UpmClient::Send -- Unable to send message (not connected to UPM process).
[Package Manager] Cannot connect to Unity Package Manager local server
Mono: successfully reloaded assembly
[Package Manager] Server::EnsureServerProcessIsRunning -- launch failed, reason: Unity was launched with the -noUpm command-line argument
[Package Manager] UpmClient::Send -- Unable to send message (not connected to UPM process).
[Package Manager] Cannot connect to Unity Package Manager local server
- Finished resetting the current domain, in 21.267 seconds
Domain Reload Profiling: 24501ms
	BeginReloadAssembly (134ms)
		ExecutionOrderSort (0ms)
		DisableScriptedObjects (3ms)
		BackupInstance (0ms)
		ReleaseScriptingObjects (0ms)
		CreateAndSetChildDomain (26ms)
	RebuildCommonClasses (22ms)
	RebuildNativeTypeToScriptingClass (7ms)
	initialDomainReloadingComplete (17ms)
	LoadAllAssembliesAndSetupDomain (3053ms)
		LoadAssemblies (3113ms)
		RebuildTransferFunctionScriptingTraits (0ms)
		AnalyzeDomain (15ms)
			TypeCache.Refresh (6ms)
				TypeCache.ScanAssembly (0ms)
			ScanForSourceGeneratedMonoScriptInfo (0ms)
			ResolveRequiredComponents (7ms)
	FinalizeReload (21267ms)
		ReleaseScriptCaches (0ms)
		RebuildScriptCaches (0ms)
		SetupLoadedEditorAssemblies (376ms)
			LogAssemblyErrors (0ms)
			InitializePlatformSupportModulesInManaged (11ms)
			SetLoadedEditorAssemblies (3ms)
			RefreshPlugins (0ms)
			BeforeProcessingInitializeOnLoad (49ms)
			ProcessInitializeOnLoadAttributes (275ms)
			ProcessInitializeOnLoadMethodAttributes (36ms)
			AfterProcessingInitializeOnLoad (2ms)
			EditorAssembliesLoaded (0ms)
		ExecutionOrderSort2 (0ms)
		AwakeInstancesAfterBackupRestoration (9ms)
Refreshing native plugins compatible for Editor in 3.48 ms, found 4 plugins.
Preloading 0 native plugins for Editor in 0.00 ms.
Unloading 4557 Unused Serialized files (Serialized files now loaded: 0)
Unloading 21 unused Assets / (1.1 MB). Loaded Objects now: 5128.
Memory consumption went from 158.3 MB to 157.2 MB.
Total: 3.828600 ms (FindLiveObjects: 0.248700 ms CreateObjectMapping: 0.098800 ms MarkObjects: 3.056800 ms  DeleteObjects: 0.423500 ms)

Prepare: number of updated asset objects reloaded= 0
AssetImportParameters requested are different than current active one (requested -> active):
  custom:container-demuxer-ogg: 62fdf1f143b41e24485cea50d1cbac27 -> 
  custom:video-codec-MediaFoundation-h265: 746d11721c4dcdbdad8f713fa42b33f4 -> 
  custom:video-decoder-ogg-theora: a1e56fd34408186e4bbccfd4996cb3dc -> 
  custom:framework-win-MediaFoundation: 216162199b28c13a410421893ffa2e32 -> 
  custom:CustomObjectIndexerAttribute: 9a22284fe3817be447336de3de66b15e -> 
  custom:container-demuxer-webm: 4f35f7cbe854078d1ac9338744f61a02 -> 
  custom:container-muxer-webm: aa71ff27fc2769a1b78a27578f13a17b -> 
  custom:video-decoder-webm-vp8: 9c59270c3fd7afecdb556c50c9e8de78 -> 
  custom:SearchIndexIgnoredProperties: e643bd26f0fe6173181afceb89e7c659 -> 
  custom:AudioImporter_EditorPlatform: d09bf68614088b80899f8185d706f6e7 -> 
  custom:scripting/monoscript/fileName/CorrectAns.cs: fdde4066277fc48c40275864fb35c645 -> 
  custom:video-encoder-webm-vp8: eb34c28f22e8b96e1ab97ce403110664 -> 
  custom:audio-decoder-ogg-vorbis: bf7c407c2cedff20999df2af8eb42d56 -> 
  custom:scripting/monoscript/fileName/SafeArea.cs: 5837f9ee308c1c81b303fe8b1b1a4dd3 -> 
  custom:audio-encoder-webm-vorbis: bf7c407c2cedff20999df2af8eb42d56 -> 
  custom:scripting/precompiled-assembly-types:Assembly-CSharp: 04058eb4e059ecaaffaf628fbb8cc8b6 -> 6248c70c833e08215915988a356c45e5
========================================================================
Received Import Request.
  Time since last request: 111.682381 seconds.
  path: Assets/Images/Vowels/ai
  artifactKey: Guid(9cca57d4e6d68e447ae7699a81897513) Importer(815301076,1909f56bfc062723c751e8b465ee728b)
Start importing Assets/Images/Vowels/ai using Guid(9cca57d4e6d68e447ae7699a81897513) Importer(815301076,1909f56bfc062723c751e8b465ee728b) [PhysX] Initialized MultithreadedTaskDispatcher with 20 workers.
 -> (artifact id: '7f9ffa6c423766fec13665f8cd12bdc0') in 0.002744 seconds
Number of updated asset objects reloaded before import = 0
Number of asset objects unloaded after import = 0
========================================================================
Received Import Request.
  Time since last request: 0.054423 seconds.
  path: Assets/Images/Vowels/ai/ai.jpg
  artifactKey: Guid(b51240c65a2db0b48a25b04c28ee6aba) Importer(815301076,1909f56bfc062723c751e8b465ee728b)
Start importing Assets/Images/Vowels/ai/ai.jpg using Guid(b51240c65a2db0b48a25b04c28ee6aba) Importer(815301076,1909f56bfc062723c751e8b465ee728b) [PhysX] Initialized MultithreadedTaskDispatcher with 20 workers.
[PhysX] Initialized MultithreadedTaskDispatcher with 20 workers.
 -> (artifact id: '7ee9cf883ad8eed15b92d3045af0d651') in 0.053211 seconds
Number of updated asset objects reloaded before import = 0
Number of asset objects unloaded after import = 2
========================================================================
Received Import Request.
  Time since last request: 22.288658 seconds.
  path: Assets/Images/Vowels/ai/ai.jpg
  artifactKey: Guid(b51240c65a2db0b48a25b04c28ee6aba) Importer(815301076,1909f56bfc062723c751e8b465ee728b)
Start importing Assets/Images/Vowels/ai/ai.jpg using Guid(b51240c65a2db0b48a25b04c28ee6aba) Importer(815301076,1909f56bfc062723c751e8b465ee728b) [PhysX] Initialized MultithreadedTaskDispatcher with 20 workers.
[PhysX] Initialized MultithreadedTaskDispatcher with 20 workers.
 -> (artifact id: '4d49c65040068c5a44ae216a2f71656e') in 0.054506 seconds
Number of updated asset objects reloaded before import = 0
Number of asset objects unloaded after import = 3
========================================================================
Received Import Request.
  Time since last request: 12.929378 seconds.
  path: Assets/Images/Vowels/i/i.jpg
  artifactKey: Guid(5ddb114d4544e8c408ab5863f589dd66) Importer(815301076,1909f56bfc062723c751e8b465ee728b)
Start importing Assets/Images/Vowels/i/i.jpg using Guid(5ddb114d4544e8c408ab5863f589dd66) Importer(815301076,1909f56bfc062723c751e8b465ee728b) [PhysX] Initialized MultithreadedTaskDispatcher with 20 workers.
[PhysX] Initialized MultithreadedTaskDispatcher with 20 workers.
 -> (artifact id: 'e39320d938f0a38d31811e119a9a13ad') in 0.045956 seconds
Number of updated asset objects reloaded before import = 0
Number of asset objects unloaded after import = 2
========================================================================
Received Import Request.
  Time since last request: 26.382732 seconds.
  path: Assets/Images/Vowels/i/i.jpg
  artifactKey: Guid(5ddb114d4544e8c408ab5863f589dd66) Importer(815301076,1909f56bfc062723c751e8b465ee728b)
Start importing Assets/Images/Vowels/i/i.jpg using Guid(5ddb114d4544e8c408ab5863f589dd66) Importer(815301076,1909f56bfc062723c751e8b465ee728b) [PhysX] Initialized MultithreadedTaskDispatcher with 20 workers.
[PhysX] Initialized MultithreadedTaskDispatcher with 20 workers.
 -> (artifact id: '9fa11d4b1da7456c9c7d00187d61b166') in 0.055565 seconds
Number of updated asset objects reloaded before import = 0
Number of asset objects unloaded after import = 3
========================================================================
Received Import Request.
  Time since last request: 26.983147 seconds.
  path: Assets/Images/Vowels/ii/ii.jpg
  artifactKey: Guid(4251d26c5eb72354887d3d7ed3b3c9dd) Importer(815301076,1909f56bfc062723c751e8b465ee728b)
Start importing Assets/Images/Vowels/ii/ii.jpg using Guid(4251d26c5eb72354887d3d7ed3b3c9dd) Importer(815301076,1909f56bfc062723c751e8b465ee728b) [PhysX] Initialized MultithreadedTaskDispatcher with 20 workers.
[PhysX] Initialized MultithreadedTaskDispatcher with 20 workers.
 -> (artifact id: '54b72a1d78ef332725319ff3bcabaf30') in 0.043295 seconds
Number of updated asset objects reloaded before import = 0
Number of asset objects unloaded after import = 2
========================================================================
Received Import Request.
  Time since last request: 4.387602 seconds.
  path: Assets/Images/Vowels/ii/ii.jpg
  artifactKey: Guid(4251d26c5eb72354887d3d7ed3b3c9dd) Importer(815301076,1909f56bfc062723c751e8b465ee728b)
Start importing Assets/Images/Vowels/ii/ii.jpg using Guid(4251d26c5eb72354887d3d7ed3b3c9dd) Importer(815301076,1909f56bfc062723c751e8b465ee728b) [PhysX] Initialized MultithreadedTaskDispatcher with 20 workers.
[PhysX] Initialized MultithreadedTaskDispatcher with 20 workers.
 -> (artifact id: '554fd9d94f6453e930a3011e6ba17292') in 0.024126 seconds
Number of updated asset objects reloaded before import = 0
Number of asset objects unloaded after import = 3
========================================================================
Received Import Request.
  Time since last request: 59.609732 seconds.
  path: Assets/Images/Vowels/u/u.jpg
  artifactKey: Guid(1be7d0c6dc1696c4f95c812bb907debe) Importer(815301076,1909f56bfc062723c751e8b465ee728b)
Start importing Assets/Images/Vowels/u/u.jpg using Guid(1be7d0c6dc1696c4f95c812bb907debe) Importer(815301076,1909f56bfc062723c751e8b465ee728b) [PhysX] Initialized MultithreadedTaskDispatcher with 20 workers.
[PhysX] Initialized MultithreadedTaskDispatcher with 20 workers.
 -> (artifact id: 'b4e86ce0675592c9c8c49959a6cc8398') in 0.022078 seconds
Number of updated asset objects reloaded before import = 0
Number of asset objects unloaded after import = 2
========================================================================
Received Import Request.
  Time since last request: 0.000085 seconds.
  path: Assets/Images/Vowels/u
  artifactKey: Guid(272f68006f990d845abd988253610cf9) Importer(815301076,1909f56bfc062723c751e8b465ee728b)
Start importing Assets/Images/Vowels/u using Guid(272f68006f990d845abd988253610cf9) Importer(815301076,1909f56bfc062723c751e8b465ee728b) [PhysX] Initialized MultithreadedTaskDispatcher with 20 workers.
 -> (artifact id: '59c0b9648d828e42b55b524ba9e8936d') in 0.000540 seconds
Number of updated asset objects reloaded before import = 0
Number of asset objects unloaded after import = 0
========================================================================
Received Import Request.
  Time since last request: 4.985589 seconds.
  path: Assets/Images/Vowels/u/u.jpg
  artifactKey: Guid(1be7d0c6dc1696c4f95c812bb907debe) Importer(815301076,1909f56bfc062723c751e8b465ee728b)
Start importing Assets/Images/Vowels/u/u.jpg using Guid(1be7d0c6dc1696c4f95c812bb907debe) Importer(815301076,1909f56bfc062723c751e8b465ee728b) [PhysX] Initialized MultithreadedTaskDispatcher with 20 workers.
[PhysX] Initialized MultithreadedTaskDispatcher with 20 workers.
 -> (artifact id: 'a891c97ba1d56e17e2da353a280b0515') in 0.025038 seconds
Number of updated asset objects reloaded before import = 0
Number of asset objects unloaded after import = 3
========================================================================
Received Import Request.
  Time since last request: 26.315876 seconds.
  path: Assets/Images/Vowels/uu
  artifactKey: Guid(b8c4f2d4480833d4f8511ad3531cef7b) Importer(815301076,1909f56bfc062723c751e8b465ee728b)
Start importing Assets/Images/Vowels/uu using Guid(b8c4f2d4480833d4f8511ad3531cef7b) Importer(815301076,1909f56bfc062723c751e8b465ee728b) [PhysX] Initialized MultithreadedTaskDispatcher with 20 workers.
 -> (artifact id: '1fc26ab0e36f64f52c2be137144a4e9d') in 0.000667 seconds
Number of updated asset objects reloaded before import = 0
Number of asset objects unloaded after import = 0
========================================================================
Received Import Request.
  Time since last request: 0.063055 seconds.
  path: Assets/Images/Vowels/uu/uu.jpg
  artifactKey: Guid(9709913166acb414f88383538b4e0700) Importer(815301076,1909f56bfc062723c751e8b465ee728b)
Start importing Assets/Images/Vowels/uu/uu.jpg using Guid(9709913166acb414f88383538b4e0700) Importer(815301076,1909f56bfc062723c751e8b465ee728b) [PhysX] Initialized MultithreadedTaskDispatcher with 20 workers.
[PhysX] Initialized MultithreadedTaskDispatcher with 20 workers.
 -> (artifact id: '44da5b52e9d571b516fbd3260f0c1866') in 0.059412 seconds
Number of updated asset objects reloaded before import = 0
Number of asset objects unloaded after import = 2
========================================================================
Received Import Request.
  Time since last request: 8.653259 seconds.
  path: Assets/Images/Vowels/uu/uu.jpg
  artifactKey: Guid(9709913166acb414f88383538b4e0700) Importer(815301076,1909f56bfc062723c751e8b465ee728b)
Start importing Assets/Images/Vowels/uu/uu.jpg using Guid(9709913166acb414f88383538b4e0700) Importer(815301076,1909f56bfc062723c751e8b465ee728b) [PhysX] Initialized MultithreadedTaskDispatcher with 20 workers.
[PhysX] Initialized MultithreadedTaskDispatcher with 20 workers.
 -> (artifact id: 'ac8030014d520100333486b96cae87b5') in 0.061887 seconds
Number of updated asset objects reloaded before import = 0
Number of asset objects unloaded after import = 3
========================================================================
Received Prepare
Caller must complete domain reload
Begin MonoManager ReloadAssembly
- Loaded All Assemblies, in  0.369 seconds
Native extension for WindowsStandalone target not found
Native extension for Android target not found
[Package Manager] Server::EnsureServerProcessIsRunning -- launch failed, reason: Unity was launched with the -noUpm command-line argument
[Package Manager] UpmClient::Send -- Unable to send message (not connected to UPM process).
[Package Manager] Cannot connect to Unity Package Manager local server
Mono: successfully reloaded assembly
[Package Manager] Server::EnsureServerProcessIsRunning -- launch failed, reason: Unity was launched with the -noUpm command-line argument
[Package Manager] UpmClient::Send -- Unable to send message (not connected to UPM process).
[Package Manager] Cannot connect to Unity Package Manager local server
- Finished resetting the current domain, in  0.807 seconds
Domain Reload Profiling: 1175ms
	BeginReloadAssembly (133ms)
		ExecutionOrderSort (0ms)
		DisableScriptedObjects (3ms)
		BackupInstance (0ms)
		ReleaseScriptingObjects (0ms)
		CreateAndSetChildDomain (29ms)
	RebuildCommonClasses (24ms)
	RebuildNativeTypeToScriptingClass (7ms)
	initialDomainReloadingComplete (21ms)
	LoadAllAssembliesAndSetupDomain (183ms)
		LoadAssemblies (244ms)
		RebuildTransferFunctionScriptingTraits (0ms)
		AnalyzeDomain (14ms)
			TypeCache.Refresh (6ms)
				TypeCache.ScanAssembly (0ms)
			ScanForSourceGeneratedMonoScriptInfo (0ms)
			ResolveRequiredComponents (6ms)
	FinalizeReload (807ms)
		ReleaseScriptCaches (0ms)
		RebuildScriptCaches (0ms)
		SetupLoadedEditorAssemblies (394ms)
			LogAssemblyErrors (0ms)
			InitializePlatformSupportModulesInManaged (12ms)
			SetLoadedEditorAssemblies (3ms)
			RefreshPlugins (0ms)
			BeforeProcessingInitializeOnLoad (52ms)
			ProcessInitializeOnLoadAttributes (285ms)
			ProcessInitializeOnLoadMethodAttributes (40ms)
			AfterProcessingInitializeOnLoad (1ms)
			EditorAssembliesLoaded (0ms)
		ExecutionOrderSort2 (0ms)
		AwakeInstancesAfterBackupRestoration (8ms)
Refreshing native plugins compatible for Editor in 5.85 ms, found 4 plugins.
Preloading 0 native plugins for Editor in 0.00 ms.
Unloading 4555 Unused Serialized files (Serialized files now loaded: 0)
Unloading 21 unused Assets / (1.1 MB). Loaded Objects now: 5142.
Memory consumption went from 157.9 MB to 156.8 MB.
Total: 3.765300 ms (FindLiveObjects: 0.219900 ms CreateObjectMapping: 0.118000 ms MarkObjects: 2.852200 ms  DeleteObjects: 0.574400 ms)

Prepare: number of updated asset objects reloaded= 0
AssetImportParameters requested are different than current active one (requested -> active):
  custom:container-demuxer-ogg: 62fdf1f143b41e24485cea50d1cbac27 -> 
  custom:video-codec-MediaFoundation-h265: 746d11721c4dcdbdad8f713fa42b33f4 -> 
  custom:video-decoder-ogg-theora: a1e56fd34408186e4bbccfd4996cb3dc -> 
  custom:framework-win-MediaFoundation: 216162199b28c13a410421893ffa2e32 -> 
  custom:CustomObjectIndexerAttribute: 9a22284fe3817be447336de3de66b15e -> 
  custom:container-demuxer-webm: 4f35f7cbe854078d1ac9338744f61a02 -> 
  custom:container-muxer-webm: aa71ff27fc2769a1b78a27578f13a17b -> 
  custom:video-decoder-webm-vp8: 9c59270c3fd7afecdb556c50c9e8de78 -> 
  custom:SearchIndexIgnoredProperties: e643bd26f0fe6173181afceb89e7c659 -> 
  custom:AudioImporter_EditorPlatform: d09bf68614088b80899f8185d706f6e7 -> 
  custom:scripting/monoscript/fileName/CorrectAns.cs: fdde4066277fc48c40275864fb35c645 -> 
  custom:video-encoder-webm-vp8: eb34c28f22e8b96e1ab97ce403110664 -> 
  custom:audio-decoder-ogg-vorbis: bf7c407c2cedff20999df2af8eb42d56 -> 
  custom:scripting/monoscript/fileName/SafeArea.cs: 5837f9ee308c1c81b303fe8b1b1a4dd3 -> 
  custom:audio-encoder-webm-vorbis: bf7c407c2cedff20999df2af8eb42d56 -> 
  custom:scripting/precompiled-assembly-types:Assembly-CSharp: 04058eb4e059ecaaffaf628fbb8cc8b6 -> 6248c70c833e08215915988a356c45e5
========================================================================
Received Prepare
Caller must complete domain reload
Begin MonoManager ReloadAssembly
- Loaded All Assemblies, in  0.360 seconds
Native extension for WindowsStandalone target not found
Native extension for Android target not found
[Package Manager] Server::EnsureServerProcessIsRunning -- launch failed, reason: Unity was launched with the -noUpm command-line argument
[Package Manager] UpmClient::Send -- Unable to send message (not connected to UPM process).
[Package Manager] Cannot connect to Unity Package Manager local server
Mono: successfully reloaded assembly
[Package Manager] Server::EnsureServerProcessIsRunning -- launch failed, reason: Unity was launched with the -noUpm command-line argument
[Package Manager] UpmClient::Send -- Unable to send message (not connected to UPM process).
[Package Manager] Cannot connect to Unity Package Manager local server
- Finished resetting the current domain, in  0.770 seconds
Domain Reload Profiling: 1130ms
	BeginReloadAssembly (134ms)
		ExecutionOrderSort (0ms)
		DisableScriptedObjects (4ms)
		BackupInstance (0ms)
		ReleaseScriptingObjects (0ms)
		CreateAndSetChildDomain (29ms)
	RebuildCommonClasses (29ms)
	RebuildNativeTypeToScriptingClass (10ms)
	initialDomainReloadingComplete (23ms)
	LoadAllAssembliesAndSetupDomain (164ms)
		LoadAssemblies (219ms)
		RebuildTransferFunctionScriptingTraits (0ms)
		AnalyzeDomain (14ms)
			TypeCache.Refresh (7ms)
				TypeCache.ScanAssembly (0ms)
			ScanForSourceGeneratedMonoScriptInfo (0ms)
			ResolveRequiredComponents (6ms)
	FinalizeReload (771ms)
		ReleaseScriptCaches (0ms)
		RebuildScriptCaches (0ms)
		SetupLoadedEditorAssemblies (380ms)
			LogAssemblyErrors (0ms)
			InitializePlatformSupportModulesInManaged (10ms)
			SetLoadedEditorAssemblies (3ms)
			RefreshPlugins (0ms)
			BeforeProcessingInitializeOnLoad (47ms)
			ProcessInitializeOnLoadAttributes (282ms)
			ProcessInitializeOnLoadMethodAttributes (37ms)
			AfterProcessingInitializeOnLoad (1ms)
			EditorAssembliesLoaded (0ms)
		ExecutionOrderSort2 (0ms)
		AwakeInstancesAfterBackupRestoration (9ms)
Refreshing native plugins compatible for Editor in 6.26 ms, found 4 plugins.
Preloading 0 native plugins for Editor in 0.00 ms.
Unloading 4556 Unused Serialized files (Serialized files now loaded: 0)
Unloading 21 unused Assets / (1.2 MB). Loaded Objects now: 5146.
Memory consumption went from 158.2 MB to 157.1 MB.
Total: 3.695100 ms (FindLiveObjects: 0.253700 ms CreateObjectMapping: 0.137500 ms MarkObjects: 2.735800 ms  DeleteObjects: 0.567000 ms)

Prepare: number of updated asset objects reloaded= 0
AssetImportParameters requested are different than current active one (requested -> active):
  custom:container-demuxer-ogg: 62fdf1f143b41e24485cea50d1cbac27 -> 
  custom:video-codec-MediaFoundation-h265: 746d11721c4dcdbdad8f713fa42b33f4 -> 
  custom:video-decoder-ogg-theora: a1e56fd34408186e4bbccfd4996cb3dc -> 
  custom:framework-win-MediaFoundation: 216162199b28c13a410421893ffa2e32 -> 
  custom:CustomObjectIndexerAttribute: 9a22284fe3817be447336de3de66b15e -> 
  custom:container-demuxer-webm: 4f35f7cbe854078d1ac9338744f61a02 -> 
  custom:container-muxer-webm: aa71ff27fc2769a1b78a27578f13a17b -> 
  custom:video-decoder-webm-vp8: 9c59270c3fd7afecdb556c50c9e8de78 -> 
  custom:SearchIndexIgnoredProperties: e643bd26f0fe6173181afceb89e7c659 -> 
  custom:AudioImporter_EditorPlatform: d09bf68614088b80899f8185d706f6e7 -> 
  custom:scripting/monoscript/fileName/CorrectAns.cs: fdde4066277fc48c40275864fb35c645 -> 
  custom:video-encoder-webm-vp8: eb34c28f22e8b96e1ab97ce403110664 -> 
  custom:audio-decoder-ogg-vorbis: bf7c407c2cedff20999df2af8eb42d56 -> 
  custom:scripting/monoscript/fileName/SafeArea.cs: 5837f9ee308c1c81b303fe8b1b1a4dd3 -> 
  custom:audio-encoder-webm-vorbis: bf7c407c2cedff20999df2af8eb42d56 -> 
  custom:scripting/precompiled-assembly-types:Assembly-CSharp: 04058eb4e059ecaaffaf628fbb8cc8b6 -> 6248c70c833e08215915988a356c45e5
========================================================================
Received Import Request.
  Time since last request: 124.270867 seconds.
  path: Assets/Scenes/Character.unity
  artifactKey: Guid(3254d9404b159f24c9b90864e2c205eb) Importer(815301076,1909f56bfc062723c751e8b465ee728b)
Start importing Assets/Scenes/Character.unity using Guid(3254d9404b159f24c9b90864e2c205eb) Importer(815301076,1909f56bfc062723c751e8b465ee728b) [PhysX] Initialized MultithreadedTaskDispatcher with 20 workers.
 -> (artifact id: '4d27347f1444db9d8ec24bd8e7508c8d') in 0.002059 seconds
Number of updated asset objects reloaded before import = 0
Number of asset objects unloaded after import = 0
========================================================================
Received Import Request.
  Time since last request: 45.396866 seconds.
  path: Assets/UI/file_2025-09-20_12.12.24.png
  artifactKey: Guid(7ca0b4acbdc6b0344834814173508c67) Importer(815301076,1909f56bfc062723c751e8b465ee728b)
Start importing Assets/UI/file_2025-09-20_12.12.24.png using Guid(7ca0b4acbdc6b0344834814173508c67) Importer(815301076,1909f56bfc062723c751e8b465ee728b) [PhysX] Initialized MultithreadedTaskDispatcher with 20 workers.
[PhysX] Initialized MultithreadedTaskDispatcher with 20 workers.
 -> (artifact id: '206794f477c3fec111c6035cae1efb2c') in 0.066804 seconds
Number of updated asset objects reloaded before import = 0
Number of asset objects unloaded after import = 2
========================================================================
Received Import Request.
  Time since last request: 6.152549 seconds.
  path: Assets/UI/file_2025-09-20_12.12.24.png
  artifactKey: Guid(7ca0b4acbdc6b0344834814173508c67) Importer(815301076,1909f56bfc062723c751e8b465ee728b)
Start importing Assets/UI/file_2025-09-20_12.12.24.png using Guid(7ca0b4acbdc6b0344834814173508c67) Importer(815301076,1909f56bfc062723c751e8b465ee728b) [PhysX] Initialized MultithreadedTaskDispatcher with 20 workers.
[PhysX] Initialized MultithreadedTaskDispatcher with 20 workers.
 -> (artifact id: '14039b6b533bad80c6532c5ba5074616') in 0.041698 seconds
Number of updated asset objects reloaded before import = 0
Number of asset objects unloaded after import = 3
========================================================================
Received Prepare
Caller must complete domain reload
Begin MonoManager ReloadAssembly
- Loaded All Assemblies, in  0.360 seconds
Native extension for WindowsStandalone target not found
Native extension for Android target not found
[Package Manager] Server::EnsureServerProcessIsRunning -- launch failed, reason: Unity was launched with the -noUpm command-line argument
[Package Manager] UpmClient::Send -- Unable to send message (not connected to UPM process).
[Package Manager] Cannot connect to Unity Package Manager local server
Mono: successfully reloaded assembly
[Package Manager] Server::EnsureServerProcessIsRunning -- launch failed, reason: Unity was launched with the -noUpm command-line argument
[Package Manager] UpmClient::Send -- Unable to send message (not connected to UPM process).
[Package Manager] Cannot connect to Unity Package Manager local server
- Finished resetting the current domain, in  0.855 seconds
Domain Reload Profiling: 1214ms
	BeginReloadAssembly (137ms)
		ExecutionOrderSort (0ms)
		DisableScriptedObjects (5ms)
		BackupInstance (0ms)
		ReleaseScriptingObjects (0ms)
		CreateAndSetChildDomain (28ms)
	RebuildCommonClasses (24ms)
	RebuildNativeTypeToScriptingClass (8ms)
	initialDomainReloadingComplete (22ms)
	LoadAllAssembliesAndSetupDomain (168ms)
		LoadAssemblies (231ms)
		RebuildTransferFunctionScriptingTraits (0ms)
		AnalyzeDomain (16ms)
			TypeCache.Refresh (7ms)
				TypeCache.ScanAssembly (0ms)
			ScanForSourceGeneratedMonoScriptInfo (0ms)
			ResolveRequiredComponents (7ms)
	FinalizeReload (855ms)
		ReleaseScriptCaches (0ms)
		RebuildScriptCaches (0ms)
		SetupLoadedEditorAssemblies (431ms)
			LogAssemblyErrors (0ms)
			InitializePlatformSupportModulesInManaged (14ms)
			SetLoadedEditorAssemblies (3ms)
			RefreshPlugins (0ms)
			BeforeProcessingInitializeOnLoad (54ms)
			ProcessInitializeOnLoadAttributes (321ms)
			ProcessInitializeOnLoadMethodAttributes (38ms)
			AfterProcessingInitializeOnLoad (2ms)
			EditorAssembliesLoaded (0ms)
		ExecutionOrderSort2 (0ms)
		AwakeInstancesAfterBackupRestoration (8ms)
Refreshing native plugins compatible for Editor in 5.75 ms, found 4 plugins.
Preloading 0 native plugins for Editor in 0.00 ms.
Unloading 4555 Unused Serialized files (Serialized files now loaded: 0)
Unloading 21 unused Assets / (1.1 MB). Loaded Objects now: 5152.
Memory consumption went from 157.9 MB to 156.8 MB.
Total: 3.296500 ms (FindLiveObjects: 0.255700 ms CreateObjectMapping: 0.130100 ms MarkObjects: 2.422300 ms  DeleteObjects: 0.487600 ms)

Prepare: number of updated asset objects reloaded= 0
AssetImportParameters requested are different than current active one (requested -> active):
  custom:container-demuxer-ogg: 62fdf1f143b41e24485cea50d1cbac27 -> 
  custom:video-codec-MediaFoundation-h265: 746d11721c4dcdbdad8f713fa42b33f4 -> 
  custom:video-decoder-ogg-theora: a1e56fd34408186e4bbccfd4996cb3dc -> 
  custom:framework-win-MediaFoundation: 216162199b28c13a410421893ffa2e32 -> 
  custom:CustomObjectIndexerAttribute: 9a22284fe3817be447336de3de66b15e -> 
  custom:container-demuxer-webm: 4f35f7cbe854078d1ac9338744f61a02 -> 
  custom:container-muxer-webm: aa71ff27fc2769a1b78a27578f13a17b -> 
  custom:video-decoder-webm-vp8: 9c59270c3fd7afecdb556c50c9e8de78 -> 
  custom:SearchIndexIgnoredProperties: e643bd26f0fe6173181afceb89e7c659 -> 
  custom:AudioImporter_EditorPlatform: d09bf68614088b80899f8185d706f6e7 -> 
  custom:scripting/monoscript/fileName/CorrectAns.cs: fdde4066277fc48c40275864fb35c645 -> 
  custom:video-encoder-webm-vp8: eb34c28f22e8b96e1ab97ce403110664 -> 
  custom:audio-decoder-ogg-vorbis: bf7c407c2cedff20999df2af8eb42d56 -> 
  custom:scripting/monoscript/fileName/SafeArea.cs: 5837f9ee308c1c81b303fe8b1b1a4dd3 -> 
  custom:audio-encoder-webm-vorbis: bf7c407c2cedff20999df2af8eb42d56 -> 
  custom:scripting/precompiled-assembly-types:Assembly-CSharp: 04058eb4e059ecaaffaf628fbb8cc8b6 -> 6248c70c833e08215915988a356c45e5
========================================================================
Received Import Request.
  Time since last request: 99.856916 seconds.
  path: Assets/Scenes/Vowels/Vowels.unity
  artifactKey: Guid(e33db7031bb22b141b34202b3ded51e1) Importer(815301076,1909f56bfc062723c751e8b465ee728b)
Start importing Assets/Scenes/Vowels/Vowels.unity using Guid(e33db7031bb22b141b34202b3ded51e1) Importer(815301076,1909f56bfc062723c751e8b465ee728b) [PhysX] Initialized MultithreadedTaskDispatcher with 20 workers.
 -> (artifact id: 'f822309fd4675cff623daf33af4ce990') in 0.003646 seconds
Number of updated asset objects reloaded before import = 0
Number of asset objects unloaded after import = 0
========================================================================
Received Prepare
Refreshing native plugins compatible for Editor in 5.98 ms, found 4 plugins.
Preloading 0 native plugins for Editor in 0.00 ms.
Unloading 6 Unused Serialized files (Serialized files now loaded: 0)
Unloading 7 unused Assets / (1.1 MB). Loaded Objects now: 5152.
Memory consumption went from 87.0 MB to 85.8 MB.
Total: 5.684500 ms (FindLiveObjects: 0.378700 ms CreateObjectMapping: 0.283100 ms MarkObjects: 4.172000 ms  DeleteObjects: 0.849200 ms)

Prepare: number of updated asset objects reloaded= 0
AssetImportParameters requested are different than current active one (requested -> active):
  custom:container-demuxer-ogg: 62fdf1f143b41e24485cea50d1cbac27 -> 
  custom:video-codec-MediaFoundation-h265: 746d11721c4dcdbdad8f713fa42b33f4 -> 
  custom:video-decoder-ogg-theora: a1e56fd34408186e4bbccfd4996cb3dc -> 
  custom:framework-win-MediaFoundation: 216162199b28c13a410421893ffa2e32 -> 
  custom:CustomObjectIndexerAttribute: 9a22284fe3817be447336de3de66b15e -> 
  custom:container-demuxer-webm: 4f35f7cbe854078d1ac9338744f61a02 -> 
  custom:container-muxer-webm: aa71ff27fc2769a1b78a27578f13a17b -> 
  custom:video-decoder-webm-vp8: 9c59270c3fd7afecdb556c50c9e8de78 -> 
  custom:SearchIndexIgnoredProperties: e643bd26f0fe6173181afceb89e7c659 -> 
  custom:AudioImporter_EditorPlatform: d09bf68614088b80899f8185d706f6e7 -> 
  custom:scripting/monoscript/fileName/CorrectAns.cs: fdde4066277fc48c40275864fb35c645 -> 
  custom:video-encoder-webm-vp8: eb34c28f22e8b96e1ab97ce403110664 -> 
  custom:audio-decoder-ogg-vorbis: bf7c407c2cedff20999df2af8eb42d56 -> 
  custom:scripting/monoscript/fileName/SafeArea.cs: 5837f9ee308c1c81b303fe8b1b1a4dd3 -> 
  custom:audio-encoder-webm-vorbis: bf7c407c2cedff20999df2af8eb42d56 -> 
  custom:scripting/precompiled-assembly-types:Assembly-CSharp: 04058eb4e059ecaaffaf628fbb8cc8b6 -> 6248c70c833e08215915988a356c45e5
========================================================================
Received Import Request.
  Time since last request: 159.670224 seconds.
  path: Assets/Scenes/HomeScreen.unity
  artifactKey: Guid(9fc0d4010bbf28b4594072e72b8655ab) Importer(815301076,1909f56bfc062723c751e8b465ee728b)
Start importing Assets/Scenes/HomeScreen.unity using Guid(9fc0d4010bbf28b4594072e72b8655ab) Importer(815301076,1909f56bfc062723c751e8b465ee728b) [PhysX] Initialized MultithreadedTaskDispatcher with 20 workers.
 -> (artifact id: 'd13260e71474da98339d0a8eb8f6cc8f') in 0.001949 seconds
Number of updated asset objects reloaded before import = 0
Number of asset objects unloaded after import = 0
========================================================================
Received Import Request.
  Time since last request: 201.116915 seconds.
  path: Assets/Scenes/MCQ/QnA.unity
  artifactKey: Guid(d56e7f4ad9af2284fb2276dbaf441ab5) Importer(815301076,1909f56bfc062723c751e8b465ee728b)
Start importing Assets/Scenes/MCQ/QnA.unity using Guid(d56e7f4ad9af2284fb2276dbaf441ab5) Importer(815301076,1909f56bfc062723c751e8b465ee728b) [PhysX] Initialized MultithreadedTaskDispatcher with 20 workers.
 -> (artifact id: '49fabdb48daf9d4000bca3584adab66e') in 0.000601 seconds
Number of updated asset objects reloaded before import = 0
Number of asset objects unloaded after import = 0
========================================================================
Received Import Request.
  Time since last request: 16.996107 seconds.
  path: Assets/Scenes/MCQ/file_2025-09-20_12.19.17.png
  artifactKey: Guid(7598273217965e34cb5dafeb1220cb4c) Importer(815301076,1909f56bfc062723c751e8b465ee728b)
Start importing Assets/Scenes/MCQ/file_2025-09-20_12.19.17.png using Guid(7598273217965e34cb5dafeb1220cb4c) Importer(815301076,1909f56bfc062723c751e8b465ee728b) [PhysX] Initialized MultithreadedTaskDispatcher with 20 workers.
[PhysX] Initialized MultithreadedTaskDispatcher with 20 workers.
 -> (artifact id: '2f80f7d0ab7da30f10b5e2e4ea1a7c9e') in 0.066450 seconds
Number of updated asset objects reloaded before import = 0
Number of asset objects unloaded after import = 2
========================================================================
Received Import Request.
  Time since last request: 6.059742 seconds.
  path: Assets/Scenes/MCQ/file_2025-09-20_12.19.17.png
  artifactKey: Guid(7598273217965e34cb5dafeb1220cb4c) Importer(815301076,1909f56bfc062723c751e8b465ee728b)
Start importing Assets/Scenes/MCQ/file_2025-09-20_12.19.17.png using Guid(7598273217965e34cb5dafeb1220cb4c) Importer(815301076,1909f56bfc062723c751e8b465ee728b) [PhysX] Initialized MultithreadedTaskDispatcher with 20 workers.
[PhysX] Initialized MultithreadedTaskDispatcher with 20 workers.
 -> (artifact id: '5dd4aa3d7d8bbe6f7e6532c4ac33faf3') in 0.030208 seconds
Number of updated asset objects reloaded before import = 0
Number of asset objects unloaded after import = 3
========================================================================
Received Import Request.
  Time since last request: 24.029329 seconds.
  path: Assets/Scenes/HomeScreen.unity
  artifactKey: Guid(9fc0d4010bbf28b4594072e72b8655ab) Importer(815301076,1909f56bfc062723c751e8b465ee728b)
Start importing Assets/Scenes/HomeScreen.unity using Guid(9fc0d4010bbf28b4594072e72b8655ab) Importer(815301076,1909f56bfc062723c751e8b465ee728b) [PhysX] Initialized MultithreadedTaskDispatcher with 20 workers.
 -> (artifact id: 'd911f0127fccf94c684e1dfeaf42712a') in 0.000463 seconds
Number of updated asset objects reloaded before import = 0
Number of asset objects unloaded after import = 0
========================================================================
Received Import Request.
  Time since last request: 8.852612 seconds.
  path: Assets/Scenes/Content.unity
  artifactKey: Guid(637e14e0267948345af0c78c1a57dd7e) Importer(815301076,1909f56bfc062723c751e8b465ee728b)
Start importing Assets/Scenes/Content.unity using Guid(637e14e0267948345af0c78c1a57dd7e) Importer(815301076,1909f56bfc062723c751e8b465ee728b) [PhysX] Initialized MultithreadedTaskDispatcher with 20 workers.
 -> (artifact id: '4959be1ad33774f1c69729e5b60dfe49') in 0.000680 seconds
Number of updated asset objects reloaded before import = 0
Number of asset objects unloaded after import = 0
========================================================================
Received Import Request.
  Time since last request: 8.369378 seconds.
  path: Assets/Scenes/Character.unity
  artifactKey: Guid(3254d9404b159f24c9b90864e2c205eb) Importer(815301076,1909f56bfc062723c751e8b465ee728b)
Start importing Assets/Scenes/Character.unity using Guid(3254d9404b159f24c9b90864e2c205eb) Importer(815301076,1909f56bfc062723c751e8b465ee728b) [PhysX] Initialized MultithreadedTaskDispatcher with 20 workers.
 -> (artifact id: 'b2ecd8007b840eb5ac5c520424242be6') in 0.000394 seconds
Number of updated asset objects reloaded before import = 0
Number of asset objects unloaded after import = 0
========================================================================
Received Import Request.
  Time since last request: 29.681687 seconds.
  path: Assets/Scenes/MCQ/QnA.unity
  artifactKey: Guid(d56e7f4ad9af2284fb2276dbaf441ab5) Importer(815301076,1909f56bfc062723c751e8b465ee728b)
Start importing Assets/Scenes/MCQ/QnA.unity using Guid(d56e7f4ad9af2284fb2276dbaf441ab5) Importer(815301076,1909f56bfc062723c751e8b465ee728b) [PhysX] Initialized MultithreadedTaskDispatcher with 20 workers.
 -> (artifact id: 'ef0c5b71398233ff5e0809228063451c') in 0.000455 seconds
Number of updated asset objects reloaded before import = 0
Number of asset objects unloaded after import = 0
========================================================================
Received Import Request.
  Time since last request: 48.504691 seconds.
  path: Assets/Scenes/MCQ/TextToVoice.unity
  artifactKey: Guid(b925737ac63c9084e9fe9df2e79284fc) Importer(815301076,1909f56bfc062723c751e8b465ee728b)
Start importing Assets/Scenes/MCQ/TextToVoice.unity using Guid(b925737ac63c9084e9fe9df2e79284fc) Importer(815301076,1909f56bfc062723c751e8b465ee728b) [PhysX] Initialized MultithreadedTaskDispatcher with 20 workers.
 -> (artifact id: 'bb3f07f93d93533769e991c632f43c54') in 0.000635 seconds
Number of updated asset objects reloaded before import = 0
Number of asset objects unloaded after import = 0
========================================================================
Received Prepare
Caller must complete domain reload
Begin MonoManager ReloadAssembly
- Loaded All Assemblies, in  0.451 seconds
Native extension for WindowsStandalone target not found
Native extension for Android target not found
[Package Manager] Server::EnsureServerProcessIsRunning -- launch failed, reason: Unity was launched with the -noUpm command-line argument
[Package Manager] UpmClient::Send -- Unable to send message (not connected to UPM process).
[Package Manager] Cannot connect to Unity Package Manager local server
Mono: successfully reloaded assembly
[Package Manager] Server::EnsureServerProcessIsRunning -- launch failed, reason: Unity was launched with the -noUpm command-line argument
[Package Manager] UpmClient::Send -- Unable to send message (not connected to UPM process).
[Package Manager] Cannot connect to Unity Package Manager local server
- Finished resetting the current domain, in  1.545 seconds
Domain Reload Profiling: 1995ms
	BeginReloadAssembly (144ms)
		ExecutionOrderSort (0ms)
		DisableScriptedObjects (3ms)
		BackupInstance (0ms)
		ReleaseScriptingObjects (0ms)
		CreateAndSetChildDomain (29ms)
	RebuildCommonClasses (31ms)
	RebuildNativeTypeToScriptingClass (9ms)
	initialDomainReloadingComplete (20ms)
	LoadAllAssembliesAndSetupDomain (246ms)
		LoadAssemblies (317ms)
		RebuildTransferFunctionScriptingTraits (0ms)
		AnalyzeDomain (14ms)
			TypeCache.Refresh (6ms)
				TypeCache.ScanAssembly (0ms)
			ScanForSourceGeneratedMonoScriptInfo (0ms)
			ResolveRequiredComponents (7ms)
	FinalizeReload (1545ms)
		ReleaseScriptCaches (0ms)
		RebuildScriptCaches (0ms)
		SetupLoadedEditorAssemblies (406ms)
			LogAssemblyErrors (0ms)
			InitializePlatformSupportModulesInManaged (15ms)
			SetLoadedEditorAssemblies (3ms)
			RefreshPlugins (0ms)
			BeforeProcessingInitializeOnLoad (58ms)
			ProcessInitializeOnLoadAttributes (294ms)
			ProcessInitializeOnLoadMethodAttributes (35ms)
			AfterProcessingInitializeOnLoad (1ms)
			EditorAssembliesLoaded (0ms)
		ExecutionOrderSort2 (0ms)
		AwakeInstancesAfterBackupRestoration (9ms)
Refreshing native plugins compatible for Editor in 4.10 ms, found 4 plugins.
Preloading 0 native plugins for Editor in 0.00 ms.
Unloading 4555 Unused Serialized files (Serialized files now loaded: 0)
Unloading 21 unused Assets / (1.1 MB). Loaded Objects now: 5158.
Memory consumption went from 157.9 MB to 156.8 MB.
Total: 3.942000 ms (FindLiveObjects: 0.371400 ms CreateObjectMapping: 0.197800 ms MarkObjects: 2.778200 ms  DeleteObjects: 0.592900 ms)

Prepare: number of updated asset objects reloaded= 0
AssetImportParameters requested are different than current active one (requested -> active):
  custom:container-demuxer-ogg: 62fdf1f143b41e24485cea50d1cbac27 -> 
  custom:video-codec-MediaFoundation-h265: 746d11721c4dcdbdad8f713fa42b33f4 -> 
  custom:video-decoder-ogg-theora: a1e56fd34408186e4bbccfd4996cb3dc -> 
  custom:framework-win-MediaFoundation: 216162199b28c13a410421893ffa2e32 -> 
  custom:CustomObjectIndexerAttribute: 9a22284fe3817be447336de3de66b15e -> 
  custom:container-demuxer-webm: 4f35f7cbe854078d1ac9338744f61a02 -> 
  custom:container-muxer-webm: aa71ff27fc2769a1b78a27578f13a17b -> 
  custom:video-decoder-webm-vp8: 9c59270c3fd7afecdb556c50c9e8de78 -> 
  custom:SearchIndexIgnoredProperties: e643bd26f0fe6173181afceb89e7c659 -> 
  custom:AudioImporter_EditorPlatform: d09bf68614088b80899f8185d706f6e7 -> 
  custom:scripting/monoscript/fileName/CorrectAns.cs: fdde4066277fc48c40275864fb35c645 -> 
  custom:video-encoder-webm-vp8: eb34c28f22e8b96e1ab97ce403110664 -> 
  custom:audio-decoder-ogg-vorbis: bf7c407c2cedff20999df2af8eb42d56 -> 
  custom:scripting/monoscript/fileName/SafeArea.cs: 5837f9ee308c1c81b303fe8b1b1a4dd3 -> 
  custom:audio-encoder-webm-vorbis: bf7c407c2cedff20999df2af8eb42d56 -> 
  custom:scripting/precompiled-assembly-types:Assembly-CSharp: 04058eb4e059ecaaffaf628fbb8cc8b6 -> 6248c70c833e08215915988a356c45e5
========================================================================
Received Import Request.
  Time since last request: 52.008387 seconds.
  path: Assets/Scenes/MCQ/TextToVoice.unity
  artifactKey: Guid(b925737ac63c9084e9fe9df2e79284fc) Importer(815301076,1909f56bfc062723c751e8b465ee728b)
Start importing Assets/Scenes/MCQ/TextToVoice.unity using Guid(b925737ac63c9084e9fe9df2e79284fc) Importer(815301076,1909f56bfc062723c751e8b465ee728b) [PhysX] Initialized MultithreadedTaskDispatcher with 20 workers.
 -> (artifact id: '2a3d7b2c52d75465019aefbeb61c40f8') in 0.003489 seconds
Number of updated asset objects reloaded before import = 0
Number of asset objects unloaded after import = 0
========================================================================
Received Import Request.
  Time since last request: 152.638658 seconds.
  path: Assets/Qna/Sound
  artifactKey: Guid(5524bd01a67b89e489baf7d09c700c5d) Importer(815301076,1909f56bfc062723c751e8b465ee728b)
Start importing Assets/Qna/Sound using Guid(5524bd01a67b89e489baf7d09c700c5d) Importer(815301076,1909f56bfc062723c751e8b465ee728b) [PhysX] Initialized MultithreadedTaskDispatcher with 20 workers.
 -> (artifact id: '946a69f74ad8ed52e9d46237f0300d8a') in 0.000530 seconds
Number of updated asset objects reloaded before import = 0
Number of asset objects unloaded after import = 0
========================================================================
Received Import Request.
  Time since last request: 5.994617 seconds.
  path: Assets/Qna/Sound/Planet
  artifactKey: Guid(c5daa1ed71950cd488fea8cfcf305447) Importer(815301076,1909f56bfc062723c751e8b465ee728b)
Start importing Assets/Qna/Sound/Planet using Guid(c5daa1ed71950cd488fea8cfcf305447) Importer(815301076,1909f56bfc062723c751e8b465ee728b) [PhysX] Initialized MultithreadedTaskDispatcher with 20 workers.
 -> (artifact id: '3c91e065ef0960a9b35bec7a69751b29') in 0.000455 seconds
Number of updated asset objects reloaded before import = 0
Number of asset objects unloaded after import = 0
========================================================================
Received Import Request.
  Time since last request: 33.926904 seconds.
  path: Assets/Qna/Sound/Planet/earth.mp3
  artifactKey: Guid(df07359f3fb750446b9560ecfac0b179) Importer(815301076,1909f56bfc062723c751e8b465ee728b)
Start importing Assets/Qna/Sound/Planet/earth.mp3 using Guid(df07359f3fb750446b9560ecfac0b179) Importer(815301076,1909f56bfc062723c751e8b465ee728b) [PhysX] Initialized MultithreadedTaskDispatcher with 20 workers.
[PhysX] Initialized MultithreadedTaskDispatcher with 20 workers.
 -> (artifact id: 'b2e22c6a7475b662f6e7ce9dd1a8b1b4') in 0.085971 seconds
Number of updated asset objects reloaded before import = 0
Number of asset objects unloaded after import = 2
========================================================================
Received Import Request.
  Time since last request: 0.201864 seconds.
  path: Assets/Qna/Sound/Planet/mars.mp3
  artifactKey: Guid(d7edcb2b1b3857b4fbeba0bef391c968) Importer(815301076,1909f56bfc062723c751e8b465ee728b)
Start importing Assets/Qna/Sound/Planet/mars.mp3 using Guid(d7edcb2b1b3857b4fbeba0bef391c968) Importer(815301076,1909f56bfc062723c751e8b465ee728b) [PhysX] Initialized MultithreadedTaskDispatcher with 20 workers.
[PhysX] Initialized MultithreadedTaskDispatcher with 20 workers.
 -> (artifact id: '75e40b943303417750dca23d6ce757a2') in 0.022642 seconds
Number of updated asset objects reloaded before import = 0
Number of asset objects unloaded after import = 2
========================================================================
Received Import Request.
  Time since last request: 0.000021 seconds.
  path: Assets/Qna/Sound/Planet/venus.mp3
  artifactKey: Guid(37f8f59a839354c458cdb1469bc9c1f3) Importer(815301076,1909f56bfc062723c751e8b465ee728b)
Start importing Assets/Qna/Sound/Planet/venus.mp3 using Guid(37f8f59a839354c458cdb1469bc9c1f3) Importer(815301076,1909f56bfc062723c751e8b465ee728b) [PhysX] Initialized MultithreadedTaskDispatcher with 20 workers.
[PhysX] Initialized MultithreadedTaskDispatcher with 20 workers.
 -> (artifact id: '40ce2ab683bbefa7c8fdb320f65dccbc') in 0.021145 seconds
Number of updated asset objects reloaded before import = 0
Number of asset objects unloaded after import = 2
========================================================================
Received Import Request.
  Time since last request: 0.000051 seconds.
  path: Assets/Qna/Sound/Planet/uranus.mp3
  artifactKey: Guid(5123e20df2188a24a84057a9ad9a09ac) Importer(815301076,1909f56bfc062723c751e8b465ee728b)
Start importing Assets/Qna/Sound/Planet/uranus.mp3 using Guid(5123e20df2188a24a84057a9ad9a09ac) Importer(815301076,1909f56bfc062723c751e8b465ee728b) [PhysX] Initialized MultithreadedTaskDispatcher with 20 workers.
[PhysX] Initialized MultithreadedTaskDispatcher with 20 workers.
 -> (artifact id: 'b80531dc9477e1065d190e979c7d0f8a') in 0.017989 seconds
Number of updated asset objects reloaded before import = 0
Number of asset objects unloaded after import = 2
========================================================================
Received Prepare
Caller must complete domain reload
Begin MonoManager ReloadAssembly
- Loaded All Assemblies, in  0.349 seconds
Native extension for WindowsStandalone target not found
Native extension for Android target not found
[Package Manager] Server::EnsureServerProcessIsRunning -- launch failed, reason: Unity was launched with the -noUpm command-line argument
[Package Manager] UpmClient::Send -- Unable to send message (not connected to UPM process).
[Package Manager] Cannot connect to Unity Package Manager local server
Mono: successfully reloaded assembly
[Package Manager] Server::EnsureServerProcessIsRunning -- launch failed, reason: Unity was launched with the -noUpm command-line argument
[Package Manager] UpmClient::Send -- Unable to send message (not connected to UPM process).
[Package Manager] Cannot connect to Unity Package Manager local server
- Finished resetting the current domain, in  0.752 seconds
Domain Reload Profiling: 1101ms
	BeginReloadAssembly (126ms)
		ExecutionOrderSort (0ms)
		DisableScriptedObjects (3ms)
		BackupInstance (0ms)
		ReleaseScriptingObjects (0ms)
		CreateAndSetChildDomain (27ms)
	RebuildCommonClasses (29ms)
	RebuildNativeTypeToScriptingClass (10ms)
	initialDomainReloadingComplete (18ms)
	LoadAllAssembliesAndSetupDomain (165ms)
		LoadAssemblies (223ms)
		RebuildTransferFunctionScriptingTraits (0ms)
		AnalyzeDomain (13ms)
			TypeCache.Refresh (5ms)
				TypeCache.ScanAssembly (0ms)
			ScanForSourceGeneratedMonoScriptInfo (0ms)
			ResolveRequiredComponents (6ms)
	FinalizeReload (752ms)
		ReleaseScriptCaches (0ms)
		RebuildScriptCaches (0ms)
		SetupLoadedEditorAssemblies (363ms)
			LogAssemblyErrors (0ms)
			InitializePlatformSupportModulesInManaged (11ms)
			SetLoadedEditorAssemblies (3ms)
			RefreshPlugins (0ms)
			BeforeProcessingInitializeOnLoad (47ms)
			ProcessInitializeOnLoadAttributes (266ms)
			ProcessInitializeOnLoadMethodAttributes (36ms)
			AfterProcessingInitializeOnLoad (1ms)
			EditorAssembliesLoaded (0ms)
		ExecutionOrderSort2 (0ms)
		AwakeInstancesAfterBackupRestoration (8ms)
Refreshing native plugins compatible for Editor in 5.62 ms, found 4 plugins.
Preloading 0 native plugins for Editor in 0.00 ms.
Unloading 4555 Unused Serialized files (Serialized files now loaded: 0)
Unloading 21 unused Assets / (1.1 MB). Loaded Objects now: 5168.
Memory consumption went from 158.0 MB to 156.9 MB.
Total: 5.166200 ms (FindLiveObjects: 0.386600 ms CreateObjectMapping: 0.298000 ms MarkObjects: 3.760600 ms  DeleteObjects: 0.719200 ms)

Prepare: number of updated asset objects reloaded= 0
AssetImportParameters requested are different than current active one (requested -> active):
  custom:container-demuxer-ogg: 62fdf1f143b41e24485cea50d1cbac27 -> 
  custom:video-codec-MediaFoundation-h265: 746d11721c4dcdbdad8f713fa42b33f4 -> 
  custom:video-decoder-ogg-theora: a1e56fd34408186e4bbccfd4996cb3dc -> 
  custom:framework-win-MediaFoundation: 216162199b28c13a410421893ffa2e32 -> 
  custom:CustomObjectIndexerAttribute: 9a22284fe3817be447336de3de66b15e -> 
  custom:container-demuxer-webm: 4f35f7cbe854078d1ac9338744f61a02 -> 
  custom:container-muxer-webm: aa71ff27fc2769a1b78a27578f13a17b -> 
  custom:video-decoder-webm-vp8: 9c59270c3fd7afecdb556c50c9e8de78 -> 
  custom:SearchIndexIgnoredProperties: e643bd26f0fe6173181afceb89e7c659 -> 
  custom:AudioImporter_EditorPlatform: d09bf68614088b80899f8185d706f6e7 -> 
  custom:scripting/monoscript/fileName/CorrectAns.cs: fdde4066277fc48c40275864fb35c645 -> 
  custom:video-encoder-webm-vp8: eb34c28f22e8b96e1ab97ce403110664 -> 
  custom:audio-decoder-ogg-vorbis: bf7c407c2cedff20999df2af8eb42d56 -> 
  custom:scripting/monoscript/fileName/SafeArea.cs: 5837f9ee308c1c81b303fe8b1b1a4dd3 -> 
  custom:audio-encoder-webm-vorbis: bf7c407c2cedff20999df2af8eb42d56 -> 
  custom:scripting/precompiled-assembly-types:Assembly-CSharp: 04058eb4e059ecaaffaf628fbb8cc8b6 -> 6248c70c833e08215915988a356c45e5
========================================================================
Received Prepare
Caller must complete domain reload
Begin MonoManager ReloadAssembly
- Loaded All Assemblies, in  0.352 seconds
Native extension for WindowsStandalone target not found
Native extension for Android target not found
[Package Manager] Server::EnsureServerProcessIsRunning -- launch failed, reason: Unity was launched with the -noUpm command-line argument
[Package Manager] UpmClient::Send -- Unable to send message (not connected to UPM process).
[Package Manager] Cannot connect to Unity Package Manager local server
Mono: successfully reloaded assembly
[Package Manager] Server::EnsureServerProcessIsRunning -- launch failed, reason: Unity was launched with the -noUpm command-line argument
[Package Manager] UpmClient::Send -- Unable to send message (not connected to UPM process).
[Package Manager] Cannot connect to Unity Package Manager local server
- Finished resetting the current domain, in  0.788 seconds
Domain Reload Profiling: 1140ms
	BeginReloadAssembly (133ms)
		ExecutionOrderSort (0ms)
		DisableScriptedObjects (3ms)
		BackupInstance (0ms)
		ReleaseScriptingObjects (0ms)
		CreateAndSetChildDomain (27ms)
	RebuildCommonClasses (24ms)
	RebuildNativeTypeToScriptingClass (8ms)
	initialDomainReloadingComplete (20ms)
	LoadAllAssembliesAndSetupDomain (167ms)
		LoadAssemblies (227ms)
		RebuildTransferFunctionScriptingTraits (0ms)
		AnalyzeDomain (13ms)
			TypeCache.Refresh (5ms)
				TypeCache.ScanAssembly (0ms)
			ScanForSourceGeneratedMonoScriptInfo (0ms)
			ResolveRequiredComponents (7ms)
	FinalizeReload (788ms)
		ReleaseScriptCaches (0ms)
		RebuildScriptCaches (0ms)
		SetupLoadedEditorAssemblies (386ms)
			LogAssemblyErrors (0ms)
			InitializePlatformSupportModulesInManaged (15ms)
			SetLoadedEditorAssemblies (3ms)
			RefreshPlugins (0ms)
			BeforeProcessingInitializeOnLoad (44ms)
			ProcessInitializeOnLoadAttributes (279ms)
			ProcessInitializeOnLoadMethodAttributes (43ms)
			AfterProcessingInitializeOnLoad (2ms)
			EditorAssembliesLoaded (0ms)
		ExecutionOrderSort2 (0ms)
		AwakeInstancesAfterBackupRestoration (9ms)
Refreshing native plugins compatible for Editor in 6.63 ms, found 4 plugins.
Preloading 0 native plugins for Editor in 0.00 ms.
Unloading 4556 Unused Serialized files (Serialized files now loaded: 0)
Unloading 21 unused Assets / (1.2 MB). Loaded Objects now: 5172.
Memory consumption went from 158.3 MB to 157.2 MB.
Total: 3.770400 ms (FindLiveObjects: 0.248400 ms CreateObjectMapping: 0.125600 ms MarkObjects: 2.868300 ms  DeleteObjects: 0.527200 ms)

Prepare: number of updated asset objects reloaded= 0
AssetImportParameters requested are different than current active one (requested -> active):
  custom:container-demuxer-ogg: 62fdf1f143b41e24485cea50d1cbac27 -> 
  custom:video-codec-MediaFoundation-h265: 746d11721c4dcdbdad8f713fa42b33f4 -> 
  custom:video-decoder-ogg-theora: a1e56fd34408186e4bbccfd4996cb3dc -> 
  custom:framework-win-MediaFoundation: 216162199b28c13a410421893ffa2e32 -> 
  custom:CustomObjectIndexerAttribute: 9a22284fe3817be447336de3de66b15e -> 
  custom:container-demuxer-webm: 4f35f7cbe854078d1ac9338744f61a02 -> 
  custom:container-muxer-webm: aa71ff27fc2769a1b78a27578f13a17b -> 
  custom:video-decoder-webm-vp8: 9c59270c3fd7afecdb556c50c9e8de78 -> 
  custom:SearchIndexIgnoredProperties: e643bd26f0fe6173181afceb89e7c659 -> 
  custom:AudioImporter_EditorPlatform: d09bf68614088b80899f8185d706f6e7 -> 
  custom:scripting/monoscript/fileName/CorrectAns.cs: fdde4066277fc48c40275864fb35c645 -> 
  custom:video-encoder-webm-vp8: eb34c28f22e8b96e1ab97ce403110664 -> 
  custom:audio-decoder-ogg-vorbis: bf7c407c2cedff20999df2af8eb42d56 -> 
  custom:scripting/monoscript/fileName/SafeArea.cs: 5837f9ee308c1c81b303fe8b1b1a4dd3 -> 
  custom:audio-encoder-webm-vorbis: bf7c407c2cedff20999df2af8eb42d56 -> 
  custom:scripting/precompiled-assembly-types:Assembly-CSharp: 04058eb4e059ecaaffaf628fbb8cc8b6 -> 6248c70c833e08215915988a356c45e5
========================================================================
Received Prepare
Refreshing native plugins compatible for Editor in 6.69 ms, found 4 plugins.
Preloading 0 native plugins for Editor in 0.00 ms.
Unloading 7 Unused Serialized files (Serialized files now loaded: 0)
Unloading 7 unused Assets / (1.1 MB). Loaded Objects now: 5172.
Memory consumption went from 87.7 MB to 86.6 MB.
Total: 5.180800 ms (FindLiveObjects: 0.458700 ms CreateObjectMapping: 0.253800 ms MarkObjects: 3.602900 ms  DeleteObjects: 0.862900 ms)

Prepare: number of updated asset objects reloaded= 0
AssetImportParameters requested are different than current active one (requested -> active):
  custom:container-demuxer-ogg: 62fdf1f143b41e24485cea50d1cbac27 -> 
  custom:video-codec-MediaFoundation-h265: 746d11721c4dcdbdad8f713fa42b33f4 -> 
  custom:video-decoder-ogg-theora: a1e56fd34408186e4bbccfd4996cb3dc -> 
  custom:framework-win-MediaFoundation: 216162199b28c13a410421893ffa2e32 -> 
  custom:CustomObjectIndexerAttribute: 9a22284fe3817be447336de3de66b15e -> 
  custom:container-demuxer-webm: 4f35f7cbe854078d1ac9338744f61a02 -> 
  custom:container-muxer-webm: aa71ff27fc2769a1b78a27578f13a17b -> 
  custom:video-decoder-webm-vp8: 9c59270c3fd7afecdb556c50c9e8de78 -> 
  custom:SearchIndexIgnoredProperties: e643bd26f0fe6173181afceb89e7c659 -> 
  custom:AudioImporter_EditorPlatform: d09bf68614088b80899f8185d706f6e7 -> 
  custom:scripting/monoscript/fileName/CorrectAns.cs: fdde4066277fc48c40275864fb35c645 -> 
  custom:video-encoder-webm-vp8: eb34c28f22e8b96e1ab97ce403110664 -> 
  custom:audio-decoder-ogg-vorbis: bf7c407c2cedff20999df2af8eb42d56 -> 
  custom:scripting/monoscript/fileName/SafeArea.cs: 5837f9ee308c1c81b303fe8b1b1a4dd3 -> 
  custom:audio-encoder-webm-vorbis: bf7c407c2cedff20999df2af8eb42d56 -> 
  custom:scripting/precompiled-assembly-types:Assembly-CSharp: 04058eb4e059ecaaffaf628fbb8cc8b6 -> 6248c70c833e08215915988a356c45e5
========================================================================
Received Prepare
Refreshing native plugins compatible for Editor in 7.67 ms, found 4 plugins.
Preloading 0 native plugins for Editor in 0.00 ms.
Unloading 7 Unused Serialized files (Serialized files now loaded: 0)
Unloading 7 unused Assets / (1.1 MB). Loaded Objects now: 5172.
Memory consumption went from 87.2 MB to 86.2 MB.
Total: 6.352400 ms (FindLiveObjects: 0.341800 ms CreateObjectMapping: 0.216200 ms MarkObjects: 4.755300 ms  DeleteObjects: 1.036900 ms)

Prepare: number of updated asset objects reloaded= 0
AssetImportParameters requested are different than current active one (requested -> active):
  custom:container-demuxer-ogg: 62fdf1f143b41e24485cea50d1cbac27 -> 
  custom:video-codec-MediaFoundation-h265: 746d11721c4dcdbdad8f713fa42b33f4 -> 
  custom:video-decoder-ogg-theora: a1e56fd34408186e4bbccfd4996cb3dc -> 
  custom:framework-win-MediaFoundation: 216162199b28c13a410421893ffa2e32 -> 
  custom:CustomObjectIndexerAttribute: 9a22284fe3817be447336de3de66b15e -> 
  custom:container-demuxer-webm: 4f35f7cbe854078d1ac9338744f61a02 -> 
  custom:container-muxer-webm: aa71ff27fc2769a1b78a27578f13a17b -> 
  custom:video-decoder-webm-vp8: 9c59270c3fd7afecdb556c50c9e8de78 -> 
  custom:SearchIndexIgnoredProperties: e643bd26f0fe6173181afceb89e7c659 -> 
  custom:AudioImporter_EditorPlatform: d09bf68614088b80899f8185d706f6e7 -> 
  custom:scripting/monoscript/fileName/CorrectAns.cs: fdde4066277fc48c40275864fb35c645 -> 
  custom:video-encoder-webm-vp8: eb34c28f22e8b96e1ab97ce403110664 -> 
  custom:audio-decoder-ogg-vorbis: bf7c407c2cedff20999df2af8eb42d56 -> 
  custom:scripting/monoscript/fileName/SafeArea.cs: 5837f9ee308c1c81b303fe8b1b1a4dd3 -> 
  custom:audio-encoder-webm-vorbis: bf7c407c2cedff20999df2af8eb42d56 -> 
  custom:scripting/precompiled-assembly-types:Assembly-CSharp: 04058eb4e059ecaaffaf628fbb8cc8b6 -> 6248c70c833e08215915988a356c45e5
========================================================================
Received Prepare
Caller must complete domain reload
Begin MonoManager ReloadAssembly
- Loaded All Assemblies, in  0.440 seconds
Native extension for WindowsStandalone target not found
Native extension for Android target not found
[Package Manager] Server::EnsureServerProcessIsRunning -- launch failed, reason: Unity was launched with the -noUpm command-line argument
[Package Manager] UpmClient::Send -- Unable to send message (not connected to UPM process).
[Package Manager] Cannot connect to Unity Package Manager local server
Mono: successfully reloaded assembly
[Package Manager] Server::EnsureServerProcessIsRunning -- launch failed, reason: Unity was launched with the -noUpm command-line argument
[Package Manager] UpmClient::Send -- Unable to send message (not connected to UPM process).
[Package Manager] Cannot connect to Unity Package Manager local server
- Finished resetting the current domain, in  1.487 seconds
Domain Reload Profiling: 1928ms
	BeginReloadAssembly (130ms)
		ExecutionOrderSort (0ms)
		DisableScriptedObjects (3ms)
		BackupInstance (0ms)
		ReleaseScriptingObjects (0ms)
		CreateAndSetChildDomain (24ms)
	RebuildCommonClasses (24ms)
	RebuildNativeTypeToScriptingClass (8ms)
	initialDomainReloadingComplete (21ms)
	LoadAllAssembliesAndSetupDomain (257ms)
		LoadAssemblies (319ms)
		RebuildTransferFunctionScriptingTraits (0ms)
		AnalyzeDomain (14ms)
			TypeCache.Refresh (5ms)
				TypeCache.ScanAssembly (0ms)
			ScanForSourceGeneratedMonoScriptInfo (0ms)
			ResolveRequiredComponents (7ms)
	FinalizeReload (1488ms)
		ReleaseScriptCaches (0ms)
		RebuildScriptCaches (0ms)
		SetupLoadedEditorAssemblies (439ms)
			LogAssemblyErrors (0ms)
			InitializePlatformSupportModulesInManaged (15ms)
			SetLoadedEditorAssemblies (4ms)
			RefreshPlugins (0ms)
			BeforeProcessingInitializeOnLoad (58ms)
			ProcessInitializeOnLoadAttributes (323ms)
			ProcessInitializeOnLoadMethodAttributes (38ms)
			AfterProcessingInitializeOnLoad (2ms)
			EditorAssembliesLoaded (0ms)
		ExecutionOrderSort2 (0ms)
		AwakeInstancesAfterBackupRestoration (9ms)
Refreshing native plugins compatible for Editor in 5.97 ms, found 4 plugins.
Preloading 0 native plugins for Editor in 0.00 ms.
Unloading 4556 Unused Serialized files (Serialized files now loaded: 0)
Unloading 21 unused Assets / (1.1 MB). Loaded Objects now: 5176.
Memory consumption went from 158.3 MB to 157.2 MB.
Total: 4.121100 ms (FindLiveObjects: 0.256000 ms CreateObjectMapping: 0.116400 ms MarkObjects: 3.181100 ms  DeleteObjects: 0.566400 ms)

Prepare: number of updated asset objects reloaded= 0
AssetImportParameters requested are different than current active one (requested -> active):
  custom:container-demuxer-ogg: 62fdf1f143b41e24485cea50d1cbac27 -> 
  custom:video-codec-MediaFoundation-h265: 746d11721c4dcdbdad8f713fa42b33f4 -> 
  custom:video-decoder-ogg-theora: a1e56fd34408186e4bbccfd4996cb3dc -> 
  custom:framework-win-MediaFoundation: 216162199b28c13a410421893ffa2e32 -> 
  custom:CustomObjectIndexerAttribute: 9a22284fe3817be447336de3de66b15e -> 
  custom:container-demuxer-webm: 4f35f7cbe854078d1ac9338744f61a02 -> 
  custom:container-muxer-webm: aa71ff27fc2769a1b78a27578f13a17b -> 
  custom:video-decoder-webm-vp8: 9c59270c3fd7afecdb556c50c9e8de78 -> 
  custom:SearchIndexIgnoredProperties: e643bd26f0fe6173181afceb89e7c659 -> 
  custom:AudioImporter_EditorPlatform: d09bf68614088b80899f8185d706f6e7 -> 
  custom:scripting/monoscript/fileName/CorrectAns.cs: fdde4066277fc48c40275864fb35c645 -> 
  custom:video-encoder-webm-vp8: eb34c28f22e8b96e1ab97ce403110664 -> 
  custom:audio-decoder-ogg-vorbis: bf7c407c2cedff20999df2af8eb42d56 -> 
  custom:scripting/monoscript/fileName/SafeArea.cs: 5837f9ee308c1c81b303fe8b1b1a4dd3 -> 
  custom:audio-encoder-webm-vorbis: bf7c407c2cedff20999df2af8eb42d56 -> 
  custom:scripting/precompiled-assembly-types:Assembly-CSharp: 04058eb4e059ecaaffaf628fbb8cc8b6 -> 6248c70c833e08215915988a356c45e5
========================================================================
Received Prepare
Caller must complete domain reload
Begin MonoManager ReloadAssembly
- Loaded All Assemblies, in  0.393 seconds
Native extension for WindowsStandalone target not found
Native extension for Android target not found
[Package Manager] Server::EnsureServerProcessIsRunning -- launch failed, reason: Unity was launched with the -noUpm command-line argument
[Package Manager] UpmClient::Send -- Unable to send message (not connected to UPM process).
[Package Manager] Cannot connect to Unity Package Manager local server
Mono: successfully reloaded assembly
[Package Manager] Server::EnsureServerProcessIsRunning -- launch failed, reason: Unity was launched with the -noUpm command-line argument
[Package Manager] UpmClient::Send -- Unable to send message (not connected to UPM process).
[Package Manager] Cannot connect to Unity Package Manager local server
- Finished resetting the current domain, in  0.873 seconds
Domain Reload Profiling: 1266ms
	BeginReloadAssembly (151ms)
		ExecutionOrderSort (0ms)
		DisableScriptedObjects (4ms)
		BackupInstance (0ms)
		ReleaseScriptingObjects (0ms)
		CreateAndSetChildDomain (29ms)
	RebuildCommonClasses (26ms)
	RebuildNativeTypeToScriptingClass (8ms)
	initialDomainReloadingComplete (26ms)
	LoadAllAssembliesAndSetupDomain (182ms)
		LoadAssemblies (255ms)
		RebuildTransferFunctionScriptingTraits (0ms)
		AnalyzeDomain (13ms)
			TypeCache.Refresh (5ms)
				TypeCache.ScanAssembly (0ms)
			ScanForSourceGeneratedMonoScriptInfo (0ms)
			ResolveRequiredComponents (6ms)
	FinalizeReload (873ms)
		ReleaseScriptCaches (0ms)
		RebuildScriptCaches (0ms)
		SetupLoadedEditorAssemblies (437ms)
			LogAssemblyErrors (0ms)
			InitializePlatformSupportModulesInManaged (14ms)
			SetLoadedEditorAssemblies (3ms)
			RefreshPlugins (0ms)
			BeforeProcessingInitializeOnLoad (58ms)
			ProcessInitializeOnLoadAttributes (318ms)
			ProcessInitializeOnLoadMethodAttributes (42ms)
			AfterProcessingInitializeOnLoad (2ms)
			EditorAssembliesLoaded (0ms)
		ExecutionOrderSort2 (0ms)
		AwakeInstancesAfterBackupRestoration (10ms)
Refreshing native plugins compatible for Editor in 7.18 ms, found 4 plugins.
Preloading 0 native plugins for Editor in 0.00 ms.
Unloading 4556 Unused Serialized files (Serialized files now loaded: 0)
Unloading 21 unused Assets / (1.1 MB). Loaded Objects now: 5180.
Memory consumption went from 158.3 MB to 157.2 MB.
Total: 4.199300 ms (FindLiveObjects: 0.460200 ms CreateObjectMapping: 0.205500 ms MarkObjects: 2.807800 ms  DeleteObjects: 0.723900 ms)

Prepare: number of updated asset objects reloaded= 0
AssetImportParameters requested are different than current active one (requested -> active):
  custom:container-demuxer-ogg: 62fdf1f143b41e24485cea50d1cbac27 -> 
  custom:video-codec-MediaFoundation-h265: 746d11721c4dcdbdad8f713fa42b33f4 -> 
  custom:video-decoder-ogg-theora: a1e56fd34408186e4bbccfd4996cb3dc -> 
  custom:framework-win-MediaFoundation: 216162199b28c13a410421893ffa2e32 -> 
  custom:CustomObjectIndexerAttribute: 9a22284fe3817be447336de3de66b15e -> 
  custom:container-demuxer-webm: 4f35f7cbe854078d1ac9338744f61a02 -> 
  custom:container-muxer-webm: aa71ff27fc2769a1b78a27578f13a17b -> 
  custom:video-decoder-webm-vp8: 9c59270c3fd7afecdb556c50c9e8de78 -> 
  custom:SearchIndexIgnoredProperties: e643bd26f0fe6173181afceb89e7c659 -> 
  custom:AudioImporter_EditorPlatform: d09bf68614088b80899f8185d706f6e7 -> 
  custom:scripting/monoscript/fileName/CorrectAns.cs: fdde4066277fc48c40275864fb35c645 -> 
  custom:video-encoder-webm-vp8: eb34c28f22e8b96e1ab97ce403110664 -> 
  custom:audio-decoder-ogg-vorbis: bf7c407c2cedff20999df2af8eb42d56 -> 
  custom:scripting/monoscript/fileName/SafeArea.cs: 5837f9ee308c1c81b303fe8b1b1a4dd3 -> 
  custom:audio-encoder-webm-vorbis: bf7c407c2cedff20999df2af8eb42d56 -> 
  custom:scripting/precompiled-assembly-types:Assembly-CSharp: 04058eb4e059ecaaffaf628fbb8cc8b6 -> 6248c70c833e08215915988a356c45e5
========================================================================
Received Prepare
Caller must complete domain reload
Begin MonoManager ReloadAssembly
- Loaded All Assemblies, in  0.357 seconds
Native extension for WindowsStandalone target not found
Native extension for Android target not found
[Package Manager] Server::EnsureServerProcessIsRunning -- launch failed, reason: Unity was launched with the -noUpm command-line argument
[Package Manager] UpmClient::Send -- Unable to send message (not connected to UPM process).
[Package Manager] Cannot connect to Unity Package Manager local server
Mono: successfully reloaded assembly
[Package Manager] Server::EnsureServerProcessIsRunning -- launch failed, reason: Unity was launched with the -noUpm command-line argument
[Package Manager] UpmClient::Send -- Unable to send message (not connected to UPM process).
[Package Manager] Cannot connect to Unity Package Manager local server
- Finished resetting the current domain, in  0.885 seconds
Domain Reload Profiling: 1242ms
	BeginReloadAssembly (130ms)
		ExecutionOrderSort (0ms)
		DisableScriptedObjects (3ms)
		BackupInstance (0ms)
		ReleaseScriptingObjects (0ms)
		CreateAndSetChildDomain (30ms)
	RebuildCommonClasses (24ms)
	RebuildNativeTypeToScriptingClass (8ms)
	initialDomainReloadingComplete (19ms)
	LoadAllAssembliesAndSetupDomain (176ms)
		LoadAssemblies (233ms)
		RebuildTransferFunctionScriptingTraits (0ms)
		AnalyzeDomain (15ms)
			TypeCache.Refresh (7ms)
				TypeCache.ScanAssembly (0ms)
			ScanForSourceGeneratedMonoScriptInfo (0ms)
			ResolveRequiredComponents (7ms)
	FinalizeReload (885ms)
		ReleaseScriptCaches (0ms)
		RebuildScriptCaches (0ms)
		SetupLoadedEditorAssemblies (451ms)
			LogAssemblyErrors (0ms)
			InitializePlatformSupportModulesInManaged (12ms)
			SetLoadedEditorAssemblies (3ms)
			RefreshPlugins (0ms)
			BeforeProcessingInitializeOnLoad (57ms)
			ProcessInitializeOnLoadAttributes (331ms)
			ProcessInitializeOnLoadMethodAttributes (46ms)
			AfterProcessingInitializeOnLoad (2ms)
			EditorAssembliesLoaded (0ms)
		ExecutionOrderSort2 (0ms)
		AwakeInstancesAfterBackupRestoration (10ms)
Refreshing native plugins compatible for Editor in 5.98 ms, found 4 plugins.
Preloading 0 native plugins for Editor in 0.00 ms.
Unloading 4556 Unused Serialized files (Serialized files now loaded: 0)
Unloading 23 unused Assets / (1.2 MB). Loaded Objects now: 5182.
Memory consumption went from 158.4 MB to 157.1 MB.
Total: 3.660200 ms (FindLiveObjects: 0.333200 ms CreateObjectMapping: 0.245100 ms MarkObjects: 2.550700 ms  DeleteObjects: 0.530100 ms)

Prepare: number of updated asset objects reloaded= 0
AssetImportParameters requested are different than current active one (requested -> active):
  custom:container-demuxer-ogg: 62fdf1f143b41e24485cea50d1cbac27 -> 
  custom:video-codec-MediaFoundation-h265: 746d11721c4dcdbdad8f713fa42b33f4 -> 
  custom:video-decoder-ogg-theora: a1e56fd34408186e4bbccfd4996cb3dc -> 
  custom:framework-win-MediaFoundation: 216162199b28c13a410421893ffa2e32 -> 
  custom:CustomObjectIndexerAttribute: 9a22284fe3817be447336de3de66b15e -> 
  custom:container-demuxer-webm: 4f35f7cbe854078d1ac9338744f61a02 -> 
  custom:container-muxer-webm: aa71ff27fc2769a1b78a27578f13a17b -> 
  custom:video-decoder-webm-vp8: 9c59270c3fd7afecdb556c50c9e8de78 -> 
  custom:SearchIndexIgnoredProperties: e643bd26f0fe6173181afceb89e7c659 -> 
  custom:AudioImporter_EditorPlatform: d09bf68614088b80899f8185d706f6e7 -> 
  custom:scripting/monoscript/fileName/CorrectAns.cs: fdde4066277fc48c40275864fb35c645 -> 
  custom:video-encoder-webm-vp8: eb34c28f22e8b96e1ab97ce403110664 -> 
  custom:audio-decoder-ogg-vorbis: bf7c407c2cedff20999df2af8eb42d56 -> 
  custom:scripting/monoscript/fileName/SafeArea.cs: 5837f9ee308c1c81b303fe8b1b1a4dd3 -> 
  custom:audio-encoder-webm-vorbis: bf7c407c2cedff20999df2af8eb42d56 -> 
  custom:scripting/precompiled-assembly-types:Assembly-CSharp: 04058eb4e059ecaaffaf628fbb8cc8b6 -> 6248c70c833e08215915988a356c45e5
========================================================================
Received Prepare
Refreshing native plugins compatible for Editor in 5.19 ms, found 4 plugins.
Preloading 0 native plugins for Editor in 0.00 ms.
Unloading 9 Unused Serialized files (Serialized files now loaded: 0)
Unloading 7 unused Assets / (1.1 MB). Loaded Objects now: 5184.
Memory consumption went from 88.1 MB to 87.1 MB.
Total: 5.808600 ms (FindLiveObjects: 0.447300 ms CreateObjectMapping: 0.345200 ms MarkObjects: 4.101500 ms  DeleteObjects: 0.913500 ms)

Prepare: number of updated asset objects reloaded= 0
AssetImportParameters requested are different than current active one (requested -> active):
  custom:container-demuxer-ogg: 62fdf1f143b41e24485cea50d1cbac27 -> 
  custom:video-codec-MediaFoundation-h265: 746d11721c4dcdbdad8f713fa42b33f4 -> 
  custom:video-decoder-ogg-theora: a1e56fd34408186e4bbccfd4996cb3dc -> 
  custom:framework-win-MediaFoundation: 216162199b28c13a410421893ffa2e32 -> 
  custom:CustomObjectIndexerAttribute: 9a22284fe3817be447336de3de66b15e -> 
  custom:container-demuxer-webm: 4f35f7cbe854078d1ac9338744f61a02 -> 
  custom:container-muxer-webm: aa71ff27fc2769a1b78a27578f13a17b -> 
  custom:video-decoder-webm-vp8: 9c59270c3fd7afecdb556c50c9e8de78 -> 
  custom:SearchIndexIgnoredProperties: e643bd26f0fe6173181afceb89e7c659 -> 
  custom:AudioImporter_EditorPlatform: d09bf68614088b80899f8185d706f6e7 -> 
  custom:scripting/monoscript/fileName/CorrectAns.cs: fdde4066277fc48c40275864fb35c645 -> 
  custom:video-encoder-webm-vp8: eb34c28f22e8b96e1ab97ce403110664 -> 
  custom:audio-decoder-ogg-vorbis: bf7c407c2cedff20999df2af8eb42d56 -> 
  custom:scripting/monoscript/fileName/SafeArea.cs: 5837f9ee308c1c81b303fe8b1b1a4dd3 -> 
  custom:audio-encoder-webm-vorbis: bf7c407c2cedff20999df2af8eb42d56 -> 
  custom:scripting/precompiled-assembly-types:Assembly-CSharp: 04058eb4e059ecaaffaf628fbb8cc8b6 -> 6248c70c833e08215915988a356c45e5
========================================================================
Received Import Request.
  Time since last request: 3456.036337 seconds.
  path: Assets/Images/Vowels/e/e- Made with Clipchamp.mp3
  artifactKey: Guid(90e507c4f4f8b4741a693b6a16712153) Importer(815301076,1909f56bfc062723c751e8b465ee728b)
Start importing Assets/Images/Vowels/e/e- Made with Clipchamp.mp3 using Guid(90e507c4f4f8b4741a693b6a16712153) Importer(815301076,1909f56bfc062723c751e8b465ee728b) [PhysX] Initialized MultithreadedTaskDispatcher with 20 workers.
[PhysX] Initialized MultithreadedTaskDispatcher with 20 workers.
 -> (artifact id: '782428cfe4ce04ab2c39b957777fcef4') in 0.076375 seconds
Number of updated asset objects reloaded before import = 0
Number of asset objects unloaded after import = 2
========================================================================
Received Import Request.
  Time since last request: 35.997338 seconds.
  path: Assets/Images/Vowels/ee/ee - Made with Clipchamp.mp3
  artifactKey: Guid(88e2ec1ca558be445a826d44cdcbabfa) Importer(815301076,1909f56bfc062723c751e8b465ee728b)
Start importing Assets/Images/Vowels/ee/ee - Made with Clipchamp.mp3 using Guid(88e2ec1ca558be445a826d44cdcbabfa) Importer(815301076,1909f56bfc062723c751e8b465ee728b) [PhysX] Initialized MultithreadedTaskDispatcher with 20 workers.
[PhysX] Initialized MultithreadedTaskDispatcher with 20 workers.
 -> (artifact id: 'd064aa76a0470a7a9ec7633d4b10397f') in 0.027122 seconds
Number of updated asset objects reloaded before import = 0
Number of asset objects unloaded after import = 2
========================================================================
Received Import Request.
  Time since last request: 70.245985 seconds.
  path: Assets/Images/Vowels/o/o- Made with Clipchamp.mp3
  artifactKey: Guid(2ebc73c5e4194444d84c923a384b827b) Importer(815301076,1909f56bfc062723c751e8b465ee728b)
Start importing Assets/Images/Vowels/o/o- Made with Clipchamp.mp3 using Guid(2ebc73c5e4194444d84c923a384b827b) Importer(815301076,1909f56bfc062723c751e8b465ee728b) [PhysX] Initialized MultithreadedTaskDispatcher with 20 workers.
[PhysX] Initialized MultithreadedTaskDispatcher with 20 workers.
 -> (artifact id: '1541ab5117a0afcbc9868bb01a74bf31') in 0.023849 seconds
Number of updated asset objects reloaded before import = 0
Number of asset objects unloaded after import = 2
========================================================================
Received Import Request.
  Time since last request: 17.803990 seconds.
  path: Assets/Images/Vowels/oo/oo- Made with Clipchamp.mp3
  artifactKey: Guid(9629c3ec2bb2fe24c98fb5b047fbbc43) Importer(815301076,1909f56bfc062723c751e8b465ee728b)
Start importing Assets/Images/Vowels/oo/oo- Made with Clipchamp.mp3 using Guid(9629c3ec2bb2fe24c98fb5b047fbbc43) Importer(815301076,1909f56bfc062723c751e8b465ee728b) [PhysX] Initialized MultithreadedTaskDispatcher with 20 workers.
[PhysX] Initialized MultithreadedTaskDispatcher with 20 workers.
 -> (artifact id: '9f89d5df2ff700e68908a44995d15855') in 0.025708 seconds
Number of updated asset objects reloaded before import = 0
Number of asset objects unloaded after import = 2
========================================================================
Received Import Request.
  Time since last request: 56.826760 seconds.
  path: Assets/Images/Vowels/au/au- Made with Clipchamp.mp3
  artifactKey: Guid(14c36bcec6dd8224b93208f5f0ea91a0) Importer(815301076,1909f56bfc062723c751e8b465ee728b)
Start importing Assets/Images/Vowels/au/au- Made with Clipchamp.mp3 using Guid(14c36bcec6dd8224b93208f5f0ea91a0) Importer(815301076,1909f56bfc062723c751e8b465ee728b) [PhysX] Initialized MultithreadedTaskDispatcher with 20 workers.
[PhysX] Initialized MultithreadedTaskDispatcher with 20 workers.
 -> (artifact id: 'e426ee0c144067f935163bc92c8b376c') in 0.020590 seconds
Number of updated asset objects reloaded before import = 0
Number of asset objects unloaded after import = 2
========================================================================
Received Prepare
Caller must complete domain reload
Begin MonoManager ReloadAssembly
- Loaded All Assemblies, in  3.313 seconds
Native extension for WindowsStandalone target not found
Native extension for Android target not found
[Package Manager] Server::EnsureServerProcessIsRunning -- launch failed, reason: Unity was launched with the -noUpm command-line argument
[Package Manager] UpmClient::Send -- Unable to send message (not connected to UPM process).
[Package Manager] Cannot connect to Unity Package Manager local server
Mono: successfully reloaded assembly
[Package Manager] Server::EnsureServerProcessIsRunning -- launch failed, reason: Unity was launched with the -noUpm command-line argument
[Package Manager] UpmClient::Send -- Unable to send message (not connected to UPM process).
[Package Manager] Cannot connect to Unity Package Manager local server
- Finished resetting the current domain, in 19.771 seconds
Domain Reload Profiling: 23084ms
	BeginReloadAssembly (141ms)
		ExecutionOrderSort (0ms)
		DisableScriptedObjects (3ms)
		BackupInstance (0ms)
		ReleaseScriptingObjects (0ms)
		CreateAndSetChildDomain (31ms)
	RebuildCommonClasses (32ms)
	RebuildNativeTypeToScriptingClass (11ms)
	initialDomainReloadingComplete (22ms)
	LoadAllAssembliesAndSetupDomain (3108ms)
		LoadAssemblies (3172ms)
		RebuildTransferFunctionScriptingTraits (0ms)
		AnalyzeDomain (14ms)
			TypeCache.Refresh (6ms)
				TypeCache.ScanAssembly (0ms)
			ScanForSourceGeneratedMonoScriptInfo (0ms)
			ResolveRequiredComponents (7ms)
	FinalizeReload (19771ms)
		ReleaseScriptCaches (0ms)
		RebuildScriptCaches (0ms)
		SetupLoadedEditorAssemblies (450ms)
			LogAssemblyErrors (0ms)
			InitializePlatformSupportModulesInManaged (13ms)
			SetLoadedEditorAssemblies (3ms)
			RefreshPlugins (0ms)
			BeforeProcessingInitializeOnLoad (66ms)
			ProcessInitializeOnLoadAttributes (325ms)
			ProcessInitializeOnLoadMethodAttributes (40ms)
			AfterProcessingInitializeOnLoad (2ms)
			EditorAssembliesLoaded (0ms)
		ExecutionOrderSort2 (0ms)
		AwakeInstancesAfterBackupRestoration (8ms)
Refreshing native plugins compatible for Editor in 4.27 ms, found 4 plugins.
Preloading 0 native plugins for Editor in 0.00 ms.
Unloading 4555 Unused Serialized files (Serialized files now loaded: 0)
Unloading 23 unused Assets / (1.2 MB). Loaded Objects now: 5186.
Memory consumption went from 158.1 MB to 156.9 MB.
Total: 4.073100 ms (FindLiveObjects: 0.211100 ms CreateObjectMapping: 0.109600 ms MarkObjects: 3.244400 ms  DeleteObjects: 0.507100 ms)

Prepare: number of updated asset objects reloaded= 0
AssetImportParameters requested are different than current active one (requested -> active):
  custom:container-demuxer-ogg: 62fdf1f143b41e24485cea50d1cbac27 -> 
  custom:video-codec-MediaFoundation-h265: 746d11721c4dcdbdad8f713fa42b33f4 -> 
  custom:video-decoder-ogg-theora: a1e56fd34408186e4bbccfd4996cb3dc -> 
  custom:framework-win-MediaFoundation: 216162199b28c13a410421893ffa2e32 -> 
  custom:CustomObjectIndexerAttribute: 9a22284fe3817be447336de3de66b15e -> 
  custom:container-demuxer-webm: 4f35f7cbe854078d1ac9338744f61a02 -> 
  custom:container-muxer-webm: aa71ff27fc2769a1b78a27578f13a17b -> 
  custom:video-decoder-webm-vp8: 9c59270c3fd7afecdb556c50c9e8de78 -> 
  custom:SearchIndexIgnoredProperties: e643bd26f0fe6173181afceb89e7c659 -> 
  custom:AudioImporter_EditorPlatform: d09bf68614088b80899f8185d706f6e7 -> 
  custom:scripting/monoscript/fileName/CorrectAns.cs: fdde4066277fc48c40275864fb35c645 -> 
  custom:video-encoder-webm-vp8: eb34c28f22e8b96e1ab97ce403110664 -> 
  custom:audio-decoder-ogg-vorbis: bf7c407c2cedff20999df2af8eb42d56 -> 
  custom:scripting/monoscript/fileName/SafeArea.cs: 5837f9ee308c1c81b303fe8b1b1a4dd3 -> 
  custom:audio-encoder-webm-vorbis: bf7c407c2cedff20999df2af8eb42d56 -> 
  custom:scripting/precompiled-assembly-types:Assembly-CSharp: 04058eb4e059ecaaffaf628fbb8cc8b6 -> 6248c70c833e08215915988a356c45e5
========================================================================
Received Prepare
Refreshing native plugins compatible for Editor in 6.25 ms, found 4 plugins.
Preloading 0 native plugins for Editor in 0.00 ms.
Unloading 9 Unused Serialized files (Serialized files now loaded: 0)
Unloading 7 unused Assets / (1.2 MB). Loaded Objects now: 5188.
Memory consumption went from 88.2 MB to 87.1 MB.
Total: 6.462300 ms (FindLiveObjects: 0.377300 ms CreateObjectMapping: 0.273800 ms MarkObjects: 4.855300 ms  DeleteObjects: 0.953800 ms)

Prepare: number of updated asset objects reloaded= 0
AssetImportParameters requested are different than current active one (requested -> active):
  custom:container-demuxer-ogg: 62fdf1f143b41e24485cea50d1cbac27 -> 
  custom:video-codec-MediaFoundation-h265: 746d11721c4dcdbdad8f713fa42b33f4 -> 
  custom:video-decoder-ogg-theora: a1e56fd34408186e4bbccfd4996cb3dc -> 
  custom:framework-win-MediaFoundation: 216162199b28c13a410421893ffa2e32 -> 
  custom:CustomObjectIndexerAttribute: 9a22284fe3817be447336de3de66b15e -> 
  custom:container-demuxer-webm: 4f35f7cbe854078d1ac9338744f61a02 -> 
  custom:container-muxer-webm: aa71ff27fc2769a1b78a27578f13a17b -> 
  custom:video-decoder-webm-vp8: 9c59270c3fd7afecdb556c50c9e8de78 -> 
  custom:SearchIndexIgnoredProperties: e643bd26f0fe6173181afceb89e7c659 -> 
  custom:AudioImporter_EditorPlatform: d09bf68614088b80899f8185d706f6e7 -> 
  custom:scripting/monoscript/fileName/CorrectAns.cs: fdde4066277fc48c40275864fb35c645 -> 
  custom:video-encoder-webm-vp8: eb34c28f22e8b96e1ab97ce403110664 -> 
  custom:audio-decoder-ogg-vorbis: bf7c407c2cedff20999df2af8eb42d56 -> 
  custom:scripting/monoscript/fileName/SafeArea.cs: 5837f9ee308c1c81b303fe8b1b1a4dd3 -> 
  custom:audio-encoder-webm-vorbis: bf7c407c2cedff20999df2af8eb42d56 -> 
  custom:scripting/precompiled-assembly-types:Assembly-CSharp: 04058eb4e059ecaaffaf628fbb8cc8b6 -> 6248c70c833e08215915988a356c45e5
========================================================================
Received Prepare
Caller must complete domain reload
Begin MonoManager ReloadAssembly
- Loaded All Assemblies, in  0.390 seconds
Native extension for WindowsStandalone target not found
Native extension for Android target not found
[Package Manager] Server::EnsureServerProcessIsRunning -- launch failed, reason: Unity was launched with the -noUpm command-line argument
[Package Manager] UpmClient::Send -- Unable to send message (not connected to UPM process).
[Package Manager] Cannot connect to Unity Package Manager local server
Mono: successfully reloaded assembly
[Package Manager] Server::EnsureServerProcessIsRunning -- launch failed, reason: Unity was launched with the -noUpm command-line argument
[Package Manager] UpmClient::Send -- Unable to send message (not connected to UPM process).
[Package Manager] Cannot connect to Unity Package Manager local server
- Finished resetting the current domain, in  0.863 seconds
Domain Reload Profiling: 1253ms
	BeginReloadAssembly (128ms)
		ExecutionOrderSort (0ms)
		DisableScriptedObjects (3ms)
		BackupInstance (0ms)
		ReleaseScriptingObjects (0ms)
		CreateAndSetChildDomain (26ms)
	RebuildCommonClasses (27ms)
	RebuildNativeTypeToScriptingClass (7ms)
	initialDomainReloadingComplete (24ms)
	LoadAllAssembliesAndSetupDomain (203ms)
		LoadAssemblies (260ms)
		RebuildTransferFunctionScriptingTraits (0ms)
		AnalyzeDomain (16ms)
			TypeCache.Refresh (6ms)
				TypeCache.ScanAssembly (0ms)
			ScanForSourceGeneratedMonoScriptInfo (0ms)
			ResolveRequiredComponents (7ms)
	FinalizeReload (864ms)
		ReleaseScriptCaches (0ms)
		RebuildScriptCaches (0ms)
		SetupLoadedEditorAssemblies (436ms)
			LogAssemblyErrors (0ms)
			InitializePlatformSupportModulesInManaged (15ms)
			SetLoadedEditorAssemblies (3ms)
			RefreshPlugins (0ms)
			BeforeProcessingInitializeOnLoad (54ms)
			ProcessInitializeOnLoadAttributes (321ms)
			ProcessInitializeOnLoadMethodAttributes (41ms)
			AfterProcessingInitializeOnLoad (2ms)
			EditorAssembliesLoaded (0ms)
		ExecutionOrderSort2 (0ms)
		AwakeInstancesAfterBackupRestoration (9ms)
Refreshing native plugins compatible for Editor in 7.41 ms, found 4 plugins.
Preloading 0 native plugins for Editor in 0.00 ms.
Unloading 4556 Unused Serialized files (Serialized files now loaded: 0)
Unloading 21 unused Assets / (1.1 MB). Loaded Objects now: 5192.
Memory consumption went from 158.3 MB to 157.2 MB.
Total: 6.153000 ms (FindLiveObjects: 0.303300 ms CreateObjectMapping: 0.138200 ms MarkObjects: 5.216000 ms  DeleteObjects: 0.494200 ms)

Prepare: number of updated asset objects reloaded= 0
AssetImportParameters requested are different than current active one (requested -> active):
  custom:container-demuxer-ogg: 62fdf1f143b41e24485cea50d1cbac27 -> 
  custom:video-codec-MediaFoundation-h265: 746d11721c4dcdbdad8f713fa42b33f4 -> 
  custom:video-decoder-ogg-theora: a1e56fd34408186e4bbccfd4996cb3dc -> 
  custom:framework-win-MediaFoundation: 216162199b28c13a410421893ffa2e32 -> 
  custom:CustomObjectIndexerAttribute: 9a22284fe3817be447336de3de66b15e -> 
  custom:container-demuxer-webm: 4f35f7cbe854078d1ac9338744f61a02 -> 
  custom:container-muxer-webm: aa71ff27fc2769a1b78a27578f13a17b -> 
  custom:video-decoder-webm-vp8: 9c59270c3fd7afecdb556c50c9e8de78 -> 
  custom:SearchIndexIgnoredProperties: e643bd26f0fe6173181afceb89e7c659 -> 
  custom:AudioImporter_EditorPlatform: d09bf68614088b80899f8185d706f6e7 -> 
  custom:scripting/monoscript/fileName/CorrectAns.cs: fdde4066277fc48c40275864fb35c645 -> 
  custom:video-encoder-webm-vp8: eb34c28f22e8b96e1ab97ce403110664 -> 
  custom:audio-decoder-ogg-vorbis: bf7c407c2cedff20999df2af8eb42d56 -> 
  custom:scripting/monoscript/fileName/SafeArea.cs: 5837f9ee308c1c81b303fe8b1b1a4dd3 -> 
  custom:audio-encoder-webm-vorbis: bf7c407c2cedff20999df2af8eb42d56 -> 
  custom:scripting/precompiled-assembly-types:Assembly-CSharp: 04058eb4e059ecaaffaf628fbb8cc8b6 -> 6248c70c833e08215915988a356c45e5
========================================================================
Received Prepare
Caller must complete domain reload
Begin MonoManager ReloadAssembly
- Loaded All Assemblies, in  0.414 seconds
Native extension for WindowsStandalone target not found
Native extension for Android target not found
[Package Manager] Server::EnsureServerProcessIsRunning -- launch failed, reason: Unity was launched with the -noUpm command-line argument
[Package Manager] UpmClient::Send -- Unable to send message (not connected to UPM process).
[Package Manager] Cannot connect to Unity Package Manager local server
Mono: successfully reloaded assembly
[Package Manager] Server::EnsureServerProcessIsRunning -- launch failed, reason: Unity was launched with the -noUpm command-line argument
[Package Manager] UpmClient::Send -- Unable to send message (not connected to UPM process).
[Package Manager] Cannot connect to Unity Package Manager local server
- Finished resetting the current domain, in  0.906 seconds
Domain Reload Profiling: 1320ms
	BeginReloadAssembly (151ms)
		ExecutionOrderSort (0ms)
		DisableScriptedObjects (3ms)
		BackupInstance (0ms)
		ReleaseScriptingObjects (0ms)
		CreateAndSetChildDomain (29ms)
	RebuildCommonClasses (27ms)
	RebuildNativeTypeToScriptingClass (8ms)
	initialDomainReloadingComplete (19ms)
	LoadAllAssembliesAndSetupDomain (208ms)
		LoadAssemblies (255ms)
		RebuildTransferFunctionScriptingTraits (0ms)
		AnalyzeDomain (42ms)
			TypeCache.Refresh (16ms)
				TypeCache.ScanAssembly (1ms)
			ScanForSourceGeneratedMonoScriptInfo (19ms)
			ResolveRequiredComponents (6ms)
	FinalizeReload (907ms)
		ReleaseScriptCaches (0ms)
		RebuildScriptCaches (0ms)
		SetupLoadedEditorAssemblies (415ms)
			LogAssemblyErrors (0ms)
			InitializePlatformSupportModulesInManaged (14ms)
			SetLoadedEditorAssemblies (3ms)
			RefreshPlugins (0ms)
			BeforeProcessingInitializeOnLoad (57ms)
			ProcessInitializeOnLoadAttributes (305ms)
			ProcessInitializeOnLoadMethodAttributes (35ms)
			AfterProcessingInitializeOnLoad (1ms)
			EditorAssembliesLoaded (0ms)
		ExecutionOrderSort2 (0ms)
		AwakeInstancesAfterBackupRestoration (8ms)
Refreshing native plugins compatible for Editor in 5.01 ms, found 4 plugins.
Preloading 0 native plugins for Editor in 0.00 ms.
Unloading 4557 Unused Serialized files (Serialized files now loaded: 0)
Unloading 23 unused Assets / (1.2 MB). Loaded Objects now: 5195.
Memory consumption went from 158.3 MB to 157.2 MB.
Total: 4.378600 ms (FindLiveObjects: 0.359200 ms CreateObjectMapping: 0.190100 ms MarkObjects: 3.127700 ms  DeleteObjects: 0.700600 ms)

Prepare: number of updated asset objects reloaded= 0
AssetImportParameters requested are different than current active one (requested -> active):
  custom:container-demuxer-ogg: 62fdf1f143b41e24485cea50d1cbac27 -> 
  custom:video-codec-MediaFoundation-h265: 746d11721c4dcdbdad8f713fa42b33f4 -> 
  custom:video-decoder-ogg-theora: a1e56fd34408186e4bbccfd4996cb3dc -> 
  custom:framework-win-MediaFoundation: 216162199b28c13a410421893ffa2e32 -> 
  custom:CustomObjectIndexerAttribute: 9a22284fe3817be447336de3de66b15e -> 
  custom:container-demuxer-webm: 4f35f7cbe854078d1ac9338744f61a02 -> 
  custom:container-muxer-webm: aa71ff27fc2769a1b78a27578f13a17b -> 
  custom:video-decoder-webm-vp8: 9c59270c3fd7afecdb556c50c9e8de78 -> 
  custom:SearchIndexIgnoredProperties: e643bd26f0fe6173181afceb89e7c659 -> 
  custom:AudioImporter_EditorPlatform: d09bf68614088b80899f8185d706f6e7 -> 
  custom:scripting/monoscript/fileName/CorrectAns.cs: fdde4066277fc48c40275864fb35c645 -> 
  custom:video-encoder-webm-vp8: eb34c28f22e8b96e1ab97ce403110664 -> 
  custom:audio-decoder-ogg-vorbis: bf7c407c2cedff20999df2af8eb42d56 -> 
  custom:scripting/monoscript/fileName/QuestionModel.cs: fe6450a7dc9d4786a5eecb8aa4bc64a5 -> 
  custom:scripting/monoscript/fileName/SafeArea.cs: 5837f9ee308c1c81b303fe8b1b1a4dd3 -> 
  custom:audio-encoder-webm-vorbis: bf7c407c2cedff20999df2af8eb42d56 -> 
  custom:scripting/precompiled-assembly-types:Assembly-CSharp: a4c488ebe37c4c664052a818da043a71 -> 6248c70c833e08215915988a356c45e5
========================================================================
Received Prepare
Caller must complete domain reload
Begin MonoManager ReloadAssembly
- Loaded All Assemblies, in  0.390 seconds
Native extension for WindowsStandalone target not found
Native extension for Android target not found
[Package Manager] Server::EnsureServerProcessIsRunning -- launch failed, reason: Unity was launched with the -noUpm command-line argument
[Package Manager] UpmClient::Send -- Unable to send message (not connected to UPM process).
[Package Manager] Cannot connect to Unity Package Manager local server
Mono: successfully reloaded assembly
[Package Manager] Server::EnsureServerProcessIsRunning -- launch failed, reason: Unity was launched with the -noUpm command-line argument
[Package Manager] UpmClient::Send -- Unable to send message (not connected to UPM process).
[Package Manager] Cannot connect to Unity Package Manager local server
- Finished resetting the current domain, in  0.812 seconds
Domain Reload Profiling: 1203ms
	BeginReloadAssembly (140ms)
		ExecutionOrderSort (0ms)
		DisableScriptedObjects (3ms)
		BackupInstance (0ms)
		ReleaseScriptingObjects (0ms)
		CreateAndSetChildDomain (29ms)
	RebuildCommonClasses (24ms)
	RebuildNativeTypeToScriptingClass (8ms)
	initialDomainReloadingComplete (18ms)
	LoadAllAssembliesAndSetupDomain (200ms)
		LoadAssemblies (243ms)
		RebuildTransferFunctionScriptingTraits (0ms)
		AnalyzeDomain (36ms)
			TypeCache.Refresh (8ms)
				TypeCache.ScanAssembly (1ms)
			ScanForSourceGeneratedMonoScriptInfo (18ms)
			ResolveRequiredComponents (9ms)
	FinalizeReload (813ms)
		ReleaseScriptCaches (0ms)
		RebuildScriptCaches (0ms)
		SetupLoadedEditorAssemblies (411ms)
			LogAssemblyErrors (0ms)
			InitializePlatformSupportModulesInManaged (12ms)
			SetLoadedEditorAssemblies (3ms)
			RefreshPlugins (0ms)
			BeforeProcessingInitializeOnLoad (54ms)
			ProcessInitializeOnLoadAttributes (304ms)
			ProcessInitializeOnLoadMethodAttributes (36ms)
			AfterProcessingInitializeOnLoad (1ms)
			EditorAssembliesLoaded (0ms)
		ExecutionOrderSort2 (0ms)
		AwakeInstancesAfterBackupRestoration (9ms)
Refreshing native plugins compatible for Editor in 5.23 ms, found 4 plugins.
Preloading 0 native plugins for Editor in 0.00 ms.
Unloading 4560 Unused Serialized files (Serialized files now loaded: 0)
Unloading 23 unused Assets / (1.2 MB). Loaded Objects now: 5200.
Memory consumption went from 158.8 MB to 157.7 MB.
Total: 4.983100 ms (FindLiveObjects: 0.294900 ms CreateObjectMapping: 0.141900 ms MarkObjects: 3.652600 ms  DeleteObjects: 0.892300 ms)

Prepare: number of updated asset objects reloaded= 0
AssetImportParameters requested are different than current active one (requested -> active):
  custom:container-demuxer-ogg: 62fdf1f143b41e24485cea50d1cbac27 -> 
  custom:video-codec-MediaFoundation-h265: 746d11721c4dcdbdad8f713fa42b33f4 -> 
  custom:video-decoder-ogg-theora: a1e56fd34408186e4bbccfd4996cb3dc -> 
  custom:framework-win-MediaFoundation: 216162199b28c13a410421893ffa2e32 -> 
  custom:CustomObjectIndexerAttribute: 9a22284fe3817be447336de3de66b15e -> 
  custom:container-demuxer-webm: 4f35f7cbe854078d1ac9338744f61a02 -> 
  custom:container-muxer-webm: aa71ff27fc2769a1b78a27578f13a17b -> 
  custom:video-decoder-webm-vp8: 9c59270c3fd7afecdb556c50c9e8de78 -> 
  custom:SearchIndexIgnoredProperties: e643bd26f0fe6173181afceb89e7c659 -> 
  custom:AudioImporter_EditorPlatform: d09bf68614088b80899f8185d706f6e7 -> 
  custom:scripting/monoscript/fileName/CorrectAns.cs: fdde4066277fc48c40275864fb35c645 -> 
  custom:video-encoder-webm-vp8: eb34c28f22e8b96e1ab97ce403110664 -> 
  custom:audio-decoder-ogg-vorbis: bf7c407c2cedff20999df2af8eb42d56 -> 
  custom:scripting/monoscript/fileName/QuestionModel.cs: fe6450a7dc9d4786a5eecb8aa4bc64a5 -> 
  custom:scripting/monoscript/fileName/SafeArea.cs: 5837f9ee308c1c81b303fe8b1b1a4dd3 -> 
  custom:scripting/monoscript/fileName/QuizManager.cs: 774f5987356233b03c56844355919da8 -> 
  custom:audio-encoder-webm-vorbis: bf7c407c2cedff20999df2af8eb42d56 -> 
  custom:scripting/precompiled-assembly-types:Assembly-CSharp: 185fc6332c5459b6b9ace81ee3a24de7 -> 6248c70c833e08215915988a356c45e5
========================================================================
Received Prepare
Caller must complete domain reload
Begin MonoManager ReloadAssembly
- Loaded All Assemblies, in  0.371 seconds
Native extension for WindowsStandalone target not found
Native extension for Android target not found
[Package Manager] Server::EnsureServerProcessIsRunning -- launch failed, reason: Unity was launched with the -noUpm command-line argument
[Package Manager] UpmClient::Send -- Unable to send message (not connected to UPM process).
[Package Manager] Cannot connect to Unity Package Manager local server
Mono: successfully reloaded assembly
[Package Manager] Server::EnsureServerProcessIsRunning -- launch failed, reason: Unity was launched with the -noUpm command-line argument
[Package Manager] UpmClient::Send -- Unable to send message (not connected to UPM process).
[Package Manager] Cannot connect to Unity Package Manager local server
- Finished resetting the current domain, in  0.781 seconds
Domain Reload Profiling: 1152ms
	BeginReloadAssembly (141ms)
		ExecutionOrderSort (0ms)
		DisableScriptedObjects (4ms)
		BackupInstance (0ms)
		ReleaseScriptingObjects (0ms)
		CreateAndSetChildDomain (32ms)
	RebuildCommonClasses (25ms)
	RebuildNativeTypeToScriptingClass (8ms)
	initialDomainReloadingComplete (22ms)
	LoadAllAssembliesAndSetupDomain (175ms)
		LoadAssemblies (222ms)
		RebuildTransferFunctionScriptingTraits (0ms)
		AnalyzeDomain (29ms)
			TypeCache.Refresh (8ms)
				TypeCache.ScanAssembly (1ms)
			ScanForSourceGeneratedMonoScriptInfo (13ms)
			ResolveRequiredComponents (6ms)
	FinalizeReload (781ms)
		ReleaseScriptCaches (0ms)
		RebuildScriptCaches (0ms)
		SetupLoadedEditorAssemblies (372ms)
			LogAssemblyErrors (0ms)
			InitializePlatformSupportModulesInManaged (11ms)
			SetLoadedEditorAssemblies (3ms)
			RefreshPlugins (0ms)
			BeforeProcessingInitializeOnLoad (48ms)
			ProcessInitializeOnLoadAttributes (275ms)
			ProcessInitializeOnLoadMethodAttributes (33ms)
			AfterProcessingInitializeOnLoad (1ms)
			EditorAssembliesLoaded (0ms)
		ExecutionOrderSort2 (0ms)
		AwakeInstancesAfterBackupRestoration (7ms)
Refreshing native plugins compatible for Editor in 4.72 ms, found 4 plugins.
Preloading 0 native plugins for Editor in 0.00 ms.
Unloading 4560 Unused Serialized files (Serialized files now loaded: 0)
Unloading 23 unused Assets / (1.2 MB). Loaded Objects now: 5204.
Memory consumption went from 158.9 MB to 157.7 MB.
Total: 5.560200 ms (FindLiveObjects: 0.556900 ms CreateObjectMapping: 0.202000 ms MarkObjects: 3.907800 ms  DeleteObjects: 0.891900 ms)

Prepare: number of updated asset objects reloaded= 0
AssetImportParameters requested are different than current active one (requested -> active):
  custom:container-demuxer-ogg: 62fdf1f143b41e24485cea50d1cbac27 -> 
  custom:video-codec-MediaFoundation-h265: 746d11721c4dcdbdad8f713fa42b33f4 -> 
  custom:video-decoder-ogg-theora: a1e56fd34408186e4bbccfd4996cb3dc -> 
  custom:framework-win-MediaFoundation: 216162199b28c13a410421893ffa2e32 -> 
  custom:CustomObjectIndexerAttribute: 9a22284fe3817be447336de3de66b15e -> 
  custom:container-demuxer-webm: 4f35f7cbe854078d1ac9338744f61a02 -> 
  custom:container-muxer-webm: aa71ff27fc2769a1b78a27578f13a17b -> 
  custom:video-decoder-webm-vp8: 9c59270c3fd7afecdb556c50c9e8de78 -> 
  custom:SearchIndexIgnoredProperties: e643bd26f0fe6173181afceb89e7c659 -> 
  custom:AudioImporter_EditorPlatform: d09bf68614088b80899f8185d706f6e7 -> 
  custom:scripting/monoscript/fileName/CorrectAns.cs: fdde4066277fc48c40275864fb35c645 -> 
  custom:video-encoder-webm-vp8: eb34c28f22e8b96e1ab97ce403110664 -> 
  custom:audio-decoder-ogg-vorbis: bf7c407c2cedff20999df2af8eb42d56 -> 
  custom:scripting/monoscript/fileName/QuestionModel.cs: fe6450a7dc9d4786a5eecb8aa4bc64a5 -> 
  custom:scripting/monoscript/fileName/SafeArea.cs: 5837f9ee308c1c81b303fe8b1b1a4dd3 -> 
  custom:scripting/monoscript/fileName/QuizManager.cs: 774f5987356233b03c56844355919da8 -> 
  custom:audio-encoder-webm-vorbis: bf7c407c2cedff20999df2af8eb42d56 -> 
  custom:scripting/precompiled-assembly-types:Assembly-CSharp: 37c9b0ad717199f65642318c59bfddf9 -> 6248c70c833e08215915988a356c45e5
========================================================================
Received Import Request.
  Time since last request: 1542.265196 seconds.
  path: Assets/Script/QuizManager.cs
  artifactKey: Guid(53d89da380d548d429b70334e9a0180c) Importer(815301076,1909f56bfc062723c751e8b465ee728b)
Start importing Assets/Script/QuizManager.cs using Guid(53d89da380d548d429b70334e9a0180c) Importer(815301076,1909f56bfc062723c751e8b465ee728b) [PhysX] Initialized MultithreadedTaskDispatcher with 20 workers.
 -> (artifact id: '74598e3ad205f13dc25fa147eccb564e') in 0.001955 seconds
Number of updated asset objects reloaded before import = 0
Number of asset objects unloaded after import = 0
========================================================================
Received Prepare
Caller must complete domain reload
Begin MonoManager ReloadAssembly
- Loaded All Assemblies, in  1.403 seconds
Native extension for WindowsStandalone target not found
Native extension for Android target not found
[Package Manager] Server::EnsureServerProcessIsRunning -- launch failed, reason: Unity was launched with the -noUpm command-line argument
[Package Manager] UpmClient::Send -- Unable to send message (not connected to UPM process).
[Package Manager] Cannot connect to Unity Package Manager local server
Mono: successfully reloaded assembly
[Package Manager] Server::EnsureServerProcessIsRunning -- launch failed, reason: Unity was launched with the -noUpm command-line argument
[Package Manager] UpmClient::Send -- Unable to send message (not connected to UPM process).
[Package Manager] Cannot connect to Unity Package Manager local server
- Finished resetting the current domain, in 23.270 seconds
Domain Reload Profiling: 24674ms
	BeginReloadAssembly (560ms)
		ExecutionOrderSort (0ms)
		DisableScriptedObjects (17ms)
		BackupInstance (0ms)
		ReleaseScriptingObjects (0ms)
		CreateAndSetChildDomain (259ms)
	RebuildCommonClasses (40ms)
	RebuildNativeTypeToScriptingClass (11ms)
	initialDomainReloadingComplete (37ms)
	LoadAllAssembliesAndSetupDomain (755ms)
		LoadAssemblies (900ms)
		RebuildTransferFunctionScriptingTraits (0ms)
		AnalyzeDomain (29ms)
			TypeCache.Refresh (14ms)
				TypeCache.ScanAssembly (0ms)
			ScanForSourceGeneratedMonoScriptInfo (0ms)
			ResolveRequiredComponents (14ms)
	FinalizeReload (23271ms)
		ReleaseScriptCaches (0ms)
		RebuildScriptCaches (0ms)
		SetupLoadedEditorAssemblies (789ms)
			LogAssemblyErrors (0ms)
			InitializePlatformSupportModulesInManaged (18ms)
			SetLoadedEditorAssemblies (7ms)
			RefreshPlugins (0ms)
			BeforeProcessingInitializeOnLoad (91ms)
			ProcessInitializeOnLoadAttributes (608ms)
			ProcessInitializeOnLoadMethodAttributes (62ms)
			AfterProcessingInitializeOnLoad (1ms)
			EditorAssembliesLoaded (1ms)
		ExecutionOrderSort2 (0ms)
		AwakeInstancesAfterBackupRestoration (24ms)
Refreshing native plugins compatible for Editor in 6.39 ms, found 4 plugins.
Preloading 0 native plugins for Editor in 0.00 ms.
Unloading 4559 Unused Serialized files (Serialized files now loaded: 0)
Unloading 23 unused Assets / (1.2 MB). Loaded Objects now: 5208.
Memory consumption went from 158.6 MB to 157.4 MB.
Total: 5.918500 ms (FindLiveObjects: 0.247800 ms CreateObjectMapping: 0.128100 ms MarkObjects: 4.841600 ms  DeleteObjects: 0.699700 ms)

Prepare: number of updated asset objects reloaded= 0
AssetImportParameters requested are different than current active one (requested -> active):
  custom:container-demuxer-ogg: 62fdf1f143b41e24485cea50d1cbac27 -> 
  custom:video-codec-MediaFoundation-h265: 746d11721c4dcdbdad8f713fa42b33f4 -> 
  custom:video-decoder-ogg-theora: a1e56fd34408186e4bbccfd4996cb3dc -> 
  custom:framework-win-MediaFoundation: 216162199b28c13a410421893ffa2e32 -> 
  custom:CustomObjectIndexerAttribute: 9a22284fe3817be447336de3de66b15e -> 
  custom:container-demuxer-webm: 4f35f7cbe854078d1ac9338744f61a02 -> 
  custom:container-muxer-webm: aa71ff27fc2769a1b78a27578f13a17b -> 
  custom:video-decoder-webm-vp8: 9c59270c3fd7afecdb556c50c9e8de78 -> 
  custom:SearchIndexIgnoredProperties: e643bd26f0fe6173181afceb89e7c659 -> 
  custom:AudioImporter_EditorPlatform: d09bf68614088b80899f8185d706f6e7 -> 
  custom:scripting/monoscript/fileName/CorrectAns.cs: fdde4066277fc48c40275864fb35c645 -> 
  custom:video-encoder-webm-vp8: eb34c28f22e8b96e1ab97ce403110664 -> 
  custom:audio-decoder-ogg-vorbis: bf7c407c2cedff20999df2af8eb42d56 -> 
  custom:scripting/monoscript/fileName/QuestionModel.cs: fe6450a7dc9d4786a5eecb8aa4bc64a5 -> 
  custom:scripting/monoscript/fileName/SafeArea.cs: 5837f9ee308c1c81b303fe8b1b1a4dd3 -> 
  custom:scripting/monoscript/fileName/QuizManager.cs: 774f5987356233b03c56844355919da8 -> 
  custom:audio-encoder-webm-vorbis: bf7c407c2cedff20999df2af8eb42d56 -> 
  custom:scripting/precompiled-assembly-types:Assembly-CSharp: 37c9b0ad717199f65642318c59bfddf9 -> 6248c70c833e08215915988a356c45e5
========================================================================
Received Prepare
Caller must complete domain reload
Begin MonoManager ReloadAssembly
- Loaded All Assemblies, in  0.422 seconds
Native extension for WindowsStandalone target not found
Native extension for Android target not found
[Package Manager] Server::EnsureServerProcessIsRunning -- launch failed, reason: Unity was launched with the -noUpm command-line argument
[Package Manager] UpmClient::Send -- Unable to send message (not connected to UPM process).
[Package Manager] Cannot connect to Unity Package Manager local server
Mono: successfully reloaded assembly
[Package Manager] Server::EnsureServerProcessIsRunning -- launch failed, reason: Unity was launched with the -noUpm command-line argument
[Package Manager] UpmClient::Send -- Unable to send message (not connected to UPM process).
[Package Manager] Cannot connect to Unity Package Manager local server
- Finished resetting the current domain, in  1.573 seconds
Domain Reload Profiling: 1994ms
	BeginReloadAssembly (142ms)
		ExecutionOrderSort (0ms)
		DisableScriptedObjects (3ms)
		BackupInstance (0ms)
		ReleaseScriptingObjects (0ms)
		CreateAndSetChildDomain (28ms)
	RebuildCommonClasses (26ms)
	RebuildNativeTypeToScriptingClass (8ms)
	initialDomainReloadingComplete (20ms)
	LoadAllAssembliesAndSetupDomain (225ms)
		LoadAssemblies (289ms)
		RebuildTransferFunctionScriptingTraits (0ms)
		AnalyzeDomain (19ms)
			TypeCache.Refresh (7ms)
				TypeCache.ScanAssembly (0ms)
			ScanForSourceGeneratedMonoScriptInfo (0ms)
			ResolveRequiredComponents (10ms)
	FinalizeReload (1573ms)
		ReleaseScriptCaches (0ms)
		RebuildScriptCaches (0ms)
		SetupLoadedEditorAssemblies (431ms)
			LogAssemblyErrors (0ms)
			InitializePlatformSupportModulesInManaged (13ms)
			SetLoadedEditorAssemblies (4ms)
			RefreshPlugins (0ms)
			BeforeProcessingInitializeOnLoad (48ms)
			ProcessInitializeOnLoadAttributes (325ms)
			ProcessInitializeOnLoadMethodAttributes (39ms)
			AfterProcessingInitializeOnLoad (1ms)
			EditorAssembliesLoaded (0ms)
		ExecutionOrderSort2 (0ms)
		AwakeInstancesAfterBackupRestoration (8ms)
Refreshing native plugins compatible for Editor in 6.85 ms, found 4 plugins.
Preloading 0 native plugins for Editor in 0.00 ms.
Unloading 4560 Unused Serialized files (Serialized files now loaded: 0)
Unloading 23 unused Assets / (1.1 MB). Loaded Objects now: 5212.
Memory consumption went from 158.8 MB to 157.7 MB.
Total: 4.823000 ms (FindLiveObjects: 0.325000 ms CreateObjectMapping: 0.231100 ms MarkObjects: 3.722200 ms  DeleteObjects: 0.542600 ms)

Prepare: number of updated asset objects reloaded= 0
AssetImportParameters requested are different than current active one (requested -> active):
  custom:container-demuxer-ogg: 62fdf1f143b41e24485cea50d1cbac27 -> 
  custom:video-codec-MediaFoundation-h265: 746d11721c4dcdbdad8f713fa42b33f4 -> 
  custom:video-decoder-ogg-theora: a1e56fd34408186e4bbccfd4996cb3dc -> 
  custom:framework-win-MediaFoundation: 216162199b28c13a410421893ffa2e32 -> 
  custom:CustomObjectIndexerAttribute: 9a22284fe3817be447336de3de66b15e -> 
  custom:container-demuxer-webm: 4f35f7cbe854078d1ac9338744f61a02 -> 
  custom:container-muxer-webm: aa71ff27fc2769a1b78a27578f13a17b -> 
  custom:video-decoder-webm-vp8: 9c59270c3fd7afecdb556c50c9e8de78 -> 
  custom:SearchIndexIgnoredProperties: e643bd26f0fe6173181afceb89e7c659 -> 
  custom:AudioImporter_EditorPlatform: d09bf68614088b80899f8185d706f6e7 -> 
  custom:scripting/monoscript/fileName/CorrectAns.cs: fdde4066277fc48c40275864fb35c645 -> 
  custom:video-encoder-webm-vp8: eb34c28f22e8b96e1ab97ce403110664 -> 
  custom:audio-decoder-ogg-vorbis: bf7c407c2cedff20999df2af8eb42d56 -> 
  custom:scripting/monoscript/fileName/QuestionModel.cs: fe6450a7dc9d4786a5eecb8aa4bc64a5 -> 
  custom:scripting/monoscript/fileName/SafeArea.cs: 5837f9ee308c1c81b303fe8b1b1a4dd3 -> 
  custom:scripting/monoscript/fileName/QuizManager.cs: 774f5987356233b03c56844355919da8 -> 
  custom:audio-encoder-webm-vorbis: bf7c407c2cedff20999df2af8eb42d56 -> 
  custom:scripting/precompiled-assembly-types:Assembly-CSharp: 37c9b0ad717199f65642318c59bfddf9 -> 6248c70c833e08215915988a356c45e5
========================================================================
Received Import Request.
  Time since last request: 2958.070048 seconds.
  path: Assets/TextMesh Pro/Examples & Extras/Fonts/Oswald-Bold.ttf
  artifactKey: Guid(c9f6d0e7bc8541498c9a4799ba184ede) Importer(815301076,1909f56bfc062723c751e8b465ee728b)
Start importing Assets/TextMesh Pro/Examples & Extras/Fonts/Oswald-Bold.ttf using Guid(c9f6d0e7bc8541498c9a4799ba184ede) Importer(815301076,1909f56bfc062723c751e8b465ee728b) [PhysX] Initialized MultithreadedTaskDispatcher with 20 workers.
[PhysX] Initialized MultithreadedTaskDispatcher with 20 workers.
[PhysX] Initialized MultithreadedTaskDispatcher with 20 workers.
 -> (artifact id: 'c35da5eb8f9cdca8d139f1be53933c9c') in 0.166008 seconds
Number of updated asset objects reloaded before import = 0
Number of asset objects unloaded after import = 4
========================================================================
Received Import Request.
  Time since last request: 0.000032 seconds.
  path: Assets/TextMesh Pro/Examples & Extras/Prefabs/Text Popup.prefab
  artifactKey: Guid(b06f0e6c1dfa4356ac918da1bb32c603) Importer(815301076,1909f56bfc062723c751e8b465ee728b)
Start importing Assets/TextMesh Pro/Examples & Extras/Prefabs/Text Popup.prefab using Guid(b06f0e6c1dfa4356ac918da1bb32c603) Importer(815301076,1909f56bfc062723c751e8b465ee728b) [PhysX] Initialized MultithreadedTaskDispatcher with 20 workers.
 -> (artifact id: '031fcfa925e0c6404bdcd3710e632c06') in 0.070091 seconds
Number of updated asset objects reloaded before import = 0
Number of asset objects unloaded after import = 21
========================================================================
Received Import Request.
  Time since last request: 0.000030 seconds.
  path: Assets/TextMesh Pro/Examples & Extras/Textures/Text Overflow - Linked Text Image 1.png
  artifactKey: Guid(4ccf43d26c4748c792174516f4a8fcef) Importer(815301076,1909f56bfc062723c751e8b465ee728b)
Start importing Assets/TextMesh Pro/Examples & Extras/Textures/Text Overflow - Linked Text Image 1.png using Guid(4ccf43d26c4748c792174516f4a8fcef) Importer(815301076,1909f56bfc062723c751e8b465ee728b) [PhysX] Initialized MultithreadedTaskDispatcher with 20 workers.
[PhysX] Initialized MultithreadedTaskDispatcher with 20 workers.
 -> (artifact id: '4bfe744c2a7ca83b21bb0682aea5c145') in 0.062761 seconds
Number of updated asset objects reloaded before import = 0
Number of asset objects unloaded after import = 2
========================================================================
Received Import Request.
  Time since last request: 0.000030 seconds.
  path: Assets/TextMesh Pro/Examples & Extras/Fonts/Bangers.ttf
  artifactKey: Guid(5dd49b3eacc540408c98eee0de38e0f1) Importer(815301076,1909f56bfc062723c751e8b465ee728b)
Start importing Assets/TextMesh Pro/Examples & Extras/Fonts/Bangers.ttf using Guid(5dd49b3eacc540408c98eee0de38e0f1) Importer(815301076,1909f56bfc062723c751e8b465ee728b) [PhysX] Initialized MultithreadedTaskDispatcher with 20 workers.
[PhysX] Initialized MultithreadedTaskDispatcher with 20 workers.
[PhysX] Initialized MultithreadedTaskDispatcher with 20 workers.
 -> (artifact id: 'f52ce96861c649f4b7055a64b6382d28') in 0.045541 seconds
Number of updated asset objects reloaded before import = 0
Number of asset objects unloaded after import = 4
========================================================================
Received Import Request.
  Time since last request: 0.000022 seconds.
  path: Assets/TextMesh Pro/Examples & Extras/Fonts/Anton.ttf
  artifactKey: Guid(997a43b767814dd0a7642ec9b78cba41) Importer(815301076,1909f56bfc062723c751e8b465ee728b)
Start importing Assets/TextMesh Pro/Examples & Extras/Fonts/Anton.ttf using Guid(997a43b767814dd0a7642ec9b78cba41) Importer(815301076,1909f56bfc062723c751e8b465ee728b) [PhysX] Initialized MultithreadedTaskDispatcher with 20 workers.
[PhysX] Initialized MultithreadedTaskDispatcher with 20 workers.
[PhysX] Initialized MultithreadedTaskDispatcher with 20 workers.
 -> (artifact id: '3bda6f5e1691e938939a8b21d352cf78') in 0.009139 seconds
Number of updated asset objects reloaded before import = 0
Number of asset objects unloaded after import = 4
========================================================================
Received Prepare
Caller must complete domain reload
Begin MonoManager ReloadAssembly
- Loaded All Assemblies, in  0.422 seconds
Native extension for WindowsStandalone target not found
Native extension for Android target not found
[Package Manager] Server::EnsureServerProcessIsRunning -- launch failed, reason: Unity was launched with the -noUpm command-line argument
[Package Manager] UpmClient::Send -- Unable to send message (not connected to UPM process).
[Package Manager] Cannot connect to Unity Package Manager local server
Mono: successfully reloaded assembly
[Package Manager] Server::EnsureServerProcessIsRunning -- launch failed, reason: Unity was launched with the -noUpm command-line argument
[Package Manager] UpmClient::Send -- Unable to send message (not connected to UPM process).
[Package Manager] Cannot connect to Unity Package Manager local server
- Finished resetting the current domain, in  0.935 seconds
Domain Reload Profiling: 1357ms
	BeginReloadAssembly (177ms)
		ExecutionOrderSort (0ms)
		DisableScriptedObjects (3ms)
		BackupInstance (0ms)
		ReleaseScriptingObjects (0ms)
		CreateAndSetChildDomain (30ms)
	RebuildCommonClasses (30ms)
	RebuildNativeTypeToScriptingClass (8ms)
	initialDomainReloadingComplete (21ms)
	LoadAllAssembliesAndSetupDomain (186ms)
		LoadAssemblies (287ms)
		RebuildTransferFunctionScriptingTraits (0ms)
		AnalyzeDomain (14ms)
			TypeCache.Refresh (7ms)
				TypeCache.ScanAssembly (0ms)
			ScanForSourceGeneratedMonoScriptInfo (0ms)
			ResolveRequiredComponents (6ms)
	FinalizeReload (935ms)
		ReleaseScriptCaches (0ms)
		RebuildScriptCaches (0ms)
		SetupLoadedEditorAssemblies (472ms)
			LogAssemblyErrors (0ms)
			InitializePlatformSupportModulesInManaged (13ms)
			SetLoadedEditorAssemblies (3ms)
			RefreshPlugins (0ms)
			BeforeProcessingInitializeOnLoad (58ms)
			ProcessInitializeOnLoadAttributes (354ms)
			ProcessInitializeOnLoadMethodAttributes (42ms)
			AfterProcessingInitializeOnLoad (1ms)
			EditorAssembliesLoaded (0ms)
		ExecutionOrderSort2 (0ms)
		AwakeInstancesAfterBackupRestoration (10ms)
Refreshing native plugins compatible for Editor in 5.21 ms, found 4 plugins.
Preloading 0 native plugins for Editor in 0.00 ms.
Unloading 4559 Unused Serialized files (Serialized files now loaded: 0)
Unloading 24 unused Assets / (1.3 MB). Loaded Objects now: 5253.
Memory consumption went from 159.3 MB to 158.0 MB.
Total: 5.640600 ms (FindLiveObjects: 0.397600 ms CreateObjectMapping: 0.283100 ms MarkObjects: 3.943900 ms  DeleteObjects: 1.014100 ms)

Prepare: number of updated asset objects reloaded= 0
AssetImportParameters requested are different than current active one (requested -> active):
  custom:container-demuxer-ogg: 62fdf1f143b41e24485cea50d1cbac27 -> 
  custom:video-codec-MediaFoundation-h265: 746d11721c4dcdbdad8f713fa42b33f4 -> 
  custom:video-decoder-ogg-theora: a1e56fd34408186e4bbccfd4996cb3dc -> 
  custom:framework-win-MediaFoundation: 216162199b28c13a410421893ffa2e32 -> 
  custom:CustomObjectIndexerAttribute: 9a22284fe3817be447336de3de66b15e -> 
  custom:container-demuxer-webm: 4f35f7cbe854078d1ac9338744f61a02 -> 
  custom:container-muxer-webm: aa71ff27fc2769a1b78a27578f13a17b -> 
  custom:video-decoder-webm-vp8: 9c59270c3fd7afecdb556c50c9e8de78 -> 
  custom:SearchIndexIgnoredProperties: e643bd26f0fe6173181afceb89e7c659 -> 
  custom:AudioImporter_EditorPlatform: d09bf68614088b80899f8185d706f6e7 -> 
  custom:scripting/monoscript/fileName/CorrectAns.cs: fdde4066277fc48c40275864fb35c645 -> 
  custom:video-encoder-webm-vp8: eb34c28f22e8b96e1ab97ce403110664 -> 
  custom:audio-decoder-ogg-vorbis: bf7c407c2cedff20999df2af8eb42d56 -> 
  custom:scripting/monoscript/fileName/QuestionModel.cs: fe6450a7dc9d4786a5eecb8aa4bc64a5 -> 
  custom:scripting/monoscript/fileName/SafeArea.cs: 5837f9ee308c1c81b303fe8b1b1a4dd3 -> 
  custom:scripting/monoscript/fileName/QuizManager.cs: 774f5987356233b03c56844355919da8 -> 
  custom:audio-encoder-webm-vorbis: bf7c407c2cedff20999df2af8eb42d56 -> 
  custom:scripting/precompiled-assembly-types:Assembly-CSharp: 37c9b0ad717199f65642318c59bfddf9 -> 6248c70c833e08215915988a356c45e5
Editor requested this worker to shutdown with reason: Scaling down because of idle timeout
TcpMessagingSession - receive error: operation aborted. errorcode: 995, details: The I/O operation has been aborted because of either a thread exit or an application request.
AssetImportWorker is now disconnected from the server
Process exiting
Exiting without the bug reporter. Application will terminate with return code 0