Using pre-set license
Built from '2022.3/staging' branch; Version is '2022.3.55f1 (9f374180d209) revision 10434369'; Using compiler version '192829333'; Build Type 'Release'
OS: 'Windows 11  (10.0.22631) 64bit CoreSingleLanguage' Language: 'en' Physical Memory: 16011 MB
BatchMode: 1, IsHumanControllingUs: 0, StartBugReporterOnCrash: 0, Is64bit: 1, IsPro: 1

COMMAND LINE ARGUMENTS:
E:\UnityHub\2022.3.55f1\Editor\Unity.exe
-adb2
-batchMode
-noUpm
-name
AssetImportWorker0
-projectPath
E:/TamilHackathon/Vision
-logFile
Logs/AssetImportWorker0.log
-srvPort
62920
Successfully changed project path to: E:/TamilHackathon/Vision
E:/TamilHackathon/Vision
[UnityMemory] Configuration Parameters - Can be set up in boot.config
    "memorysetup-bucket-allocator-granularity=16"
    "memorysetup-bucket-allocator-bucket-count=8"
    "memorysetup-bucket-allocator-block-size=33554432"
    "memorysetup-bucket-allocator-block-count=8"
    "memorysetup-main-allocator-block-size=16777216"
    "memorysetup-thread-allocator-block-size=16777216"
    "memorysetup-gfx-main-allocator-block-size=16777216"
    "memorysetup-gfx-thread-allocator-block-size=16777216"
    "memorysetup-cache-allocator-block-size=4194304"
    "memorysetup-typetree-allocator-block-size=2097152"
    "memorysetup-profiler-bucket-allocator-granularity=16"
    "memorysetup-profiler-bucket-allocator-bucket-count=8"
    "memorysetup-profiler-bucket-allocator-block-size=33554432"
    "memorysetup-profiler-bucket-allocator-block-count=8"
    "memorysetup-profiler-allocator-block-size=16777216"
    "memorysetup-profiler-editor-allocator-block-size=1048576"
    "memorysetup-temp-allocator-size-main=16777216"
    "memorysetup-job-temp-allocator-block-size=2097152"
    "memorysetup-job-temp-allocator-block-size-background=1048576"
    "memorysetup-job-temp-allocator-reduction-small-platforms=262144"
    "memorysetup-allocator-temp-initial-block-size-main=262144"
    "memorysetup-allocator-temp-initial-block-size-worker=262144"
    "memorysetup-temp-allocator-size-background-worker=32768"
    "memorysetup-temp-allocator-size-job-worker=262144"
    "memorysetup-temp-allocator-size-preload-manager=33554432"
    "memorysetup-temp-allocator-size-nav-mesh-worker=65536"
    "memorysetup-temp-allocator-size-audio-worker=65536"
    "memorysetup-temp-allocator-size-cloud-worker=32768"
    "memorysetup-temp-allocator-size-gi-baking-worker=262144"
    "memorysetup-temp-allocator-size-gfx=262144"
Player connection [5316]  Target information:

Player connection [5316]  * "[IP] 10.9.247.216 [Port] 0 [Flags] 2 [Guid] 3856961053 [EditorId] 3856961053 [Version] 1048832 [Id] WindowsEditor(7,LAPTOP-OMTCREG9) [Debug] 1 [PackageName] WindowsEditor [ProjectName] Editor" 

Player connection [5316] Host joined multi-casting on [225.0.0.222:54997]...
Player connection [5316] Host joined alternative multi-casting on [225.0.0.222:34997]...
[PhysX] Initialized MultithreadedTaskDispatcher with 20 workers.
Refreshing native plugins compatible for Editor in 10.16 ms, found 4 plugins.
Preloading 0 native plugins for Editor in 0.00 ms.
Initialize engine version: 2022.3.55f1 (9f374180d209)
[Subsystems] Discovering subsystems at path E:/UnityHub/2022.3.55f1/Editor/Data/Resources/UnitySubsystems
[Subsystems] Discovering subsystems at path E:/TamilHackathon/Vision/Assets
GfxDevice: creating device client; threaded=0; jobified=0
Direct3D:
    Version:  Direct3D 11.0 [level 11.1]
    Renderer: NVIDIA GeForce RTX 4060 Laptop GPU (ID=0x28e0)
    Vendor:   NVIDIA
    VRAM:     7957 MB
    Driver:   32.0.15.7652
Initialize mono
Mono path[0] = 'E:/UnityHub/2022.3.55f1/Editor/Data/Managed'
Mono path[1] = 'E:/UnityHub/2022.3.55f1/Editor/Data/MonoBleedingEdge/lib/mono/unityjit-win32'
Mono config path = 'E:/UnityHub/2022.3.55f1/Editor/Data/MonoBleedingEdge/etc'
Using monoOptions --debugger-agent=transport=dt_socket,embedding=1,server=y,suspend=n,address=127.0.0.1:56820
Begin MonoManager ReloadAssembly
Registering precompiled unity dll's ...
Register platform support module: E:/UnityHub/2022.3.55f1/Editor/Data/PlaybackEngines/AndroidPlayer/UnityEditor.Android.Extensions.dll
Register platform support module: E:/UnityHub/2022.3.55f1/Editor/Data/PlaybackEngines/WindowsStandaloneSupport/UnityEditor.WindowsStandalone.Extensions.dll
Registered in 0.003124 seconds.
- Loaded All Assemblies, in  0.298 seconds
Native extension for WindowsStandalone target not found
Native extension for Android target not found
Android Extension - Scanning For ADB Devices 261 ms
Mono: successfully reloaded assembly
- Finished resetting the current domain, in  0.515 seconds
Domain Reload Profiling: 813ms
	BeginReloadAssembly (102ms)
		ExecutionOrderSort (0ms)
		DisableScriptedObjects (0ms)
		BackupInstance (0ms)
		ReleaseScriptingObjects (0ms)
		CreateAndSetChildDomain (1ms)
	RebuildCommonClasses (26ms)
	RebuildNativeTypeToScriptingClass (8ms)
	initialDomainReloadingComplete (41ms)
	LoadAllAssembliesAndSetupDomain (120ms)
		LoadAssemblies (103ms)
		RebuildTransferFunctionScriptingTraits (0ms)
		AnalyzeDomain (118ms)
			TypeCache.Refresh (117ms)
				TypeCache.ScanAssembly (105ms)
			ScanForSourceGeneratedMonoScriptInfo (0ms)
			ResolveRequiredComponents (0ms)
	FinalizeReload (516ms)
		ReleaseScriptCaches (0ms)
		RebuildScriptCaches (0ms)
		SetupLoadedEditorAssemblies (477ms)
			LogAssemblyErrors (0ms)
			InitializePlatformSupportModulesInManaged (328ms)
			SetLoadedEditorAssemblies (3ms)
			RefreshPlugins (0ms)
			BeforeProcessingInitializeOnLoad (2ms)
			ProcessInitializeOnLoadAttributes (98ms)
			ProcessInitializeOnLoadMethodAttributes (45ms)
			AfterProcessingInitializeOnLoad (0ms)
			EditorAssembliesLoaded (0ms)
		ExecutionOrderSort2 (0ms)
		AwakeInstancesAfterBackupRestoration (0ms)
========================================================================
Worker process is ready to serve import requests
Caller must complete domain reload
Begin MonoManager ReloadAssembly
- Loaded All Assemblies, in  0.600 seconds
Native extension for WindowsStandalone target not found
Native extension for Android target not found
Package Manager log level set to [2]
[Package Manager] Server::EnsureServerProcessIsRunning -- launch failed, reason: Unity was launched with the -noUpm command-line argument
[Package Manager] UpmClient::Send -- Unable to send message (not connected to UPM process).
[Package Manager] Cannot connect to Unity Package Manager local server
Mono: successfully reloaded assembly
[Package Manager] Server::EnsureServerProcessIsRunning -- launch failed, reason: Unity was launched with the -noUpm command-line argument
[Package Manager] UpmClient::Send -- Unable to send message (not connected to UPM process).
[Package Manager] Cannot connect to Unity Package Manager local server
[Package Manager] Server::EnsureServerProcessIsRunning -- launch failed, reason: Unity was launched with the -noUpm command-line argument
[Package Manager] UpmClient::Send -- Unable to send message (not connected to UPM process).
[Package Manager] Cannot connect to Unity Package Manager local server
- Finished resetting the current domain, in  0.532 seconds
Domain Reload Profiling: 1132ms
	BeginReloadAssembly (132ms)
		ExecutionOrderSort (0ms)
		DisableScriptedObjects (4ms)
		BackupInstance (0ms)
		ReleaseScriptingObjects (0ms)
		CreateAndSetChildDomain (16ms)
	RebuildCommonClasses (29ms)
	RebuildNativeTypeToScriptingClass (8ms)
	initialDomainReloadingComplete (29ms)
	LoadAllAssembliesAndSetupDomain (402ms)
		LoadAssemblies (314ms)
		RebuildTransferFunctionScriptingTraits (0ms)
		AnalyzeDomain (170ms)
			TypeCache.Refresh (146ms)
				TypeCache.ScanAssembly (134ms)
			ScanForSourceGeneratedMonoScriptInfo (17ms)
			ResolveRequiredComponents (5ms)
	FinalizeReload (532ms)
		ReleaseScriptCaches (0ms)
		RebuildScriptCaches (0ms)
		SetupLoadedEditorAssemblies (413ms)
			LogAssemblyErrors (0ms)
			InitializePlatformSupportModulesInManaged (12ms)
			SetLoadedEditorAssemblies (4ms)
			RefreshPlugins (0ms)
			BeforeProcessingInitializeOnLoad (50ms)
			ProcessInitializeOnLoadAttributes (320ms)
			ProcessInitializeOnLoadMethodAttributes (25ms)
			AfterProcessingInitializeOnLoad (1ms)
			EditorAssembliesLoaded (0ms)
		ExecutionOrderSort2 (0ms)
		AwakeInstancesAfterBackupRestoration (6ms)
Launched and connected shader compiler UnityShaderCompiler.exe after 0.05 seconds
Refreshing native plugins compatible for Editor in 5.95 ms, found 4 plugins.
Preloading 0 native plugins for Editor in 0.00 ms.
Unloading 4469 Unused Serialized files (Serialized files now loaded: 0)
Unloading 28 unused Assets / (1.1 MB). Loaded Objects now: 4938.
Memory consumption went from 153.2 MB to 152.1 MB.
Total: 5.180300 ms (FindLiveObjects: 0.327100 ms CreateObjectMapping: 0.294700 ms MarkObjects: 3.830500 ms  DeleteObjects: 0.726500 ms)

AssetImportParameters requested are different than current active one (requested -> active):
  custom:container-demuxer-ogg: 62fdf1f143b41e24485cea50d1cbac27 -> 
  custom:video-codec-MediaFoundation-h265: 746d11721c4dcdbdad8f713fa42b33f4 -> 
  custom:video-decoder-ogg-theora: a1e56fd34408186e4bbccfd4996cb3dc -> 
  custom:framework-win-MediaFoundation: 216162199b28c13a410421893ffa2e32 -> 
  custom:CustomObjectIndexerAttribute: 9a22284fe3817be447336de3de66b15e -> 
  custom:container-demuxer-webm: 4f35f7cbe854078d1ac9338744f61a02 -> 
  custom:container-muxer-webm: aa71ff27fc2769a1b78a27578f13a17b -> 
  custom:video-decoder-webm-vp8: 9c59270c3fd7afecdb556c50c9e8de78 -> 
  custom:SearchIndexIgnoredProperties: e643bd26f0fe6173181afceb89e7c659 -> 
  custom:AudioImporter_EditorPlatform: d09bf68614088b80899f8185d706f6e7 -> 
  custom:video-encoder-webm-vp8: eb34c28f22e8b96e1ab97ce403110664 -> 
  custom:audio-decoder-ogg-vorbis: bf7c407c2cedff20999df2af8eb42d56 -> 
  custom:audio-encoder-webm-vorbis: bf7c407c2cedff20999df2af8eb42d56 -> 
========================================================================
Received Import Request.
  Time since last request: 172146.984631 seconds.
  path: Assets/XR/Resources/XRSimulationRuntimeSettings.asset
  artifactKey: Guid(b4fcaa7c403ebae4088adbfcd26226e9) Importer(815301076,1909f56bfc062723c751e8b465ee728b)
Start importing Assets/XR/Resources/XRSimulationRuntimeSettings.asset using Guid(b4fcaa7c403ebae4088adbfcd26226e9) Importer(815301076,1909f56bfc062723c751e8b465ee728b) [PhysX] Initialized MultithreadedTaskDispatcher with 20 workers.
 -> (artifact id: '034dc9af2da38184110b922ea989f862') in 0.011288 seconds
Number of updated asset objects reloaded before import = 0
Number of asset objects unloaded after import = 1
========================================================================
Received Import Request.
  Time since last request: 1.366796 seconds.
  path: Assets/XR/UserSimulationSettings/SimulationEnvironmentAssetsManager.asset
  artifactKey: Guid(8d0bcc31e1727ec4ba387fdbbe6f72cc) Importer(815301076,1909f56bfc062723c751e8b465ee728b)
Start importing Assets/XR/UserSimulationSettings/SimulationEnvironmentAssetsManager.asset using Guid(8d0bcc31e1727ec4ba387fdbbe6f72cc) Importer(815301076,1909f56bfc062723c751e8b465ee728b) [PhysX] Initialized MultithreadedTaskDispatcher with 20 workers.
 -> (artifact id: 'eab2167b3a86eb1120dd0314fb03f016') in 0.001544 seconds
Number of updated asset objects reloaded before import = 0
Number of asset objects unloaded after import = 1
========================================================================
Received Import Request.
  Time since last request: 0.742964 seconds.
  path: Assets/XR/UserSimulationSettings/Resources/XRSimulationPreferences.asset
  artifactKey: Guid(b7b45bc0960c45245aa3ae4559d29a9e) Importer(815301076,1909f56bfc062723c751e8b465ee728b)
Start importing Assets/XR/UserSimulationSettings/Resources/XRSimulationPreferences.asset using Guid(b7b45bc0960c45245aa3ae4559d29a9e) Importer(815301076,1909f56bfc062723c751e8b465ee728b) [PhysX] Initialized MultithreadedTaskDispatcher with 20 workers.
 -> (artifact id: '09f592b500393b56621c0478a8b8f4c7') in 0.008924 seconds
Number of updated asset objects reloaded before import = 0
Number of asset objects unloaded after import = 39
========================================================================
Received Prepare
Caller must complete domain reload
Begin MonoManager ReloadAssembly
- Loaded All Assemblies, in  0.370 seconds
Native extension for WindowsStandalone target not found
Native extension for Android target not found
[Package Manager] Server::EnsureServerProcessIsRunning -- launch failed, reason: Unity was launched with the -noUpm command-line argument
[Package Manager] UpmClient::Send -- Unable to send message (not connected to UPM process).
[Package Manager] Cannot connect to Unity Package Manager local server
Mono: successfully reloaded assembly
[Package Manager] Server::EnsureServerProcessIsRunning -- launch failed, reason: Unity was launched with the -noUpm command-line argument
[Package Manager] UpmClient::Send -- Unable to send message (not connected to UPM process).
[Package Manager] Cannot connect to Unity Package Manager local server
- Finished resetting the current domain, in  0.746 seconds
Domain Reload Profiling: 1116ms
	BeginReloadAssembly (139ms)
		ExecutionOrderSort (0ms)
		DisableScriptedObjects (4ms)
		BackupInstance (0ms)
		ReleaseScriptingObjects (0ms)
		CreateAndSetChildDomain (32ms)
	RebuildCommonClasses (35ms)
	RebuildNativeTypeToScriptingClass (8ms)
	initialDomainReloadingComplete (19ms)
	LoadAllAssembliesAndSetupDomain (168ms)
		LoadAssemblies (230ms)
		RebuildTransferFunctionScriptingTraits (0ms)
		AnalyzeDomain (15ms)
			TypeCache.Refresh (6ms)
				TypeCache.ScanAssembly (0ms)
			ScanForSourceGeneratedMonoScriptInfo (0ms)
			ResolveRequiredComponents (8ms)
	FinalizeReload (747ms)
		ReleaseScriptCaches (0ms)
		RebuildScriptCaches (0ms)
		SetupLoadedEditorAssemblies (366ms)
			LogAssemblyErrors (0ms)
			InitializePlatformSupportModulesInManaged (11ms)
			SetLoadedEditorAssemblies (2ms)
			RefreshPlugins (0ms)
			BeforeProcessingInitializeOnLoad (47ms)
			ProcessInitializeOnLoadAttributes (280ms)
			ProcessInitializeOnLoadMethodAttributes (24ms)
			AfterProcessingInitializeOnLoad (1ms)
			EditorAssembliesLoaded (0ms)
		ExecutionOrderSort2 (0ms)
		AwakeInstancesAfterBackupRestoration (6ms)
Refreshing native plugins compatible for Editor in 5.10 ms, found 4 plugins.
Preloading 0 native plugins for Editor in 0.00 ms.
Unloading 4456 Unused Serialized files (Serialized files now loaded: 0)
Unloading 21 unused Assets / (1.1 MB). Loaded Objects now: 4945.
Memory consumption went from 150.6 MB to 149.5 MB.
Total: 3.633600 ms (FindLiveObjects: 0.234100 ms CreateObjectMapping: 0.265000 ms MarkObjects: 2.670300 ms  DeleteObjects: 0.462800 ms)

Prepare: number of updated asset objects reloaded= 0
AssetImportParameters requested are different than current active one (requested -> active):
  custom:container-demuxer-ogg: 62fdf1f143b41e24485cea50d1cbac27 -> 
  custom:video-codec-MediaFoundation-h265: 746d11721c4dcdbdad8f713fa42b33f4 -> 
  custom:video-decoder-ogg-theora: a1e56fd34408186e4bbccfd4996cb3dc -> 
  custom:framework-win-MediaFoundation: 216162199b28c13a410421893ffa2e32 -> 
  custom:CustomObjectIndexerAttribute: 9a22284fe3817be447336de3de66b15e -> 
  custom:container-demuxer-webm: 4f35f7cbe854078d1ac9338744f61a02 -> 
  custom:container-muxer-webm: aa71ff27fc2769a1b78a27578f13a17b -> 
  custom:video-decoder-webm-vp8: 9c59270c3fd7afecdb556c50c9e8de78 -> 
  custom:SearchIndexIgnoredProperties: e643bd26f0fe6173181afceb89e7c659 -> 
  custom:AudioImporter_EditorPlatform: d09bf68614088b80899f8185d706f6e7 -> 
  custom:video-encoder-webm-vp8: eb34c28f22e8b96e1ab97ce403110664 -> 
  custom:audio-decoder-ogg-vorbis: bf7c407c2cedff20999df2af8eb42d56 -> 
  custom:audio-encoder-webm-vorbis: bf7c407c2cedff20999df2af8eb42d56 -> 
========================================================================
Received Prepare
Caller must complete domain reload
Begin MonoManager ReloadAssembly
- Loaded All Assemblies, in  0.366 seconds
Native extension for WindowsStandalone target not found
Native extension for Android target not found
[Package Manager] Server::EnsureServerProcessIsRunning -- launch failed, reason: Unity was launched with the -noUpm command-line argument
[Package Manager] UpmClient::Send -- Unable to send message (not connected to UPM process).
[Package Manager] Cannot connect to Unity Package Manager local server
Mono: successfully reloaded assembly
[Package Manager] Server::EnsureServerProcessIsRunning -- launch failed, reason: Unity was launched with the -noUpm command-line argument
[Package Manager] UpmClient::Send -- Unable to send message (not connected to UPM process).
[Package Manager] Cannot connect to Unity Package Manager local server
- Finished resetting the current domain, in  0.797 seconds
Domain Reload Profiling: 1163ms
	BeginReloadAssembly (136ms)
		ExecutionOrderSort (0ms)
		DisableScriptedObjects (6ms)
		BackupInstance (0ms)
		ReleaseScriptingObjects (0ms)
		CreateAndSetChildDomain (26ms)
	RebuildCommonClasses (28ms)
	RebuildNativeTypeToScriptingClass (7ms)
	initialDomainReloadingComplete (18ms)
	LoadAllAssembliesAndSetupDomain (176ms)
		LoadAssemblies (238ms)
		RebuildTransferFunctionScriptingTraits (0ms)
		AnalyzeDomain (13ms)
			TypeCache.Refresh (5ms)
				TypeCache.ScanAssembly (0ms)
			ScanForSourceGeneratedMonoScriptInfo (0ms)
			ResolveRequiredComponents (6ms)
	FinalizeReload (797ms)
		ReleaseScriptCaches (0ms)
		RebuildScriptCaches (0ms)
		SetupLoadedEditorAssemblies (388ms)
			LogAssemblyErrors (0ms)
			InitializePlatformSupportModulesInManaged (11ms)
			SetLoadedEditorAssemblies (2ms)
			RefreshPlugins (0ms)
			BeforeProcessingInitializeOnLoad (45ms)
			ProcessInitializeOnLoadAttributes (302ms)
			ProcessInitializeOnLoadMethodAttributes (26ms)
			AfterProcessingInitializeOnLoad (1ms)
			EditorAssembliesLoaded (0ms)
		ExecutionOrderSort2 (0ms)
		AwakeInstancesAfterBackupRestoration (7ms)
Refreshing native plugins compatible for Editor in 5.11 ms, found 4 plugins.
Preloading 0 native plugins for Editor in 0.00 ms.
Unloading 4457 Unused Serialized files (Serialized files now loaded: 0)
Unloading 21 unused Assets / (1.1 MB). Loaded Objects now: 4949.
Memory consumption went from 150.8 MB to 149.7 MB.
Total: 4.959700 ms (FindLiveObjects: 0.358900 ms CreateObjectMapping: 0.312800 ms MarkObjects: 3.701700 ms  DeleteObjects: 0.585000 ms)

Prepare: number of updated asset objects reloaded= 0
AssetImportParameters requested are different than current active one (requested -> active):
  custom:container-demuxer-ogg: 62fdf1f143b41e24485cea50d1cbac27 -> 
  custom:video-codec-MediaFoundation-h265: 746d11721c4dcdbdad8f713fa42b33f4 -> 
  custom:video-decoder-ogg-theora: a1e56fd34408186e4bbccfd4996cb3dc -> 
  custom:framework-win-MediaFoundation: 216162199b28c13a410421893ffa2e32 -> 
  custom:CustomObjectIndexerAttribute: 9a22284fe3817be447336de3de66b15e -> 
  custom:container-demuxer-webm: 4f35f7cbe854078d1ac9338744f61a02 -> 
  custom:container-muxer-webm: aa71ff27fc2769a1b78a27578f13a17b -> 
  custom:video-decoder-webm-vp8: 9c59270c3fd7afecdb556c50c9e8de78 -> 
  custom:SearchIndexIgnoredProperties: e643bd26f0fe6173181afceb89e7c659 -> 
  custom:AudioImporter_EditorPlatform: d09bf68614088b80899f8185d706f6e7 -> 
  custom:video-encoder-webm-vp8: eb34c28f22e8b96e1ab97ce403110664 -> 
  custom:audio-decoder-ogg-vorbis: bf7c407c2cedff20999df2af8eb42d56 -> 
  custom:audio-encoder-webm-vorbis: bf7c407c2cedff20999df2af8eb42d56 -> 
========================================================================
Received Prepare
Caller must complete domain reload
Begin MonoManager ReloadAssembly
- Loaded All Assemblies, in  0.344 seconds
Native extension for WindowsStandalone target not found
Native extension for Android target not found
[Package Manager] Server::EnsureServerProcessIsRunning -- launch failed, reason: Unity was launched with the -noUpm command-line argument
[Package Manager] UpmClient::Send -- Unable to send message (not connected to UPM process).
[Package Manager] Cannot connect to Unity Package Manager local server
Mono: successfully reloaded assembly
[Package Manager] Server::EnsureServerProcessIsRunning -- launch failed, reason: Unity was launched with the -noUpm command-line argument
[Package Manager] UpmClient::Send -- Unable to send message (not connected to UPM process).
[Package Manager] Cannot connect to Unity Package Manager local server
- Finished resetting the current domain, in  0.834 seconds
Domain Reload Profiling: 1178ms
	BeginReloadAssembly (129ms)
		ExecutionOrderSort (0ms)
		DisableScriptedObjects (3ms)
		BackupInstance (0ms)
		ReleaseScriptingObjects (0ms)
		CreateAndSetChildDomain (25ms)
	RebuildCommonClasses (26ms)
	RebuildNativeTypeToScriptingClass (8ms)
	initialDomainReloadingComplete (18ms)
	LoadAllAssembliesAndSetupDomain (162ms)
		LoadAssemblies (226ms)
		RebuildTransferFunctionScriptingTraits (0ms)
		AnalyzeDomain (12ms)
			TypeCache.Refresh (5ms)
				TypeCache.ScanAssembly (0ms)
			ScanForSourceGeneratedMonoScriptInfo (0ms)
			ResolveRequiredComponents (6ms)
	FinalizeReload (835ms)
		ReleaseScriptCaches (0ms)
		RebuildScriptCaches (0ms)
		SetupLoadedEditorAssemblies (419ms)
			LogAssemblyErrors (0ms)
			InitializePlatformSupportModulesInManaged (11ms)
			SetLoadedEditorAssemblies (3ms)
			RefreshPlugins (0ms)
			BeforeProcessingInitializeOnLoad (50ms)
			ProcessInitializeOnLoadAttributes (321ms)
			ProcessInitializeOnLoadMethodAttributes (32ms)
			AfterProcessingInitializeOnLoad (2ms)
			EditorAssembliesLoaded (0ms)
		ExecutionOrderSort2 (0ms)
		AwakeInstancesAfterBackupRestoration (6ms)
Refreshing native plugins compatible for Editor in 4.66 ms, found 4 plugins.
Preloading 0 native plugins for Editor in 0.00 ms.
Unloading 4457 Unused Serialized files (Serialized files now loaded: 0)
Unloading 21 unused Assets / (1.2 MB). Loaded Objects now: 4953.
Memory consumption went from 150.9 MB to 149.7 MB.
Total: 4.965000 ms (FindLiveObjects: 0.355200 ms CreateObjectMapping: 0.216700 ms MarkObjects: 3.500900 ms  DeleteObjects: 0.891000 ms)

Prepare: number of updated asset objects reloaded= 0
AssetImportParameters requested are different than current active one (requested -> active):
  custom:container-demuxer-ogg: 62fdf1f143b41e24485cea50d1cbac27 -> 
  custom:video-codec-MediaFoundation-h265: 746d11721c4dcdbdad8f713fa42b33f4 -> 
  custom:video-decoder-ogg-theora: a1e56fd34408186e4bbccfd4996cb3dc -> 
  custom:framework-win-MediaFoundation: 216162199b28c13a410421893ffa2e32 -> 
  custom:CustomObjectIndexerAttribute: 9a22284fe3817be447336de3de66b15e -> 
  custom:container-demuxer-webm: 4f35f7cbe854078d1ac9338744f61a02 -> 
  custom:container-muxer-webm: aa71ff27fc2769a1b78a27578f13a17b -> 
  custom:video-decoder-webm-vp8: 9c59270c3fd7afecdb556c50c9e8de78 -> 
  custom:SearchIndexIgnoredProperties: e643bd26f0fe6173181afceb89e7c659 -> 
  custom:AudioImporter_EditorPlatform: d09bf68614088b80899f8185d706f6e7 -> 
  custom:video-encoder-webm-vp8: eb34c28f22e8b96e1ab97ce403110664 -> 
  custom:audio-decoder-ogg-vorbis: bf7c407c2cedff20999df2af8eb42d56 -> 
  custom:audio-encoder-webm-vorbis: bf7c407c2cedff20999df2af8eb42d56 -> 
========================================================================
Received Prepare
Caller must complete domain reload
Begin MonoManager ReloadAssembly
- Loaded All Assemblies, in  0.766 seconds
Native extension for WindowsStandalone target not found
Native extension for Android target not found
[Package Manager] Server::EnsureServerProcessIsRunning -- launch failed, reason: Unity was launched with the -noUpm command-line argument
[Package Manager] UpmClient::Send -- Unable to send message (not connected to UPM process).
[Package Manager] Cannot connect to Unity Package Manager local server
Mono: successfully reloaded assembly
[Package Manager] Server::EnsureServerProcessIsRunning -- launch failed, reason: Unity was launched with the -noUpm command-line argument
[Package Manager] UpmClient::Send -- Unable to send message (not connected to UPM process).
[Package Manager] Cannot connect to Unity Package Manager local server
- Finished resetting the current domain, in  1.632 seconds
Domain Reload Profiling: 2399ms
	BeginReloadAssembly (196ms)
		ExecutionOrderSort (0ms)
		DisableScriptedObjects (6ms)
		BackupInstance (0ms)
		ReleaseScriptingObjects (0ms)
		CreateAndSetChildDomain (57ms)
	RebuildCommonClasses (29ms)
	RebuildNativeTypeToScriptingClass (11ms)
	initialDomainReloadingComplete (24ms)
	LoadAllAssembliesAndSetupDomain (505ms)
		LoadAssemblies (551ms)
		RebuildTransferFunctionScriptingTraits (0ms)
		AnalyzeDomain (47ms)
			TypeCache.Refresh (17ms)
				TypeCache.ScanAssembly (2ms)
			ScanForSourceGeneratedMonoScriptInfo (21ms)
			ResolveRequiredComponents (7ms)
	FinalizeReload (1633ms)
		ReleaseScriptCaches (0ms)
		RebuildScriptCaches (0ms)
		SetupLoadedEditorAssemblies (422ms)
			LogAssemblyErrors (0ms)
			InitializePlatformSupportModulesInManaged (14ms)
			SetLoadedEditorAssemblies (4ms)
			RefreshPlugins (0ms)
			BeforeProcessingInitializeOnLoad (53ms)
			ProcessInitializeOnLoadAttributes (314ms)
			ProcessInitializeOnLoadMethodAttributes (36ms)
			AfterProcessingInitializeOnLoad (1ms)
			EditorAssembliesLoaded (0ms)
		ExecutionOrderSort2 (0ms)
		AwakeInstancesAfterBackupRestoration (5ms)
Refreshing native plugins compatible for Editor in 5.40 ms, found 4 plugins.
Preloading 0 native plugins for Editor in 0.00 ms.
Unloading 4523 Unused Serialized files (Serialized files now loaded: 0)
Unloading 23 unused Assets / (1.2 MB). Loaded Objects now: 5023.
Memory consumption went from 152.6 MB to 151.4 MB.
Total: 4.857200 ms (FindLiveObjects: 0.242300 ms CreateObjectMapping: 0.118700 ms MarkObjects: 4.022100 ms  DeleteObjects: 0.472300 ms)

Prepare: number of updated asset objects reloaded= 0
AssetImportParameters requested are different than current active one (requested -> active):
  custom:scripting/monoscript/fileName/ArRecordingConfig.cs: dfdb22d280f26bff6727fe6f9c34f9d1 -> 
  custom:scripting/monoscript/fileName/ArCoreImg.cs: 284f8bc57305622727946cdceadb2cef -> 
  custom:scripting/monoscript/fileName/Cli.cs: f278fa05dc0a28f05b8e56cf7a587c31 -> d287e08b50f2cb135aa4d7f8e01b7ef9
  custom:container-demuxer-ogg: 62fdf1f143b41e24485cea50d1cbac27 -> 
  custom:scripting/monoscript/fileName/ARCoreAnchorSubsystem.cs: 8fd89380878aa630c35614c13d4b70e4 -> 
  custom:scripting/monoscript/fileName/ARCoreSessionSubsystem.cs: 0499cfac149f3ba6a8678a379c5077a0 -> 
  custom:scripting/monoscript/fileName/ARCoreOcclusionSubsystem.cs: 2a111039ddadb09f587c28ae3f37fc2b -> 
  custom:scripting/monoscript/fileName/ARCoreXRPointCloudSubsystem.cs: a817e9a702204b3fa3e30b3243847693 -> 
  custom:scripting/monoscript/fileName/Gradle.cs: f2ad869b521aeebb9f3c8c6665622b87 -> 
  custom:video-codec-MediaFoundation-h265: 746d11721c4dcdbdad8f713fa42b33f4 -> 
  custom:scripting/monoscript/fileName/ImageConversionJobs.cs: 5daa4e6aadb43a7b9057d64b0ba5d568 -> 
  custom:video-decoder-ogg-theora: a1e56fd34408186e4bbccfd4996cb3dc -> 
  custom:scripting/monoscript/fileName/HashCodeUtil.cs: 3ac2012e517078f051611cc23e19a706 -> ee7a4f9a9650d3c7f74eced4bfed8831
  custom:framework-win-MediaFoundation: 216162199b28c13a410421893ffa2e32 -> 
  custom:scripting/monoscript/fileName/ArSession.cs: dc9c4d04514fe088f4acb3a600cfa61f -> 
  custom:scripting/monoscript/fileName/ArPlaybackStatus.cs: f77b11c84a00703de9d452d424518caa -> 
  custom:scripting/monoscript/fileName/ManagedReferenceImage.cs: 3f74dd150e48d66b5dd8288f3c3e1c34 -> 
  custom:scripting/monoscript/fileName/ARCoreImageTrackingSubsystem.cs: 39d814b8b12f50336c43db8ce6f8ee94 -> 
  custom:scripting/monoscript/fileName/ARCorePackageMetadata.cs: 1751e19b3bc5d304ce814e7f02fa6d47 -> 
  custom:scripting/monoscript/fileName/ARCorePromise.cs: 90647cc400823b41df847a6cbfc29026 -> 
  custom:scripting/monoscript/fileName/ArCameraConfigFilter.cs: b80d5ef788f451fa06963271e9d59efb -> 
  custom:scripting/monoscript/fileName/NativeView.cs: 4afb79670cf27530a179f070ba3fe9aa -> 
  custom:scripting/monoscript/fileName/ARCoreLoader.cs: 2c650baba67f1e04bc070894acda684f -> 
  custom:scripting/monoscript/fileName/ARCoreXRDepthSubsystem.deprecated.cs: 9f24fee25a0b08179d7d1cb09e2e51f5 -> 
  custom:scripting/monoscript/fileName/ARCoreEnvironmentProbeSubsystem.cs: 1b868584605b2895b3934baf5f9f6033 -> 
  custom:CustomObjectIndexerAttribute: 9a22284fe3817be447336de3de66b15e -> 
  custom:scripting/monoscript/fileName/ARCoreBuildProcessor.cs: d9eab941277ca6504aeebd69836dd8b0 -> 
  custom:scripting/monoscript/fileName/ARCoreBeforeGetCameraConfigurationEventArgs.cs: 8e2a6fe308d51ad1f6b16c500dc5dfb3 -> 
  custom:scripting/monoscript/fileName/ARCorePlaneSubsystem.cs: d2278eda10dae0fc36c44eee439649a4 -> 
  custom:container-demuxer-webm: 4f35f7cbe854078d1ac9338744f61a02 -> 
  custom:scripting/monoscript/fileName/ARCoreSettingsProvider.cs: 79c816e2cf7b68babc51565d8a334acf -> 
  custom:scripting/monoscript/fileName/ARCoreRaycastSubsystem.cs: 4746ee3ed0cece0abfde776c634af447 -> 
  custom:scripting/monoscript/fileName/ARCoreFaceSubsystem.cs: c496ea8c93654d4c22c4220a77e9a21d -> 
  custom:scripting/monoscript/fileName/ArCameraConfig.cs: 4a875ddea718888a33e0d31342770b8d -> 
  custom:scripting/monoscript/fileName/Java.cs: 23333680cb2e70ba8bbce74628d877c3 -> 
  custom:scripting/monoscript/fileName/ARCoreLoaderConstants.cs: 1ca2b374b9eebdabc880c6eec02abfbe -> 
  custom:scripting/monoscript/fileName/RcoApi.cs: 1b7d1343bf82f11ff12a2ad830cbbf88 -> 
  custom:scripting/monoscript/fileName/ARCoreLoaderSettings.cs: 98d75423d90e6a85b8a5d383cd4fad48 -> 
  custom:scripting/monoscript/fileName/ArPrestoApi.cs: 102320236e333507f3c23510cf5fedf0 -> 
  custom:container-muxer-webm: aa71ff27fc2769a1b78a27578f13a17b -> 
  custom:scripting/monoscript/fileName/ArString.cs: a85954ac20e0c75f9dbcbebac19f7fbf -> 
  custom:video-decoder-webm-vp8: 9c59270c3fd7afecdb556c50c9e8de78 -> 
  custom:scripting/monoscript/fileName/NativeObject.cs: 1c83a6ff9bdb6f537b0ca273504b9cb1 -> 
  custom:scripting/precompiled-assembly-types:Unity.XR.ARCore.Editor: 02c2db43342c23e4477f9d7b07b95cb5 -> 
  custom:scripting/monoscript/fileName/ARCoreBeforeSetConfigurationEventArgs.cs: 234cd91ed3cdf60645705e8837e7e78d -> 
  custom:scripting/monoscript/fileName/ARCoreCameraSubsystem.cs: 2cce9a0f290d5c7a0cb70e2a3b0af3ab -> 
  custom:SearchIndexIgnoredProperties: e643bd26f0fe6173181afceb89e7c659 -> 
  custom:AudioImporter_EditorPlatform: d09bf68614088b80899f8185d706f6e7 -> 
  custom:scripting/monoscript/fileName/InputLayoutLoader.cs: 2980c1660657b98176f57e2070c5cb69 -> a6fad719a67e63b0838341df7c073961
  custom:scripting/monoscript/fileName/ARCoreImageDatabase.cs: 7f7d7783973546d2000bf9aa32566b8f -> 
  custom:scripting/monoscript/fileName/StringExtensions.cs: 6f6c226b1c73c5132416ef95ad867308 -> 0a3ecf20ea398b07067a97ad700896f0
  custom:scripting/monoscript/fileName/ARCoreSettings.cs: 40690c9c4969c061c980f80d35c3e6fb -> 
  custom:scripting/monoscript/fileName/ArRecordingStatus.cs: 1e851bf64f38781ab761ff7585b2fc01 -> 
  custom:video-encoder-webm-vp8: eb34c28f22e8b96e1ab97ce403110664 -> 
  custom:scripting/monoscript/fileName/ARCoreProjectValidationRules.cs: eeb621f554a206cb3c7975cb72a27397 -> 
  custom:audio-decoder-ogg-vorbis: bf7c407c2cedff20999df2af8eb42d56 -> 
  custom:scripting/monoscript/fileName/ArConfig.cs: 3fcec3d7584809d01b43e09f93c614f3 -> 
  custom:scripting/precompiled-assembly-types:Unity.XR.ARCore: 905f88ea8a843a72f400d724a929b837 -> 
  custom:scripting/monoscript/fileName/ARCoreFaceRegionData.cs: c3e1f4c128987c270a2af588eecf348c -> 
  custom:audio-encoder-webm-vorbis: bf7c407c2cedff20999df2af8eb42d56 -> 
  custom:scripting/monoscript/fileName/ARCoreApi.cs: b7be0b56411f0cdcb6a1075249abb802 -> 
  custom:scripting/monoscript/fileName/ARCorePermissionManager.cs: 532f7d03090ae14ae9bbbd403c359df8 -> 
  custom:scripting/monoscript/fileName/ARCoreImageLibraryBuildProcessor.cs: 3f33f565654fcd80e4aa61a92c2169a1 -> 
  custom:scripting/monoscript/fileName/ARCoreCpuImageApi.cs: 7e0d7ea0378a04357bca45463bebfe57 -> 
========================================================================
Received Prepare
Caller must complete domain reload
Begin MonoManager ReloadAssembly
- Loaded All Assemblies, in  0.393 seconds
Native extension for WindowsStandalone target not found
Native extension for Android target not found
[Package Manager] Server::EnsureServerProcessIsRunning -- launch failed, reason: Unity was launched with the -noUpm command-line argument
[Package Manager] UpmClient::Send -- Unable to send message (not connected to UPM process).
[Package Manager] Cannot connect to Unity Package Manager local server
Mono: successfully reloaded assembly
[Package Manager] Server::EnsureServerProcessIsRunning -- launch failed, reason: Unity was launched with the -noUpm command-line argument
[Package Manager] UpmClient::Send -- Unable to send message (not connected to UPM process).
[Package Manager] Cannot connect to Unity Package Manager local server
- Finished resetting the current domain, in  0.925 seconds
Domain Reload Profiling: 1319ms
	BeginReloadAssembly (151ms)
		ExecutionOrderSort (0ms)
		DisableScriptedObjects (3ms)
		BackupInstance (0ms)
		ReleaseScriptingObjects (0ms)
		CreateAndSetChildDomain (28ms)
	RebuildCommonClasses (29ms)
	RebuildNativeTypeToScriptingClass (9ms)
	initialDomainReloadingComplete (19ms)
	LoadAllAssembliesAndSetupDomain (186ms)
		LoadAssemblies (267ms)
		RebuildTransferFunctionScriptingTraits (0ms)
		AnalyzeDomain (14ms)
			TypeCache.Refresh (6ms)
				TypeCache.ScanAssembly (0ms)
			ScanForSourceGeneratedMonoScriptInfo (0ms)
			ResolveRequiredComponents (7ms)
	FinalizeReload (926ms)
		ReleaseScriptCaches (0ms)
		RebuildScriptCaches (0ms)
		SetupLoadedEditorAssemblies (454ms)
			LogAssemblyErrors (0ms)
			InitializePlatformSupportModulesInManaged (15ms)
			SetLoadedEditorAssemblies (3ms)
			RefreshPlugins (0ms)
			BeforeProcessingInitializeOnLoad (61ms)
			ProcessInitializeOnLoadAttributes (333ms)
			ProcessInitializeOnLoadMethodAttributes (38ms)
			AfterProcessingInitializeOnLoad (4ms)
			EditorAssembliesLoaded (0ms)
		ExecutionOrderSort2 (0ms)
		AwakeInstancesAfterBackupRestoration (10ms)
Refreshing native plugins compatible for Editor in 5.73 ms, found 4 plugins.
Preloading 0 native plugins for Editor in 0.00 ms.
Unloading 4523 Unused Serialized files (Serialized files now loaded: 0)
Unloading 23 unused Assets / (1.2 MB). Loaded Objects now: 5029.
Memory consumption went from 152.6 MB to 151.4 MB.
Total: 4.693700 ms (FindLiveObjects: 0.388200 ms CreateObjectMapping: 0.254000 ms MarkObjects: 3.501800 ms  DeleteObjects: 0.548200 ms)

Prepare: number of updated asset objects reloaded= 0
AssetImportParameters requested are different than current active one (requested -> active):
  custom:scripting/monoscript/fileName/ArRecordingConfig.cs: dfdb22d280f26bff6727fe6f9c34f9d1 -> 
  custom:scripting/monoscript/fileName/ArCoreImg.cs: 284f8bc57305622727946cdceadb2cef -> 
  custom:scripting/monoscript/fileName/Cli.cs: f278fa05dc0a28f05b8e56cf7a587c31 -> d287e08b50f2cb135aa4d7f8e01b7ef9
  custom:container-demuxer-ogg: 62fdf1f143b41e24485cea50d1cbac27 -> 
  custom:scripting/monoscript/fileName/ARCoreAnchorSubsystem.cs: 8fd89380878aa630c35614c13d4b70e4 -> 
  custom:scripting/monoscript/fileName/ARCoreSessionSubsystem.cs: 0499cfac149f3ba6a8678a379c5077a0 -> 
  custom:scripting/monoscript/fileName/ARCoreOcclusionSubsystem.cs: 2a111039ddadb09f587c28ae3f37fc2b -> 
  custom:scripting/monoscript/fileName/ARCoreXRPointCloudSubsystem.cs: a817e9a702204b3fa3e30b3243847693 -> 
  custom:scripting/monoscript/fileName/Gradle.cs: f2ad869b521aeebb9f3c8c6665622b87 -> 
  custom:video-codec-MediaFoundation-h265: 746d11721c4dcdbdad8f713fa42b33f4 -> 
  custom:scripting/monoscript/fileName/ImageConversionJobs.cs: 5daa4e6aadb43a7b9057d64b0ba5d568 -> 
  custom:video-decoder-ogg-theora: a1e56fd34408186e4bbccfd4996cb3dc -> 
  custom:scripting/monoscript/fileName/HashCodeUtil.cs: 3ac2012e517078f051611cc23e19a706 -> ee7a4f9a9650d3c7f74eced4bfed8831
  custom:framework-win-MediaFoundation: 216162199b28c13a410421893ffa2e32 -> 
  custom:scripting/monoscript/fileName/ArSession.cs: dc9c4d04514fe088f4acb3a600cfa61f -> 
  custom:scripting/monoscript/fileName/ArPlaybackStatus.cs: f77b11c84a00703de9d452d424518caa -> 
  custom:scripting/monoscript/fileName/ManagedReferenceImage.cs: 3f74dd150e48d66b5dd8288f3c3e1c34 -> 
  custom:scripting/monoscript/fileName/ARCoreImageTrackingSubsystem.cs: 39d814b8b12f50336c43db8ce6f8ee94 -> 
  custom:scripting/monoscript/fileName/ARCorePackageMetadata.cs: 1751e19b3bc5d304ce814e7f02fa6d47 -> 
  custom:scripting/monoscript/fileName/ARCorePromise.cs: 90647cc400823b41df847a6cbfc29026 -> 
  custom:scripting/monoscript/fileName/ArCameraConfigFilter.cs: b80d5ef788f451fa06963271e9d59efb -> 
  custom:scripting/monoscript/fileName/NativeView.cs: 4afb79670cf27530a179f070ba3fe9aa -> 
  custom:scripting/monoscript/fileName/ARCoreLoader.cs: 2c650baba67f1e04bc070894acda684f -> 
  custom:scripting/monoscript/fileName/ARCoreXRDepthSubsystem.deprecated.cs: 9f24fee25a0b08179d7d1cb09e2e51f5 -> 
  custom:scripting/monoscript/fileName/ARCoreEnvironmentProbeSubsystem.cs: 1b868584605b2895b3934baf5f9f6033 -> 
  custom:CustomObjectIndexerAttribute: 9a22284fe3817be447336de3de66b15e -> 
  custom:scripting/monoscript/fileName/ARCoreBuildProcessor.cs: d9eab941277ca6504aeebd69836dd8b0 -> 
  custom:scripting/monoscript/fileName/ARCoreBeforeGetCameraConfigurationEventArgs.cs: 8e2a6fe308d51ad1f6b16c500dc5dfb3 -> 
  custom:scripting/monoscript/fileName/ARCorePlaneSubsystem.cs: d2278eda10dae0fc36c44eee439649a4 -> 
  custom:container-demuxer-webm: 4f35f7cbe854078d1ac9338744f61a02 -> 
  custom:scripting/monoscript/fileName/ARCoreSettingsProvider.cs: 79c816e2cf7b68babc51565d8a334acf -> 
  custom:scripting/monoscript/fileName/ARCoreRaycastSubsystem.cs: 4746ee3ed0cece0abfde776c634af447 -> 
  custom:scripting/monoscript/fileName/ARCoreFaceSubsystem.cs: c496ea8c93654d4c22c4220a77e9a21d -> 
  custom:scripting/monoscript/fileName/ArCameraConfig.cs: 4a875ddea718888a33e0d31342770b8d -> 
  custom:scripting/monoscript/fileName/Java.cs: 23333680cb2e70ba8bbce74628d877c3 -> 
  custom:scripting/monoscript/fileName/ARCoreLoaderConstants.cs: 1ca2b374b9eebdabc880c6eec02abfbe -> 
  custom:scripting/monoscript/fileName/RcoApi.cs: 1b7d1343bf82f11ff12a2ad830cbbf88 -> 
  custom:scripting/monoscript/fileName/ARCoreLoaderSettings.cs: 98d75423d90e6a85b8a5d383cd4fad48 -> 
  custom:scripting/monoscript/fileName/ArPrestoApi.cs: 102320236e333507f3c23510cf5fedf0 -> 
  custom:container-muxer-webm: aa71ff27fc2769a1b78a27578f13a17b -> 
  custom:scripting/monoscript/fileName/ArString.cs: a85954ac20e0c75f9dbcbebac19f7fbf -> 
  custom:video-decoder-webm-vp8: 9c59270c3fd7afecdb556c50c9e8de78 -> 
  custom:scripting/monoscript/fileName/NativeObject.cs: 1c83a6ff9bdb6f537b0ca273504b9cb1 -> 
  custom:scripting/precompiled-assembly-types:Unity.XR.ARCore.Editor: 02c2db43342c23e4477f9d7b07b95cb5 -> 
  custom:scripting/monoscript/fileName/ARCoreBeforeSetConfigurationEventArgs.cs: 234cd91ed3cdf60645705e8837e7e78d -> 
  custom:scripting/monoscript/fileName/ARCoreCameraSubsystem.cs: 2cce9a0f290d5c7a0cb70e2a3b0af3ab -> 
  custom:SearchIndexIgnoredProperties: e643bd26f0fe6173181afceb89e7c659 -> 
  custom:AudioImporter_EditorPlatform: d09bf68614088b80899f8185d706f6e7 -> 
  custom:scripting/monoscript/fileName/InputLayoutLoader.cs: 2980c1660657b98176f57e2070c5cb69 -> a6fad719a67e63b0838341df7c073961
  custom:scripting/monoscript/fileName/ARCoreImageDatabase.cs: 7f7d7783973546d2000bf9aa32566b8f -> 
  custom:scripting/monoscript/fileName/StringExtensions.cs: 6f6c226b1c73c5132416ef95ad867308 -> 0a3ecf20ea398b07067a97ad700896f0
  custom:scripting/monoscript/fileName/ARCoreSettings.cs: 40690c9c4969c061c980f80d35c3e6fb -> 
  custom:scripting/monoscript/fileName/ArRecordingStatus.cs: 1e851bf64f38781ab761ff7585b2fc01 -> 
  custom:video-encoder-webm-vp8: eb34c28f22e8b96e1ab97ce403110664 -> 
  custom:scripting/monoscript/fileName/ARCoreProjectValidationRules.cs: eeb621f554a206cb3c7975cb72a27397 -> 
  custom:audio-decoder-ogg-vorbis: bf7c407c2cedff20999df2af8eb42d56 -> 
  custom:scripting/monoscript/fileName/ArConfig.cs: 3fcec3d7584809d01b43e09f93c614f3 -> 
  custom:scripting/precompiled-assembly-types:Unity.XR.ARCore: 905f88ea8a843a72f400d724a929b837 -> 
  custom:scripting/monoscript/fileName/ARCoreFaceRegionData.cs: c3e1f4c128987c270a2af588eecf348c -> 
  custom:audio-encoder-webm-vorbis: bf7c407c2cedff20999df2af8eb42d56 -> 
  custom:scripting/monoscript/fileName/ARCoreApi.cs: b7be0b56411f0cdcb6a1075249abb802 -> 
  custom:scripting/monoscript/fileName/ARCorePermissionManager.cs: 532f7d03090ae14ae9bbbd403c359df8 -> 
  custom:scripting/monoscript/fileName/ARCoreImageLibraryBuildProcessor.cs: 3f33f565654fcd80e4aa61a92c2169a1 -> 
  custom:scripting/monoscript/fileName/ARCoreCpuImageApi.cs: 7e0d7ea0378a04357bca45463bebfe57 -> 
========================================================================
Received Prepare
Refreshing native plugins compatible for Editor in 5.73 ms, found 4 plugins.
Preloading 0 native plugins for Editor in 0.00 ms.
Unloading 9 Unused Serialized files (Serialized files now loaded: 0)
Unloading 9 unused Assets / (1.2 MB). Loaded Objects now: 5029.
Memory consumption went from 82.5 MB to 81.3 MB.
Total: 5.643800 ms (FindLiveObjects: 0.292700 ms CreateObjectMapping: 0.235700 ms MarkObjects: 3.993200 ms  DeleteObjects: 1.120100 ms)

Prepare: number of updated asset objects reloaded= 0
AssetImportParameters requested are different than current active one (requested -> active):
  custom:scripting/monoscript/fileName/ArRecordingConfig.cs: dfdb22d280f26bff6727fe6f9c34f9d1 -> 
  custom:scripting/monoscript/fileName/ArCoreImg.cs: 284f8bc57305622727946cdceadb2cef -> 
  custom:scripting/monoscript/fileName/Cli.cs: f278fa05dc0a28f05b8e56cf7a587c31 -> d287e08b50f2cb135aa4d7f8e01b7ef9
  custom:container-demuxer-ogg: 62fdf1f143b41e24485cea50d1cbac27 -> 
  custom:scripting/monoscript/fileName/ARCoreAnchorSubsystem.cs: 8fd89380878aa630c35614c13d4b70e4 -> 
  custom:scripting/monoscript/fileName/ARCoreSessionSubsystem.cs: 0499cfac149f3ba6a8678a379c5077a0 -> 
  custom:scripting/monoscript/fileName/ARCoreOcclusionSubsystem.cs: 2a111039ddadb09f587c28ae3f37fc2b -> 
  custom:scripting/monoscript/fileName/ARCoreXRPointCloudSubsystem.cs: a817e9a702204b3fa3e30b3243847693 -> 
  custom:scripting/monoscript/fileName/Gradle.cs: f2ad869b521aeebb9f3c8c6665622b87 -> 
  custom:video-codec-MediaFoundation-h265: 746d11721c4dcdbdad8f713fa42b33f4 -> 
  custom:scripting/monoscript/fileName/ImageConversionJobs.cs: 5daa4e6aadb43a7b9057d64b0ba5d568 -> 
  custom:video-decoder-ogg-theora: a1e56fd34408186e4bbccfd4996cb3dc -> 
  custom:scripting/monoscript/fileName/HashCodeUtil.cs: 3ac2012e517078f051611cc23e19a706 -> ee7a4f9a9650d3c7f74eced4bfed8831
  custom:framework-win-MediaFoundation: 216162199b28c13a410421893ffa2e32 -> 
  custom:scripting/monoscript/fileName/ArSession.cs: dc9c4d04514fe088f4acb3a600cfa61f -> 
  custom:scripting/monoscript/fileName/ArPlaybackStatus.cs: f77b11c84a00703de9d452d424518caa -> 
  custom:scripting/monoscript/fileName/ManagedReferenceImage.cs: 3f74dd150e48d66b5dd8288f3c3e1c34 -> 
  custom:scripting/monoscript/fileName/ARCoreImageTrackingSubsystem.cs: 39d814b8b12f50336c43db8ce6f8ee94 -> 
  custom:scripting/monoscript/fileName/ARCorePackageMetadata.cs: 1751e19b3bc5d304ce814e7f02fa6d47 -> 
  custom:scripting/monoscript/fileName/ARCorePromise.cs: 90647cc400823b41df847a6cbfc29026 -> 
  custom:scripting/monoscript/fileName/ArCameraConfigFilter.cs: b80d5ef788f451fa06963271e9d59efb -> 
  custom:scripting/monoscript/fileName/NativeView.cs: 4afb79670cf27530a179f070ba3fe9aa -> 
  custom:scripting/monoscript/fileName/ARCoreLoader.cs: 2c650baba67f1e04bc070894acda684f -> 
  custom:scripting/monoscript/fileName/ARCoreXRDepthSubsystem.deprecated.cs: 9f24fee25a0b08179d7d1cb09e2e51f5 -> 
  custom:scripting/monoscript/fileName/ARCoreEnvironmentProbeSubsystem.cs: 1b868584605b2895b3934baf5f9f6033 -> 
  custom:CustomObjectIndexerAttribute: 9a22284fe3817be447336de3de66b15e -> 
  custom:scripting/monoscript/fileName/ARCoreBuildProcessor.cs: d9eab941277ca6504aeebd69836dd8b0 -> 
  custom:scripting/monoscript/fileName/ARCoreBeforeGetCameraConfigurationEventArgs.cs: 8e2a6fe308d51ad1f6b16c500dc5dfb3 -> 
  custom:scripting/monoscript/fileName/ARCorePlaneSubsystem.cs: d2278eda10dae0fc36c44eee439649a4 -> 
  custom:container-demuxer-webm: 4f35f7cbe854078d1ac9338744f61a02 -> 
  custom:scripting/monoscript/fileName/ARCoreSettingsProvider.cs: 79c816e2cf7b68babc51565d8a334acf -> 
  custom:scripting/monoscript/fileName/ARCoreRaycastSubsystem.cs: 4746ee3ed0cece0abfde776c634af447 -> 
  custom:scripting/monoscript/fileName/ARCoreFaceSubsystem.cs: c496ea8c93654d4c22c4220a77e9a21d -> 
  custom:scripting/monoscript/fileName/ArCameraConfig.cs: 4a875ddea718888a33e0d31342770b8d -> 
  custom:scripting/monoscript/fileName/Java.cs: 23333680cb2e70ba8bbce74628d877c3 -> 
  custom:scripting/monoscript/fileName/ARCoreLoaderConstants.cs: 1ca2b374b9eebdabc880c6eec02abfbe -> 
  custom:scripting/monoscript/fileName/RcoApi.cs: 1b7d1343bf82f11ff12a2ad830cbbf88 -> 
  custom:scripting/monoscript/fileName/ARCoreLoaderSettings.cs: 98d75423d90e6a85b8a5d383cd4fad48 -> 
  custom:scripting/monoscript/fileName/ArPrestoApi.cs: 102320236e333507f3c23510cf5fedf0 -> 
  custom:container-muxer-webm: aa71ff27fc2769a1b78a27578f13a17b -> 
  custom:scripting/monoscript/fileName/ArString.cs: a85954ac20e0c75f9dbcbebac19f7fbf -> 
  custom:video-decoder-webm-vp8: 9c59270c3fd7afecdb556c50c9e8de78 -> 
  custom:scripting/monoscript/fileName/NativeObject.cs: 1c83a6ff9bdb6f537b0ca273504b9cb1 -> 
  custom:scripting/precompiled-assembly-types:Unity.XR.ARCore.Editor: 02c2db43342c23e4477f9d7b07b95cb5 -> 
  custom:scripting/monoscript/fileName/ARCoreBeforeSetConfigurationEventArgs.cs: 234cd91ed3cdf60645705e8837e7e78d -> 
  custom:scripting/monoscript/fileName/ARCoreCameraSubsystem.cs: 2cce9a0f290d5c7a0cb70e2a3b0af3ab -> 
  custom:SearchIndexIgnoredProperties: e643bd26f0fe6173181afceb89e7c659 -> 
  custom:AudioImporter_EditorPlatform: d09bf68614088b80899f8185d706f6e7 -> 
  custom:scripting/monoscript/fileName/InputLayoutLoader.cs: 2980c1660657b98176f57e2070c5cb69 -> a6fad719a67e63b0838341df7c073961
  custom:scripting/monoscript/fileName/ARCoreImageDatabase.cs: 7f7d7783973546d2000bf9aa32566b8f -> 
  custom:scripting/monoscript/fileName/StringExtensions.cs: 6f6c226b1c73c5132416ef95ad867308 -> 0a3ecf20ea398b07067a97ad700896f0
  custom:scripting/monoscript/fileName/ARCoreSettings.cs: 40690c9c4969c061c980f80d35c3e6fb -> 
  custom:scripting/monoscript/fileName/ArRecordingStatus.cs: 1e851bf64f38781ab761ff7585b2fc01 -> 
  custom:video-encoder-webm-vp8: eb34c28f22e8b96e1ab97ce403110664 -> 
  custom:scripting/monoscript/fileName/ARCoreProjectValidationRules.cs: eeb621f554a206cb3c7975cb72a27397 -> 
  custom:audio-decoder-ogg-vorbis: bf7c407c2cedff20999df2af8eb42d56 -> 
  custom:scripting/monoscript/fileName/ArConfig.cs: 3fcec3d7584809d01b43e09f93c614f3 -> 
  custom:scripting/precompiled-assembly-types:Unity.XR.ARCore: 905f88ea8a843a72f400d724a929b837 -> 
  custom:scripting/monoscript/fileName/ARCoreFaceRegionData.cs: c3e1f4c128987c270a2af588eecf348c -> 
  custom:audio-encoder-webm-vorbis: bf7c407c2cedff20999df2af8eb42d56 -> 
  custom:scripting/monoscript/fileName/ARCoreApi.cs: b7be0b56411f0cdcb6a1075249abb802 -> 
  custom:scripting/monoscript/fileName/ARCorePermissionManager.cs: 532f7d03090ae14ae9bbbd403c359df8 -> 
  custom:scripting/monoscript/fileName/ARCoreImageLibraryBuildProcessor.cs: 3f33f565654fcd80e4aa61a92c2169a1 -> 
  custom:scripting/monoscript/fileName/ARCoreCpuImageApi.cs: 7e0d7ea0378a04357bca45463bebfe57 -> 
========================================================================
Received Prepare
Refreshing native plugins compatible for Editor in 4.92 ms, found 4 plugins.
Preloading 0 native plugins for Editor in 0.00 ms.
Unloading 9 Unused Serialized files (Serialized files now loaded: 0)
Unloading 9 unused Assets / (1.1 MB). Loaded Objects now: 5029.
Memory consumption went from 82.1 MB to 80.9 MB.
Total: 5.400600 ms (FindLiveObjects: 0.371300 ms CreateObjectMapping: 0.304900 ms MarkObjects: 3.943500 ms  DeleteObjects: 0.779800 ms)

Prepare: number of updated asset objects reloaded= 0
AssetImportParameters requested are different than current active one (requested -> active):
  graphicsApiMask: 2048 -> 2099200
  custom:scripting/monoscript/fileName/ArRecordingConfig.cs: dfdb22d280f26bff6727fe6f9c34f9d1 -> 
  custom:scripting/monoscript/fileName/ArCoreImg.cs: 284f8bc57305622727946cdceadb2cef -> 
  custom:scripting/monoscript/fileName/Cli.cs: f278fa05dc0a28f05b8e56cf7a587c31 -> d287e08b50f2cb135aa4d7f8e01b7ef9
  custom:container-demuxer-ogg: 62fdf1f143b41e24485cea50d1cbac27 -> 
  custom:scripting/monoscript/fileName/ARCoreAnchorSubsystem.cs: 8fd89380878aa630c35614c13d4b70e4 -> 
  custom:scripting/monoscript/fileName/ARCoreSessionSubsystem.cs: 0499cfac149f3ba6a8678a379c5077a0 -> 
  custom:scripting/monoscript/fileName/ARCoreOcclusionSubsystem.cs: 2a111039ddadb09f587c28ae3f37fc2b -> 
  custom:scripting/monoscript/fileName/ARCoreXRPointCloudSubsystem.cs: a817e9a702204b3fa3e30b3243847693 -> 
  custom:scripting/monoscript/fileName/Gradle.cs: f2ad869b521aeebb9f3c8c6665622b87 -> 
  custom:video-codec-MediaFoundation-h265: 746d11721c4dcdbdad8f713fa42b33f4 -> 
  custom:scripting/monoscript/fileName/ImageConversionJobs.cs: 5daa4e6aadb43a7b9057d64b0ba5d568 -> 
  custom:video-decoder-ogg-theora: a1e56fd34408186e4bbccfd4996cb3dc -> 
  custom:scripting/monoscript/fileName/HashCodeUtil.cs: 3ac2012e517078f051611cc23e19a706 -> ee7a4f9a9650d3c7f74eced4bfed8831
  custom:framework-win-MediaFoundation: 216162199b28c13a410421893ffa2e32 -> 
  custom:scripting/monoscript/fileName/ArSession.cs: dc9c4d04514fe088f4acb3a600cfa61f -> 
  custom:scripting/monoscript/fileName/ArPlaybackStatus.cs: f77b11c84a00703de9d452d424518caa -> 
  custom:scripting/monoscript/fileName/ManagedReferenceImage.cs: 3f74dd150e48d66b5dd8288f3c3e1c34 -> 
  custom:scripting/monoscript/fileName/ARCoreImageTrackingSubsystem.cs: 39d814b8b12f50336c43db8ce6f8ee94 -> 
  custom:scripting/monoscript/fileName/ARCorePackageMetadata.cs: 1751e19b3bc5d304ce814e7f02fa6d47 -> 
  custom:scripting/monoscript/fileName/ARCorePromise.cs: 90647cc400823b41df847a6cbfc29026 -> 
  custom:scripting/monoscript/fileName/ArCameraConfigFilter.cs: b80d5ef788f451fa06963271e9d59efb -> 
  custom:scripting/monoscript/fileName/NativeView.cs: 4afb79670cf27530a179f070ba3fe9aa -> 
  custom:scripting/monoscript/fileName/ARCoreLoader.cs: 2c650baba67f1e04bc070894acda684f -> 
  custom:scripting/monoscript/fileName/ARCoreXRDepthSubsystem.deprecated.cs: 9f24fee25a0b08179d7d1cb09e2e51f5 -> 
  custom:scripting/monoscript/fileName/ARCoreEnvironmentProbeSubsystem.cs: 1b868584605b2895b3934baf5f9f6033 -> 
  custom:CustomObjectIndexerAttribute: 9a22284fe3817be447336de3de66b15e -> 
  custom:scripting/monoscript/fileName/ARCoreBuildProcessor.cs: d9eab941277ca6504aeebd69836dd8b0 -> 
  custom:scripting/monoscript/fileName/ARCoreBeforeGetCameraConfigurationEventArgs.cs: 8e2a6fe308d51ad1f6b16c500dc5dfb3 -> 
  custom:scripting/monoscript/fileName/ARCorePlaneSubsystem.cs: d2278eda10dae0fc36c44eee439649a4 -> 
  custom:container-demuxer-webm: 4f35f7cbe854078d1ac9338744f61a02 -> 
  custom:scripting/monoscript/fileName/ARCoreSettingsProvider.cs: 79c816e2cf7b68babc51565d8a334acf -> 
  custom:scripting/monoscript/fileName/ARCoreRaycastSubsystem.cs: 4746ee3ed0cece0abfde776c634af447 -> 
  custom:scripting/monoscript/fileName/ARCoreFaceSubsystem.cs: c496ea8c93654d4c22c4220a77e9a21d -> 
  custom:scripting/monoscript/fileName/ArCameraConfig.cs: 4a875ddea718888a33e0d31342770b8d -> 
  custom:scripting/monoscript/fileName/Java.cs: 23333680cb2e70ba8bbce74628d877c3 -> 
  custom:scripting/monoscript/fileName/ARCoreLoaderConstants.cs: 1ca2b374b9eebdabc880c6eec02abfbe -> 
  custom:scripting/monoscript/fileName/RcoApi.cs: 1b7d1343bf82f11ff12a2ad830cbbf88 -> 
  custom:scripting/monoscript/fileName/ARCoreLoaderSettings.cs: 98d75423d90e6a85b8a5d383cd4fad48 -> 
  custom:scripting/monoscript/fileName/ArPrestoApi.cs: 102320236e333507f3c23510cf5fedf0 -> 
  custom:container-muxer-webm: aa71ff27fc2769a1b78a27578f13a17b -> 
  custom:scripting/monoscript/fileName/ArString.cs: a85954ac20e0c75f9dbcbebac19f7fbf -> 
  custom:video-decoder-webm-vp8: 9c59270c3fd7afecdb556c50c9e8de78 -> 
  custom:scripting/monoscript/fileName/NativeObject.cs: 1c83a6ff9bdb6f537b0ca273504b9cb1 -> 
  custom:scripting/precompiled-assembly-types:Unity.XR.ARCore.Editor: 02c2db43342c23e4477f9d7b07b95cb5 -> 
  custom:scripting/monoscript/fileName/ARCoreBeforeSetConfigurationEventArgs.cs: 234cd91ed3cdf60645705e8837e7e78d -> 
  custom:scripting/monoscript/fileName/ARCoreCameraSubsystem.cs: 2cce9a0f290d5c7a0cb70e2a3b0af3ab -> 
  custom:SearchIndexIgnoredProperties: e643bd26f0fe6173181afceb89e7c659 -> 
  custom:AudioImporter_EditorPlatform: d09bf68614088b80899f8185d706f6e7 -> 
  custom:scripting/monoscript/fileName/InputLayoutLoader.cs: 2980c1660657b98176f57e2070c5cb69 -> a6fad719a67e63b0838341df7c073961
  custom:scripting/monoscript/fileName/ARCoreImageDatabase.cs: 7f7d7783973546d2000bf9aa32566b8f -> 
  custom:scripting/monoscript/fileName/StringExtensions.cs: 6f6c226b1c73c5132416ef95ad867308 -> 0a3ecf20ea398b07067a97ad700896f0
  custom:scripting/monoscript/fileName/ARCoreSettings.cs: 40690c9c4969c061c980f80d35c3e6fb -> 
  custom:scripting/monoscript/fileName/ArRecordingStatus.cs: 1e851bf64f38781ab761ff7585b2fc01 -> 
  custom:video-encoder-webm-vp8: eb34c28f22e8b96e1ab97ce403110664 -> 
  custom:scripting/monoscript/fileName/ARCoreProjectValidationRules.cs: eeb621f554a206cb3c7975cb72a27397 -> 
  custom:audio-decoder-ogg-vorbis: bf7c407c2cedff20999df2af8eb42d56 -> 
  custom:scripting/monoscript/fileName/ArConfig.cs: 3fcec3d7584809d01b43e09f93c614f3 -> 
  custom:scripting/precompiled-assembly-types:Unity.XR.ARCore: 905f88ea8a843a72f400d724a929b837 -> 
  custom:scripting/monoscript/fileName/ARCoreFaceRegionData.cs: c3e1f4c128987c270a2af588eecf348c -> 
  custom:audio-encoder-webm-vorbis: bf7c407c2cedff20999df2af8eb42d56 -> 
  custom:scripting/monoscript/fileName/ARCoreApi.cs: b7be0b56411f0cdcb6a1075249abb802 -> 
  custom:scripting/monoscript/fileName/ARCorePermissionManager.cs: 532f7d03090ae14ae9bbbd403c359df8 -> 
  custom:scripting/monoscript/fileName/ARCoreImageLibraryBuildProcessor.cs: 3f33f565654fcd80e4aa61a92c2169a1 -> 
  custom:scripting/monoscript/fileName/ARCoreCpuImageApi.cs: 7e0d7ea0378a04357bca45463bebfe57 -> 
========================================================================
Received Prepare
Caller must complete domain reload
Begin MonoManager ReloadAssembly
- Loaded All Assemblies, in  0.377 seconds
Native extension for WindowsStandalone target not found
Native extension for Android target not found
[Package Manager] Server::EnsureServerProcessIsRunning -- launch failed, reason: Unity was launched with the -noUpm command-line argument
[Package Manager] UpmClient::Send -- Unable to send message (not connected to UPM process).
[Package Manager] Cannot connect to Unity Package Manager local server
Mono: successfully reloaded assembly
[Package Manager] Server::EnsureServerProcessIsRunning -- launch failed, reason: Unity was launched with the -noUpm command-line argument
[Package Manager] UpmClient::Send -- Unable to send message (not connected to UPM process).
[Package Manager] Cannot connect to Unity Package Manager local server
- Finished resetting the current domain, in  0.825 seconds
Domain Reload Profiling: 1202ms
	BeginReloadAssembly (134ms)
		ExecutionOrderSort (0ms)
		DisableScriptedObjects (4ms)
		BackupInstance (0ms)
		ReleaseScriptingObjects (0ms)
		CreateAndSetChildDomain (30ms)
	RebuildCommonClasses (26ms)
	RebuildNativeTypeToScriptingClass (8ms)
	initialDomainReloadingComplete (22ms)
	LoadAllAssembliesAndSetupDomain (186ms)
		LoadAssemblies (246ms)
		RebuildTransferFunctionScriptingTraits (0ms)
		AnalyzeDomain (14ms)
			TypeCache.Refresh (6ms)
				TypeCache.ScanAssembly (0ms)
			ScanForSourceGeneratedMonoScriptInfo (0ms)
			ResolveRequiredComponents (6ms)
	FinalizeReload (826ms)
		ReleaseScriptCaches (0ms)
		RebuildScriptCaches (0ms)
		SetupLoadedEditorAssemblies (405ms)
			LogAssemblyErrors (0ms)
			InitializePlatformSupportModulesInManaged (11ms)
			SetLoadedEditorAssemblies (3ms)
			RefreshPlugins (0ms)
			BeforeProcessingInitializeOnLoad (54ms)
			ProcessInitializeOnLoadAttributes (294ms)
			ProcessInitializeOnLoadMethodAttributes (40ms)
			AfterProcessingInitializeOnLoad (3ms)
			EditorAssembliesLoaded (0ms)
		ExecutionOrderSort2 (0ms)
		AwakeInstancesAfterBackupRestoration (9ms)
Refreshing native plugins compatible for Editor in 5.24 ms, found 4 plugins.
Preloading 0 native plugins for Editor in 0.00 ms.
Unloading 4522 Unused Serialized files (Serialized files now loaded: 0)
Unloading 23 unused Assets / (1.2 MB). Loaded Objects now: 5033.
Memory consumption went from 152.5 MB to 151.3 MB.
Total: 3.721600 ms (FindLiveObjects: 0.276500 ms CreateObjectMapping: 0.131500 ms MarkObjects: 2.831900 ms  DeleteObjects: 0.480500 ms)

Prepare: number of updated asset objects reloaded= 5
AssetImportParameters requested are different than current active one (requested -> active):
  custom:scripting/monoscript/fileName/ArRecordingConfig.cs: dfdb22d280f26bff6727fe6f9c34f9d1 -> 
  custom:scripting/monoscript/fileName/ArCoreImg.cs: 284f8bc57305622727946cdceadb2cef -> 
  custom:scripting/monoscript/fileName/Cli.cs: f278fa05dc0a28f05b8e56cf7a587c31 -> d287e08b50f2cb135aa4d7f8e01b7ef9
  custom:container-demuxer-ogg: 62fdf1f143b41e24485cea50d1cbac27 -> 
  custom:scripting/monoscript/fileName/ARCoreAnchorSubsystem.cs: 8fd89380878aa630c35614c13d4b70e4 -> 
  custom:scripting/monoscript/fileName/ARCoreSessionSubsystem.cs: 0499cfac149f3ba6a8678a379c5077a0 -> 
  custom:scripting/monoscript/fileName/ARCoreOcclusionSubsystem.cs: 2a111039ddadb09f587c28ae3f37fc2b -> 
  custom:scripting/monoscript/fileName/ARCoreXRPointCloudSubsystem.cs: a817e9a702204b3fa3e30b3243847693 -> 
  custom:scripting/monoscript/fileName/Gradle.cs: f2ad869b521aeebb9f3c8c6665622b87 -> 
  custom:video-codec-MediaFoundation-h265: 746d11721c4dcdbdad8f713fa42b33f4 -> 
  custom:scripting/monoscript/fileName/ImageConversionJobs.cs: 5daa4e6aadb43a7b9057d64b0ba5d568 -> 
  custom:video-decoder-ogg-theora: a1e56fd34408186e4bbccfd4996cb3dc -> 
  custom:scripting/monoscript/fileName/HashCodeUtil.cs: 3ac2012e517078f051611cc23e19a706 -> ee7a4f9a9650d3c7f74eced4bfed8831
  custom:framework-win-MediaFoundation: 216162199b28c13a410421893ffa2e32 -> 
  custom:scripting/monoscript/fileName/ArSession.cs: dc9c4d04514fe088f4acb3a600cfa61f -> 
  custom:scripting/monoscript/fileName/ArPlaybackStatus.cs: f77b11c84a00703de9d452d424518caa -> 
  custom:scripting/monoscript/fileName/ManagedReferenceImage.cs: 3f74dd150e48d66b5dd8288f3c3e1c34 -> 
  custom:scripting/monoscript/fileName/ARCoreImageTrackingSubsystem.cs: 39d814b8b12f50336c43db8ce6f8ee94 -> 
  custom:scripting/monoscript/fileName/ARCorePackageMetadata.cs: 1751e19b3bc5d304ce814e7f02fa6d47 -> 
  custom:scripting/monoscript/fileName/ARCorePromise.cs: 90647cc400823b41df847a6cbfc29026 -> 
  custom:scripting/monoscript/fileName/ArCameraConfigFilter.cs: b80d5ef788f451fa06963271e9d59efb -> 
  custom:scripting/monoscript/fileName/NativeView.cs: 4afb79670cf27530a179f070ba3fe9aa -> 
  custom:scripting/monoscript/fileName/ARCoreLoader.cs: 2c650baba67f1e04bc070894acda684f -> 
  custom:scripting/monoscript/fileName/ARCoreXRDepthSubsystem.deprecated.cs: 9f24fee25a0b08179d7d1cb09e2e51f5 -> 
  custom:scripting/monoscript/fileName/ARCoreEnvironmentProbeSubsystem.cs: 1b868584605b2895b3934baf5f9f6033 -> 
  custom:CustomObjectIndexerAttribute: 9a22284fe3817be447336de3de66b15e -> 
  custom:scripting/monoscript/fileName/ARCoreBuildProcessor.cs: d9eab941277ca6504aeebd69836dd8b0 -> 
  custom:scripting/monoscript/fileName/ARCoreBeforeGetCameraConfigurationEventArgs.cs: 8e2a6fe308d51ad1f6b16c500dc5dfb3 -> 
  custom:scripting/monoscript/fileName/ARCorePlaneSubsystem.cs: d2278eda10dae0fc36c44eee439649a4 -> 
  custom:container-demuxer-webm: 4f35f7cbe854078d1ac9338744f61a02 -> 
  custom:scripting/monoscript/fileName/ARCoreSettingsProvider.cs: 79c816e2cf7b68babc51565d8a334acf -> 
  custom:scripting/monoscript/fileName/ARCoreRaycastSubsystem.cs: 4746ee3ed0cece0abfde776c634af447 -> 
  custom:scripting/monoscript/fileName/ARCoreFaceSubsystem.cs: c496ea8c93654d4c22c4220a77e9a21d -> 
  custom:scripting/monoscript/fileName/ArCameraConfig.cs: 4a875ddea718888a33e0d31342770b8d -> 
  custom:scripting/monoscript/fileName/Java.cs: 23333680cb2e70ba8bbce74628d877c3 -> 
  custom:scripting/monoscript/fileName/ARCoreLoaderConstants.cs: 1ca2b374b9eebdabc880c6eec02abfbe -> 
  custom:scripting/monoscript/fileName/RcoApi.cs: 1b7d1343bf82f11ff12a2ad830cbbf88 -> 
  custom:scripting/monoscript/fileName/ARCoreLoaderSettings.cs: 98d75423d90e6a85b8a5d383cd4fad48 -> 
  custom:scripting/monoscript/fileName/ArPrestoApi.cs: 102320236e333507f3c23510cf5fedf0 -> 
  custom:container-muxer-webm: aa71ff27fc2769a1b78a27578f13a17b -> 
  custom:scripting/monoscript/fileName/ArString.cs: a85954ac20e0c75f9dbcbebac19f7fbf -> 
  custom:video-decoder-webm-vp8: 9c59270c3fd7afecdb556c50c9e8de78 -> 
  custom:scripting/monoscript/fileName/NativeObject.cs: 1c83a6ff9bdb6f537b0ca273504b9cb1 -> 
  custom:scripting/precompiled-assembly-types:Unity.XR.ARCore.Editor: 02c2db43342c23e4477f9d7b07b95cb5 -> 
  custom:scripting/monoscript/fileName/ARCoreBeforeSetConfigurationEventArgs.cs: 234cd91ed3cdf60645705e8837e7e78d -> 
  custom:scripting/monoscript/fileName/ARCoreCameraSubsystem.cs: 2cce9a0f290d5c7a0cb70e2a3b0af3ab -> 
  custom:SearchIndexIgnoredProperties: e643bd26f0fe6173181afceb89e7c659 -> 
  custom:AudioImporter_EditorPlatform: d09bf68614088b80899f8185d706f6e7 -> 
  custom:scripting/monoscript/fileName/InputLayoutLoader.cs: 2980c1660657b98176f57e2070c5cb69 -> a6fad719a67e63b0838341df7c073961
  custom:scripting/monoscript/fileName/ARCoreImageDatabase.cs: 7f7d7783973546d2000bf9aa32566b8f -> 
  custom:scripting/monoscript/fileName/StringExtensions.cs: 6f6c226b1c73c5132416ef95ad867308 -> 0a3ecf20ea398b07067a97ad700896f0
  custom:scripting/monoscript/fileName/ARCoreSettings.cs: 40690c9c4969c061c980f80d35c3e6fb -> 
  custom:scripting/monoscript/fileName/ArRecordingStatus.cs: 1e851bf64f38781ab761ff7585b2fc01 -> 
  custom:video-encoder-webm-vp8: eb34c28f22e8b96e1ab97ce403110664 -> 
  custom:scripting/monoscript/fileName/ARCoreProjectValidationRules.cs: eeb621f554a206cb3c7975cb72a27397 -> 
  custom:audio-decoder-ogg-vorbis: bf7c407c2cedff20999df2af8eb42d56 -> 
  custom:scripting/monoscript/fileName/ArConfig.cs: 3fcec3d7584809d01b43e09f93c614f3 -> 
  custom:scripting/precompiled-assembly-types:Unity.XR.ARCore: 905f88ea8a843a72f400d724a929b837 -> 
  custom:scripting/monoscript/fileName/ARCoreFaceRegionData.cs: c3e1f4c128987c270a2af588eecf348c -> 
  custom:audio-encoder-webm-vorbis: bf7c407c2cedff20999df2af8eb42d56 -> 
  custom:scripting/monoscript/fileName/ARCoreApi.cs: b7be0b56411f0cdcb6a1075249abb802 -> 
  custom:scripting/monoscript/fileName/ARCorePermissionManager.cs: 532f7d03090ae14ae9bbbd403c359df8 -> 
  custom:scripting/monoscript/fileName/ARCoreImageLibraryBuildProcessor.cs: 3f33f565654fcd80e4aa61a92c2169a1 -> 
  custom:scripting/monoscript/fileName/ARCoreCpuImageApi.cs: 7e0d7ea0378a04357bca45463bebfe57 -> 
========================================================================
Received Prepare
Caller must complete domain reload
Begin MonoManager ReloadAssembly
- Loaded All Assemblies, in  0.361 seconds
Native extension for WindowsStandalone target not found
Native extension for Android target not found
[Package Manager] Server::EnsureServerProcessIsRunning -- launch failed, reason: Unity was launched with the -noUpm command-line argument
[Package Manager] UpmClient::Send -- Unable to send message (not connected to UPM process).
[Package Manager] Cannot connect to Unity Package Manager local server
Mono: successfully reloaded assembly
[Package Manager] Server::EnsureServerProcessIsRunning -- launch failed, reason: Unity was launched with the -noUpm command-line argument
[Package Manager] UpmClient::Send -- Unable to send message (not connected to UPM process).
[Package Manager] Cannot connect to Unity Package Manager local server
- Finished resetting the current domain, in  0.968 seconds
Domain Reload Profiling: 1330ms
	BeginReloadAssembly (131ms)
		ExecutionOrderSort (0ms)
		DisableScriptedObjects (3ms)
		BackupInstance (0ms)
		ReleaseScriptingObjects (0ms)
		CreateAndSetChildDomain (30ms)
	RebuildCommonClasses (23ms)
	RebuildNativeTypeToScriptingClass (9ms)
	initialDomainReloadingComplete (20ms)
	LoadAllAssembliesAndSetupDomain (179ms)
		LoadAssemblies (236ms)
		RebuildTransferFunctionScriptingTraits (0ms)
		AnalyzeDomain (13ms)
			TypeCache.Refresh (5ms)
				TypeCache.ScanAssembly (0ms)
			ScanForSourceGeneratedMonoScriptInfo (0ms)
			ResolveRequiredComponents (7ms)
	FinalizeReload (969ms)
		ReleaseScriptCaches (0ms)
		RebuildScriptCaches (0ms)
		SetupLoadedEditorAssemblies (533ms)
			LogAssemblyErrors (0ms)
			InitializePlatformSupportModulesInManaged (13ms)
			SetLoadedEditorAssemblies (4ms)
			RefreshPlugins (0ms)
			BeforeProcessingInitializeOnLoad (61ms)
			ProcessInitializeOnLoadAttributes (415ms)
			ProcessInitializeOnLoadMethodAttributes (39ms)
			AfterProcessingInitializeOnLoad (2ms)
			EditorAssembliesLoaded (0ms)
		ExecutionOrderSort2 (0ms)
		AwakeInstancesAfterBackupRestoration (10ms)
Refreshing native plugins compatible for Editor in 6.02 ms, found 4 plugins.
Preloading 0 native plugins for Editor in 0.00 ms.
Unloading 4522 Unused Serialized files (Serialized files now loaded: 0)
Unloading 23 unused Assets / (1.1 MB). Loaded Objects now: 5038.
Memory consumption went from 152.5 MB to 151.3 MB.
Total: 4.090400 ms (FindLiveObjects: 0.237400 ms CreateObjectMapping: 0.134800 ms MarkObjects: 3.029700 ms  DeleteObjects: 0.687500 ms)

Prepare: number of updated asset objects reloaded= 0
AssetImportParameters requested are different than current active one (requested -> active):
  custom:scripting/monoscript/fileName/ArRecordingConfig.cs: dfdb22d280f26bff6727fe6f9c34f9d1 -> 
  custom:scripting/monoscript/fileName/ArCoreImg.cs: 284f8bc57305622727946cdceadb2cef -> 
  custom:scripting/monoscript/fileName/Cli.cs: f278fa05dc0a28f05b8e56cf7a587c31 -> d287e08b50f2cb135aa4d7f8e01b7ef9
  custom:container-demuxer-ogg: 62fdf1f143b41e24485cea50d1cbac27 -> 
  custom:scripting/monoscript/fileName/ARCoreAnchorSubsystem.cs: 8fd89380878aa630c35614c13d4b70e4 -> 
  custom:scripting/monoscript/fileName/ARCoreSessionSubsystem.cs: 0499cfac149f3ba6a8678a379c5077a0 -> 
  custom:scripting/monoscript/fileName/ARCoreOcclusionSubsystem.cs: 2a111039ddadb09f587c28ae3f37fc2b -> 
  custom:scripting/monoscript/fileName/ARCoreXRPointCloudSubsystem.cs: a817e9a702204b3fa3e30b3243847693 -> 
  custom:scripting/monoscript/fileName/Gradle.cs: f2ad869b521aeebb9f3c8c6665622b87 -> 
  custom:video-codec-MediaFoundation-h265: 746d11721c4dcdbdad8f713fa42b33f4 -> 
  custom:scripting/monoscript/fileName/ImageConversionJobs.cs: 5daa4e6aadb43a7b9057d64b0ba5d568 -> 
  custom:video-decoder-ogg-theora: a1e56fd34408186e4bbccfd4996cb3dc -> 
  custom:scripting/monoscript/fileName/HashCodeUtil.cs: 3ac2012e517078f051611cc23e19a706 -> ee7a4f9a9650d3c7f74eced4bfed8831
  custom:framework-win-MediaFoundation: 216162199b28c13a410421893ffa2e32 -> 
  custom:scripting/monoscript/fileName/ArSession.cs: dc9c4d04514fe088f4acb3a600cfa61f -> 
  custom:scripting/monoscript/fileName/ArPlaybackStatus.cs: f77b11c84a00703de9d452d424518caa -> 
  custom:scripting/monoscript/fileName/ManagedReferenceImage.cs: 3f74dd150e48d66b5dd8288f3c3e1c34 -> 
  custom:scripting/monoscript/fileName/ARCoreImageTrackingSubsystem.cs: 39d814b8b12f50336c43db8ce6f8ee94 -> 
  custom:scripting/monoscript/fileName/ARCorePackageMetadata.cs: 1751e19b3bc5d304ce814e7f02fa6d47 -> 
  custom:scripting/monoscript/fileName/ARCorePromise.cs: 90647cc400823b41df847a6cbfc29026 -> 
  custom:scripting/monoscript/fileName/ArCameraConfigFilter.cs: b80d5ef788f451fa06963271e9d59efb -> 
  custom:scripting/monoscript/fileName/NativeView.cs: 4afb79670cf27530a179f070ba3fe9aa -> 
  custom:scripting/monoscript/fileName/ARCoreLoader.cs: 2c650baba67f1e04bc070894acda684f -> 
  custom:scripting/monoscript/fileName/ARCoreXRDepthSubsystem.deprecated.cs: 9f24fee25a0b08179d7d1cb09e2e51f5 -> 
  custom:scripting/monoscript/fileName/ARCoreEnvironmentProbeSubsystem.cs: 1b868584605b2895b3934baf5f9f6033 -> 
  custom:CustomObjectIndexerAttribute: 9a22284fe3817be447336de3de66b15e -> 
  custom:scripting/monoscript/fileName/ARCoreBuildProcessor.cs: d9eab941277ca6504aeebd69836dd8b0 -> 
  custom:scripting/monoscript/fileName/ARCoreBeforeGetCameraConfigurationEventArgs.cs: 8e2a6fe308d51ad1f6b16c500dc5dfb3 -> 
  custom:scripting/monoscript/fileName/ARCorePlaneSubsystem.cs: d2278eda10dae0fc36c44eee439649a4 -> 
  custom:container-demuxer-webm: 4f35f7cbe854078d1ac9338744f61a02 -> 
  custom:scripting/monoscript/fileName/ARCoreSettingsProvider.cs: 79c816e2cf7b68babc51565d8a334acf -> 
  custom:scripting/monoscript/fileName/ARCoreRaycastSubsystem.cs: 4746ee3ed0cece0abfde776c634af447 -> 
  custom:scripting/monoscript/fileName/ARCoreFaceSubsystem.cs: c496ea8c93654d4c22c4220a77e9a21d -> 
  custom:scripting/monoscript/fileName/ArCameraConfig.cs: 4a875ddea718888a33e0d31342770b8d -> 
  custom:scripting/monoscript/fileName/Java.cs: 23333680cb2e70ba8bbce74628d877c3 -> 
  custom:scripting/monoscript/fileName/ARCoreLoaderConstants.cs: 1ca2b374b9eebdabc880c6eec02abfbe -> 
  custom:scripting/monoscript/fileName/RcoApi.cs: 1b7d1343bf82f11ff12a2ad830cbbf88 -> 
  custom:scripting/monoscript/fileName/ARCoreLoaderSettings.cs: 98d75423d90e6a85b8a5d383cd4fad48 -> 
  custom:scripting/monoscript/fileName/ArPrestoApi.cs: 102320236e333507f3c23510cf5fedf0 -> 
  custom:container-muxer-webm: aa71ff27fc2769a1b78a27578f13a17b -> 
  custom:scripting/monoscript/fileName/ArString.cs: a85954ac20e0c75f9dbcbebac19f7fbf -> 
  custom:video-decoder-webm-vp8: 9c59270c3fd7afecdb556c50c9e8de78 -> 
  custom:scripting/monoscript/fileName/NativeObject.cs: 1c83a6ff9bdb6f537b0ca273504b9cb1 -> 
  custom:scripting/precompiled-assembly-types:Unity.XR.ARCore.Editor: 02c2db43342c23e4477f9d7b07b95cb5 -> 
  custom:scripting/monoscript/fileName/ARCoreBeforeSetConfigurationEventArgs.cs: 234cd91ed3cdf60645705e8837e7e78d -> 
  custom:scripting/monoscript/fileName/ARCoreCameraSubsystem.cs: 2cce9a0f290d5c7a0cb70e2a3b0af3ab -> 
  custom:SearchIndexIgnoredProperties: e643bd26f0fe6173181afceb89e7c659 -> 
  custom:AudioImporter_EditorPlatform: d09bf68614088b80899f8185d706f6e7 -> 
  custom:scripting/monoscript/fileName/InputLayoutLoader.cs: 2980c1660657b98176f57e2070c5cb69 -> a6fad719a67e63b0838341df7c073961
  custom:scripting/monoscript/fileName/ARCoreImageDatabase.cs: 7f7d7783973546d2000bf9aa32566b8f -> 
  custom:scripting/monoscript/fileName/StringExtensions.cs: 6f6c226b1c73c5132416ef95ad867308 -> 0a3ecf20ea398b07067a97ad700896f0
  custom:scripting/monoscript/fileName/ARCoreSettings.cs: 40690c9c4969c061c980f80d35c3e6fb -> 
  custom:scripting/monoscript/fileName/ArRecordingStatus.cs: 1e851bf64f38781ab761ff7585b2fc01 -> 
  custom:video-encoder-webm-vp8: eb34c28f22e8b96e1ab97ce403110664 -> 
  custom:scripting/monoscript/fileName/ARCoreProjectValidationRules.cs: eeb621f554a206cb3c7975cb72a27397 -> 
  custom:audio-decoder-ogg-vorbis: bf7c407c2cedff20999df2af8eb42d56 -> 
  custom:scripting/monoscript/fileName/ArConfig.cs: 3fcec3d7584809d01b43e09f93c614f3 -> 
  custom:scripting/precompiled-assembly-types:Unity.XR.ARCore: 905f88ea8a843a72f400d724a929b837 -> 
  custom:scripting/monoscript/fileName/ARCoreFaceRegionData.cs: c3e1f4c128987c270a2af588eecf348c -> 
  custom:audio-encoder-webm-vorbis: bf7c407c2cedff20999df2af8eb42d56 -> 
  custom:scripting/monoscript/fileName/ARCoreApi.cs: b7be0b56411f0cdcb6a1075249abb802 -> 
  custom:scripting/monoscript/fileName/ARCorePermissionManager.cs: 532f7d03090ae14ae9bbbd403c359df8 -> 
  custom:scripting/monoscript/fileName/ARCoreImageLibraryBuildProcessor.cs: 3f33f565654fcd80e4aa61a92c2169a1 -> 
  custom:scripting/monoscript/fileName/ARCoreCpuImageApi.cs: 7e0d7ea0378a04357bca45463bebfe57 -> 
========================================================================
Received Prepare
Refreshing native plugins compatible for Editor in 7.42 ms, found 4 plugins.
Preloading 0 native plugins for Editor in 0.00 ms.
Unloading 9 Unused Serialized files (Serialized files now loaded: 0)
Unloading 7 unused Assets / (1.1 MB). Loaded Objects now: 5040.
Memory consumption went from 82.5 MB to 81.3 MB.
Total: 6.202700 ms (FindLiveObjects: 0.438100 ms CreateObjectMapping: 0.339500 ms MarkObjects: 4.502000 ms  DeleteObjects: 0.921100 ms)

Prepare: number of updated asset objects reloaded= 0
AssetImportParameters requested are different than current active one (requested -> active):
  custom:scripting/monoscript/fileName/ArRecordingConfig.cs: dfdb22d280f26bff6727fe6f9c34f9d1 -> 
  custom:scripting/monoscript/fileName/ArCoreImg.cs: 284f8bc57305622727946cdceadb2cef -> 
  custom:scripting/monoscript/fileName/Cli.cs: f278fa05dc0a28f05b8e56cf7a587c31 -> d287e08b50f2cb135aa4d7f8e01b7ef9
  custom:container-demuxer-ogg: 62fdf1f143b41e24485cea50d1cbac27 -> 
  custom:scripting/monoscript/fileName/ARCoreAnchorSubsystem.cs: 8fd89380878aa630c35614c13d4b70e4 -> 
  custom:scripting/monoscript/fileName/ARCoreSessionSubsystem.cs: 0499cfac149f3ba6a8678a379c5077a0 -> 
  custom:scripting/monoscript/fileName/ARCoreOcclusionSubsystem.cs: 2a111039ddadb09f587c28ae3f37fc2b -> 
  custom:scripting/monoscript/fileName/ARCoreXRPointCloudSubsystem.cs: a817e9a702204b3fa3e30b3243847693 -> 
  custom:scripting/monoscript/fileName/Gradle.cs: f2ad869b521aeebb9f3c8c6665622b87 -> 
  custom:video-codec-MediaFoundation-h265: 746d11721c4dcdbdad8f713fa42b33f4 -> 
  custom:scripting/monoscript/fileName/ImageConversionJobs.cs: 5daa4e6aadb43a7b9057d64b0ba5d568 -> 
  custom:video-decoder-ogg-theora: a1e56fd34408186e4bbccfd4996cb3dc -> 
  custom:scripting/monoscript/fileName/HashCodeUtil.cs: 3ac2012e517078f051611cc23e19a706 -> ee7a4f9a9650d3c7f74eced4bfed8831
  custom:framework-win-MediaFoundation: 216162199b28c13a410421893ffa2e32 -> 
  custom:scripting/monoscript/fileName/ArSession.cs: dc9c4d04514fe088f4acb3a600cfa61f -> 
  custom:scripting/monoscript/fileName/ArPlaybackStatus.cs: f77b11c84a00703de9d452d424518caa -> 
  custom:scripting/monoscript/fileName/ManagedReferenceImage.cs: 3f74dd150e48d66b5dd8288f3c3e1c34 -> 
  custom:scripting/monoscript/fileName/ARCoreImageTrackingSubsystem.cs: 39d814b8b12f50336c43db8ce6f8ee94 -> 
  custom:scripting/monoscript/fileName/ARCorePackageMetadata.cs: 1751e19b3bc5d304ce814e7f02fa6d47 -> 
  custom:scripting/monoscript/fileName/ARCorePromise.cs: 90647cc400823b41df847a6cbfc29026 -> 
  custom:scripting/monoscript/fileName/ArCameraConfigFilter.cs: b80d5ef788f451fa06963271e9d59efb -> 
  custom:scripting/monoscript/fileName/NativeView.cs: 4afb79670cf27530a179f070ba3fe9aa -> 
  custom:scripting/monoscript/fileName/ARCoreLoader.cs: 2c650baba67f1e04bc070894acda684f -> 
  custom:scripting/monoscript/fileName/ARCoreXRDepthSubsystem.deprecated.cs: 9f24fee25a0b08179d7d1cb09e2e51f5 -> 
  custom:scripting/monoscript/fileName/ARCoreEnvironmentProbeSubsystem.cs: 1b868584605b2895b3934baf5f9f6033 -> 
  custom:CustomObjectIndexerAttribute: 9a22284fe3817be447336de3de66b15e -> 
  custom:scripting/monoscript/fileName/ARCoreBuildProcessor.cs: d9eab941277ca6504aeebd69836dd8b0 -> 
  custom:scripting/monoscript/fileName/ARCoreBeforeGetCameraConfigurationEventArgs.cs: 8e2a6fe308d51ad1f6b16c500dc5dfb3 -> 
  custom:scripting/monoscript/fileName/ARCorePlaneSubsystem.cs: d2278eda10dae0fc36c44eee439649a4 -> 
  custom:container-demuxer-webm: 4f35f7cbe854078d1ac9338744f61a02 -> 
  custom:scripting/monoscript/fileName/ARCoreSettingsProvider.cs: 79c816e2cf7b68babc51565d8a334acf -> 
  custom:scripting/monoscript/fileName/ARCoreRaycastSubsystem.cs: 4746ee3ed0cece0abfde776c634af447 -> 
  custom:scripting/monoscript/fileName/ARCoreFaceSubsystem.cs: c496ea8c93654d4c22c4220a77e9a21d -> 
  custom:scripting/monoscript/fileName/ArCameraConfig.cs: 4a875ddea718888a33e0d31342770b8d -> 
  custom:scripting/monoscript/fileName/Java.cs: 23333680cb2e70ba8bbce74628d877c3 -> 
  custom:scripting/monoscript/fileName/ARCoreLoaderConstants.cs: 1ca2b374b9eebdabc880c6eec02abfbe -> 
  custom:scripting/monoscript/fileName/RcoApi.cs: 1b7d1343bf82f11ff12a2ad830cbbf88 -> 
  custom:scripting/monoscript/fileName/ARCoreLoaderSettings.cs: 98d75423d90e6a85b8a5d383cd4fad48 -> 
  custom:scripting/monoscript/fileName/ArPrestoApi.cs: 102320236e333507f3c23510cf5fedf0 -> 
  custom:container-muxer-webm: aa71ff27fc2769a1b78a27578f13a17b -> 
  custom:scripting/monoscript/fileName/ArString.cs: a85954ac20e0c75f9dbcbebac19f7fbf -> 
  custom:video-decoder-webm-vp8: 9c59270c3fd7afecdb556c50c9e8de78 -> 
  custom:scripting/monoscript/fileName/NativeObject.cs: 1c83a6ff9bdb6f537b0ca273504b9cb1 -> 
  custom:scripting/precompiled-assembly-types:Unity.XR.ARCore.Editor: 02c2db43342c23e4477f9d7b07b95cb5 -> 
  custom:scripting/monoscript/fileName/ARCoreBeforeSetConfigurationEventArgs.cs: 234cd91ed3cdf60645705e8837e7e78d -> 
  custom:scripting/monoscript/fileName/ARCoreCameraSubsystem.cs: 2cce9a0f290d5c7a0cb70e2a3b0af3ab -> 
  custom:SearchIndexIgnoredProperties: e643bd26f0fe6173181afceb89e7c659 -> 
  custom:AudioImporter_EditorPlatform: d09bf68614088b80899f8185d706f6e7 -> 
  custom:scripting/monoscript/fileName/InputLayoutLoader.cs: 2980c1660657b98176f57e2070c5cb69 -> a6fad719a67e63b0838341df7c073961
  custom:scripting/monoscript/fileName/ARCoreImageDatabase.cs: 7f7d7783973546d2000bf9aa32566b8f -> 
  custom:scripting/monoscript/fileName/StringExtensions.cs: 6f6c226b1c73c5132416ef95ad867308 -> 0a3ecf20ea398b07067a97ad700896f0
  custom:scripting/monoscript/fileName/ARCoreSettings.cs: 40690c9c4969c061c980f80d35c3e6fb -> 
  custom:scripting/monoscript/fileName/ArRecordingStatus.cs: 1e851bf64f38781ab761ff7585b2fc01 -> 
  custom:video-encoder-webm-vp8: eb34c28f22e8b96e1ab97ce403110664 -> 
  custom:scripting/monoscript/fileName/ARCoreProjectValidationRules.cs: eeb621f554a206cb3c7975cb72a27397 -> 
  custom:audio-decoder-ogg-vorbis: bf7c407c2cedff20999df2af8eb42d56 -> 
  custom:scripting/monoscript/fileName/ArConfig.cs: 3fcec3d7584809d01b43e09f93c614f3 -> 
  custom:scripting/precompiled-assembly-types:Unity.XR.ARCore: 905f88ea8a843a72f400d724a929b837 -> 
  custom:scripting/monoscript/fileName/ARCoreFaceRegionData.cs: c3e1f4c128987c270a2af588eecf348c -> 
  custom:audio-encoder-webm-vorbis: bf7c407c2cedff20999df2af8eb42d56 -> 
  custom:scripting/monoscript/fileName/ARCoreApi.cs: b7be0b56411f0cdcb6a1075249abb802 -> 
  custom:scripting/monoscript/fileName/ARCorePermissionManager.cs: 532f7d03090ae14ae9bbbd403c359df8 -> 
  custom:scripting/monoscript/fileName/ARCoreImageLibraryBuildProcessor.cs: 3f33f565654fcd80e4aa61a92c2169a1 -> 
  custom:scripting/monoscript/fileName/ARCoreCpuImageApi.cs: 7e0d7ea0378a04357bca45463bebfe57 -> 
========================================================================
Received Prepare
Refreshing native plugins compatible for Editor in 5.54 ms, found 4 plugins.
Preloading 0 native plugins for Editor in 0.00 ms.
Unloading 7 Unused Serialized files (Serialized files now loaded: 0)
Unloading 7 unused Assets / (1.1 MB). Loaded Objects now: 5040.
Memory consumption went from 81.6 MB to 80.5 MB.
Total: 5.142300 ms (FindLiveObjects: 0.348300 ms CreateObjectMapping: 0.196800 ms MarkObjects: 4.071700 ms  DeleteObjects: 0.524000 ms)

Prepare: number of updated asset objects reloaded= 0
AssetImportParameters requested are different than current active one (requested -> active):
  custom:scripting/monoscript/fileName/ArRecordingConfig.cs: dfdb22d280f26bff6727fe6f9c34f9d1 -> 
  custom:scripting/monoscript/fileName/ArCoreImg.cs: 284f8bc57305622727946cdceadb2cef -> 
  custom:scripting/monoscript/fileName/Cli.cs: f278fa05dc0a28f05b8e56cf7a587c31 -> d287e08b50f2cb135aa4d7f8e01b7ef9
  custom:container-demuxer-ogg: 62fdf1f143b41e24485cea50d1cbac27 -> 
  custom:scripting/monoscript/fileName/ARCoreAnchorSubsystem.cs: 8fd89380878aa630c35614c13d4b70e4 -> 
  custom:scripting/monoscript/fileName/ARCoreSessionSubsystem.cs: 0499cfac149f3ba6a8678a379c5077a0 -> 
  custom:scripting/monoscript/fileName/ARCoreOcclusionSubsystem.cs: 2a111039ddadb09f587c28ae3f37fc2b -> 
  custom:scripting/monoscript/fileName/ARCoreXRPointCloudSubsystem.cs: a817e9a702204b3fa3e30b3243847693 -> 
  custom:scripting/monoscript/fileName/Gradle.cs: f2ad869b521aeebb9f3c8c6665622b87 -> 
  custom:video-codec-MediaFoundation-h265: 746d11721c4dcdbdad8f713fa42b33f4 -> 
  custom:scripting/monoscript/fileName/ImageConversionJobs.cs: 5daa4e6aadb43a7b9057d64b0ba5d568 -> 
  custom:video-decoder-ogg-theora: a1e56fd34408186e4bbccfd4996cb3dc -> 
  custom:scripting/monoscript/fileName/HashCodeUtil.cs: 3ac2012e517078f051611cc23e19a706 -> ee7a4f9a9650d3c7f74eced4bfed8831
  custom:framework-win-MediaFoundation: 216162199b28c13a410421893ffa2e32 -> 
  custom:scripting/monoscript/fileName/ArSession.cs: dc9c4d04514fe088f4acb3a600cfa61f -> 
  custom:scripting/monoscript/fileName/ArPlaybackStatus.cs: f77b11c84a00703de9d452d424518caa -> 
  custom:scripting/monoscript/fileName/ManagedReferenceImage.cs: 3f74dd150e48d66b5dd8288f3c3e1c34 -> 
  custom:scripting/monoscript/fileName/ARCoreImageTrackingSubsystem.cs: 39d814b8b12f50336c43db8ce6f8ee94 -> 
  custom:scripting/monoscript/fileName/ARCorePackageMetadata.cs: 1751e19b3bc5d304ce814e7f02fa6d47 -> 
  custom:scripting/monoscript/fileName/ARCorePromise.cs: 90647cc400823b41df847a6cbfc29026 -> 
  custom:scripting/monoscript/fileName/ArCameraConfigFilter.cs: b80d5ef788f451fa06963271e9d59efb -> 
  custom:scripting/monoscript/fileName/NativeView.cs: 4afb79670cf27530a179f070ba3fe9aa -> 
  custom:scripting/monoscript/fileName/ARCoreLoader.cs: 2c650baba67f1e04bc070894acda684f -> 
  custom:scripting/monoscript/fileName/ARCoreXRDepthSubsystem.deprecated.cs: 9f24fee25a0b08179d7d1cb09e2e51f5 -> 
  custom:scripting/monoscript/fileName/ARCoreEnvironmentProbeSubsystem.cs: 1b868584605b2895b3934baf5f9f6033 -> 
  custom:CustomObjectIndexerAttribute: 9a22284fe3817be447336de3de66b15e -> 
  custom:scripting/monoscript/fileName/ARCoreBuildProcessor.cs: d9eab941277ca6504aeebd69836dd8b0 -> 
  custom:scripting/monoscript/fileName/ARCoreBeforeGetCameraConfigurationEventArgs.cs: 8e2a6fe308d51ad1f6b16c500dc5dfb3 -> 
  custom:scripting/monoscript/fileName/ARCorePlaneSubsystem.cs: d2278eda10dae0fc36c44eee439649a4 -> 
  custom:container-demuxer-webm: 4f35f7cbe854078d1ac9338744f61a02 -> 
  custom:scripting/monoscript/fileName/ARCoreSettingsProvider.cs: 79c816e2cf7b68babc51565d8a334acf -> 
  custom:scripting/monoscript/fileName/ARCoreRaycastSubsystem.cs: 4746ee3ed0cece0abfde776c634af447 -> 
  custom:scripting/monoscript/fileName/ARCoreFaceSubsystem.cs: c496ea8c93654d4c22c4220a77e9a21d -> 
  custom:scripting/monoscript/fileName/ArCameraConfig.cs: 4a875ddea718888a33e0d31342770b8d -> 
  custom:scripting/monoscript/fileName/Java.cs: 23333680cb2e70ba8bbce74628d877c3 -> 
  custom:scripting/monoscript/fileName/ARCoreLoaderConstants.cs: 1ca2b374b9eebdabc880c6eec02abfbe -> 
  custom:scripting/monoscript/fileName/RcoApi.cs: 1b7d1343bf82f11ff12a2ad830cbbf88 -> 
  custom:scripting/monoscript/fileName/ARCoreLoaderSettings.cs: 98d75423d90e6a85b8a5d383cd4fad48 -> 
  custom:scripting/monoscript/fileName/ArPrestoApi.cs: 102320236e333507f3c23510cf5fedf0 -> 
  custom:container-muxer-webm: aa71ff27fc2769a1b78a27578f13a17b -> 
  custom:scripting/monoscript/fileName/ArString.cs: a85954ac20e0c75f9dbcbebac19f7fbf -> 
  custom:video-decoder-webm-vp8: 9c59270c3fd7afecdb556c50c9e8de78 -> 
  custom:scripting/monoscript/fileName/NativeObject.cs: 1c83a6ff9bdb6f537b0ca273504b9cb1 -> 
  custom:scripting/precompiled-assembly-types:Unity.XR.ARCore.Editor: 02c2db43342c23e4477f9d7b07b95cb5 -> 
  custom:scripting/monoscript/fileName/ARCoreBeforeSetConfigurationEventArgs.cs: 234cd91ed3cdf60645705e8837e7e78d -> 
  custom:scripting/monoscript/fileName/ARCoreCameraSubsystem.cs: 2cce9a0f290d5c7a0cb70e2a3b0af3ab -> 
  custom:SearchIndexIgnoredProperties: e643bd26f0fe6173181afceb89e7c659 -> 
  custom:AudioImporter_EditorPlatform: d09bf68614088b80899f8185d706f6e7 -> 
  custom:scripting/monoscript/fileName/InputLayoutLoader.cs: 2980c1660657b98176f57e2070c5cb69 -> a6fad719a67e63b0838341df7c073961
  custom:scripting/monoscript/fileName/ARCoreImageDatabase.cs: 7f7d7783973546d2000bf9aa32566b8f -> 
  custom:scripting/monoscript/fileName/StringExtensions.cs: 6f6c226b1c73c5132416ef95ad867308 -> 0a3ecf20ea398b07067a97ad700896f0
  custom:scripting/monoscript/fileName/ARCoreSettings.cs: 40690c9c4969c061c980f80d35c3e6fb -> 
  custom:scripting/monoscript/fileName/ArRecordingStatus.cs: 1e851bf64f38781ab761ff7585b2fc01 -> 
  custom:video-encoder-webm-vp8: eb34c28f22e8b96e1ab97ce403110664 -> 
  custom:scripting/monoscript/fileName/ARCoreProjectValidationRules.cs: eeb621f554a206cb3c7975cb72a27397 -> 
  custom:audio-decoder-ogg-vorbis: bf7c407c2cedff20999df2af8eb42d56 -> 
  custom:scripting/monoscript/fileName/ArConfig.cs: 3fcec3d7584809d01b43e09f93c614f3 -> 
  custom:scripting/precompiled-assembly-types:Unity.XR.ARCore: 905f88ea8a843a72f400d724a929b837 -> 
  custom:scripting/monoscript/fileName/ARCoreFaceRegionData.cs: c3e1f4c128987c270a2af588eecf348c -> 
  custom:audio-encoder-webm-vorbis: bf7c407c2cedff20999df2af8eb42d56 -> 
  custom:scripting/monoscript/fileName/ARCoreApi.cs: b7be0b56411f0cdcb6a1075249abb802 -> 
  custom:scripting/monoscript/fileName/ARCorePermissionManager.cs: 532f7d03090ae14ae9bbbd403c359df8 -> 
  custom:scripting/monoscript/fileName/ARCoreImageLibraryBuildProcessor.cs: 3f33f565654fcd80e4aa61a92c2169a1 -> 
  custom:scripting/monoscript/fileName/ARCoreCpuImageApi.cs: 7e0d7ea0378a04357bca45463bebfe57 -> 
========================================================================
Received Prepare
Refreshing native plugins compatible for Editor in 5.17 ms, found 4 plugins.
Preloading 0 native plugins for Editor in 0.00 ms.
Unloading 7 Unused Serialized files (Serialized files now loaded: 0)
Unloading 7 unused Assets / (1.1 MB). Loaded Objects now: 5040.
Memory consumption went from 81.6 MB to 80.5 MB.
Total: 4.920900 ms (FindLiveObjects: 0.440200 ms CreateObjectMapping: 0.130600 ms MarkObjects: 3.786800 ms  DeleteObjects: 0.561600 ms)

Prepare: number of updated asset objects reloaded= 0
AssetImportParameters requested are different than current active one (requested -> active):
  custom:scripting/monoscript/fileName/ArRecordingConfig.cs: dfdb22d280f26bff6727fe6f9c34f9d1 -> 
  custom:scripting/monoscript/fileName/ArCoreImg.cs: 284f8bc57305622727946cdceadb2cef -> 
  custom:scripting/monoscript/fileName/Cli.cs: f278fa05dc0a28f05b8e56cf7a587c31 -> d287e08b50f2cb135aa4d7f8e01b7ef9
  custom:container-demuxer-ogg: 62fdf1f143b41e24485cea50d1cbac27 -> 
  custom:scripting/monoscript/fileName/ARCoreAnchorSubsystem.cs: 8fd89380878aa630c35614c13d4b70e4 -> 
  custom:scripting/monoscript/fileName/ARCoreSessionSubsystem.cs: 0499cfac149f3ba6a8678a379c5077a0 -> 
  custom:scripting/monoscript/fileName/ARCoreOcclusionSubsystem.cs: 2a111039ddadb09f587c28ae3f37fc2b -> 
  custom:scripting/monoscript/fileName/ARCoreXRPointCloudSubsystem.cs: a817e9a702204b3fa3e30b3243847693 -> 
  custom:scripting/monoscript/fileName/Gradle.cs: f2ad869b521aeebb9f3c8c6665622b87 -> 
  custom:video-codec-MediaFoundation-h265: 746d11721c4dcdbdad8f713fa42b33f4 -> 
  custom:scripting/monoscript/fileName/ImageConversionJobs.cs: 5daa4e6aadb43a7b9057d64b0ba5d568 -> 
  custom:video-decoder-ogg-theora: a1e56fd34408186e4bbccfd4996cb3dc -> 
  custom:scripting/monoscript/fileName/HashCodeUtil.cs: 3ac2012e517078f051611cc23e19a706 -> ee7a4f9a9650d3c7f74eced4bfed8831
  custom:framework-win-MediaFoundation: 216162199b28c13a410421893ffa2e32 -> 
  custom:scripting/monoscript/fileName/ArSession.cs: dc9c4d04514fe088f4acb3a600cfa61f -> 
  custom:scripting/monoscript/fileName/ArPlaybackStatus.cs: f77b11c84a00703de9d452d424518caa -> 
  custom:scripting/monoscript/fileName/ManagedReferenceImage.cs: 3f74dd150e48d66b5dd8288f3c3e1c34 -> 
  custom:scripting/monoscript/fileName/ARCoreImageTrackingSubsystem.cs: 39d814b8b12f50336c43db8ce6f8ee94 -> 
  custom:scripting/monoscript/fileName/ARCorePackageMetadata.cs: 1751e19b3bc5d304ce814e7f02fa6d47 -> 
  custom:scripting/monoscript/fileName/ARCorePromise.cs: 90647cc400823b41df847a6cbfc29026 -> 
  custom:scripting/monoscript/fileName/ArCameraConfigFilter.cs: b80d5ef788f451fa06963271e9d59efb -> 
  custom:scripting/monoscript/fileName/NativeView.cs: 4afb79670cf27530a179f070ba3fe9aa -> 
  custom:scripting/monoscript/fileName/ARCoreLoader.cs: 2c650baba67f1e04bc070894acda684f -> 
  custom:scripting/monoscript/fileName/ARCoreXRDepthSubsystem.deprecated.cs: 9f24fee25a0b08179d7d1cb09e2e51f5 -> 
  custom:scripting/monoscript/fileName/ARCoreEnvironmentProbeSubsystem.cs: 1b868584605b2895b3934baf5f9f6033 -> 
  custom:CustomObjectIndexerAttribute: 9a22284fe3817be447336de3de66b15e -> 
  custom:scripting/monoscript/fileName/ARCoreBuildProcessor.cs: d9eab941277ca6504aeebd69836dd8b0 -> 
  custom:scripting/monoscript/fileName/ARCoreBeforeGetCameraConfigurationEventArgs.cs: 8e2a6fe308d51ad1f6b16c500dc5dfb3 -> 
  custom:scripting/monoscript/fileName/ARCorePlaneSubsystem.cs: d2278eda10dae0fc36c44eee439649a4 -> 
  custom:container-demuxer-webm: 4f35f7cbe854078d1ac9338744f61a02 -> 
  custom:scripting/monoscript/fileName/ARCoreSettingsProvider.cs: 79c816e2cf7b68babc51565d8a334acf -> 
  custom:scripting/monoscript/fileName/ARCoreRaycastSubsystem.cs: 4746ee3ed0cece0abfde776c634af447 -> 
  custom:scripting/monoscript/fileName/ARCoreFaceSubsystem.cs: c496ea8c93654d4c22c4220a77e9a21d -> 
  custom:scripting/monoscript/fileName/ArCameraConfig.cs: 4a875ddea718888a33e0d31342770b8d -> 
  custom:scripting/monoscript/fileName/Java.cs: 23333680cb2e70ba8bbce74628d877c3 -> 
  custom:scripting/monoscript/fileName/ARCoreLoaderConstants.cs: 1ca2b374b9eebdabc880c6eec02abfbe -> 
  custom:scripting/monoscript/fileName/RcoApi.cs: 1b7d1343bf82f11ff12a2ad830cbbf88 -> 
  custom:scripting/monoscript/fileName/ARCoreLoaderSettings.cs: 98d75423d90e6a85b8a5d383cd4fad48 -> 
  custom:scripting/monoscript/fileName/ArPrestoApi.cs: 102320236e333507f3c23510cf5fedf0 -> 
  custom:container-muxer-webm: aa71ff27fc2769a1b78a27578f13a17b -> 
  custom:scripting/monoscript/fileName/ArString.cs: a85954ac20e0c75f9dbcbebac19f7fbf -> 
  custom:video-decoder-webm-vp8: 9c59270c3fd7afecdb556c50c9e8de78 -> 
  custom:scripting/monoscript/fileName/NativeObject.cs: 1c83a6ff9bdb6f537b0ca273504b9cb1 -> 
  custom:scripting/precompiled-assembly-types:Unity.XR.ARCore.Editor: 02c2db43342c23e4477f9d7b07b95cb5 -> 
  custom:scripting/monoscript/fileName/ARCoreBeforeSetConfigurationEventArgs.cs: 234cd91ed3cdf60645705e8837e7e78d -> 
  custom:scripting/monoscript/fileName/ARCoreCameraSubsystem.cs: 2cce9a0f290d5c7a0cb70e2a3b0af3ab -> 
  custom:SearchIndexIgnoredProperties: e643bd26f0fe6173181afceb89e7c659 -> 
  custom:AudioImporter_EditorPlatform: d09bf68614088b80899f8185d706f6e7 -> 
  custom:scripting/monoscript/fileName/InputLayoutLoader.cs: 2980c1660657b98176f57e2070c5cb69 -> a6fad719a67e63b0838341df7c073961
  custom:scripting/monoscript/fileName/ARCoreImageDatabase.cs: 7f7d7783973546d2000bf9aa32566b8f -> 
  custom:scripting/monoscript/fileName/StringExtensions.cs: 6f6c226b1c73c5132416ef95ad867308 -> 0a3ecf20ea398b07067a97ad700896f0
  custom:scripting/monoscript/fileName/ARCoreSettings.cs: 40690c9c4969c061c980f80d35c3e6fb -> 
  custom:scripting/monoscript/fileName/ArRecordingStatus.cs: 1e851bf64f38781ab761ff7585b2fc01 -> 
  custom:video-encoder-webm-vp8: eb34c28f22e8b96e1ab97ce403110664 -> 
  custom:scripting/monoscript/fileName/ARCoreProjectValidationRules.cs: eeb621f554a206cb3c7975cb72a27397 -> 
  custom:audio-decoder-ogg-vorbis: bf7c407c2cedff20999df2af8eb42d56 -> 
  custom:scripting/monoscript/fileName/ArConfig.cs: 3fcec3d7584809d01b43e09f93c614f3 -> 
  custom:scripting/precompiled-assembly-types:Unity.XR.ARCore: 905f88ea8a843a72f400d724a929b837 -> 
  custom:scripting/monoscript/fileName/ARCoreFaceRegionData.cs: c3e1f4c128987c270a2af588eecf348c -> 
  custom:audio-encoder-webm-vorbis: bf7c407c2cedff20999df2af8eb42d56 -> 
  custom:scripting/monoscript/fileName/ARCoreApi.cs: b7be0b56411f0cdcb6a1075249abb802 -> 
  custom:scripting/monoscript/fileName/ARCorePermissionManager.cs: 532f7d03090ae14ae9bbbd403c359df8 -> 
  custom:scripting/monoscript/fileName/ARCoreImageLibraryBuildProcessor.cs: 3f33f565654fcd80e4aa61a92c2169a1 -> 
  custom:scripting/monoscript/fileName/ARCoreCpuImageApi.cs: 7e0d7ea0378a04357bca45463bebfe57 -> 
========================================================================
Received Import Request.
  Time since last request: 12835.533920 seconds.
  path: Assets/Scenes/MCQ
  artifactKey: Guid(814a73b8bf422bd45b8a2b25dbe3e93a) Importer(815301076,1909f56bfc062723c751e8b465ee728b)
Start importing Assets/Scenes/MCQ using Guid(814a73b8bf422bd45b8a2b25dbe3e93a) Importer(815301076,1909f56bfc062723c751e8b465ee728b) [PhysX] Initialized MultithreadedTaskDispatcher with 20 workers.
 -> (artifact id: '04e50d370dc14d0147acd1721ff9fd82') in 0.009851 seconds
Number of updated asset objects reloaded before import = 0
Number of asset objects unloaded after import = 0
========================================================================
Received Import Request.
  Time since last request: 20.962008 seconds.
  path: Assets/Scenes/MCQ/TextToVoice.unity
  artifactKey: Guid(b925737ac63c9084e9fe9df2e79284fc) Importer(815301076,1909f56bfc062723c751e8b465ee728b)
Start importing Assets/Scenes/MCQ/TextToVoice.unity using Guid(b925737ac63c9084e9fe9df2e79284fc) Importer(815301076,1909f56bfc062723c751e8b465ee728b) [PhysX] Initialized MultithreadedTaskDispatcher with 20 workers.
 -> (artifact id: '1fd492e0ae5ae5f1d5b46a4cb693ff82') in 0.000363 seconds
Number of updated asset objects reloaded before import = 0
Number of asset objects unloaded after import = 0
========================================================================
Received Prepare
Caller must complete domain reload
Begin MonoManager ReloadAssembly
- Loaded All Assemblies, in  0.514 seconds
Native extension for WindowsStandalone target not found
Native extension for Android target not found
[Package Manager] Server::EnsureServerProcessIsRunning -- launch failed, reason: Unity was launched with the -noUpm command-line argument
[Package Manager] UpmClient::Send -- Unable to send message (not connected to UPM process).
[Package Manager] Cannot connect to Unity Package Manager local server
Mono: successfully reloaded assembly
[Package Manager] Server::EnsureServerProcessIsRunning -- launch failed, reason: Unity was launched with the -noUpm command-line argument
[Package Manager] UpmClient::Send -- Unable to send message (not connected to UPM process).
[Package Manager] Cannot connect to Unity Package Manager local server
- Finished resetting the current domain, in  1.429 seconds
Domain Reload Profiling: 1944ms
	BeginReloadAssembly (172ms)
		ExecutionOrderSort (0ms)
		DisableScriptedObjects (6ms)
		BackupInstance (0ms)
		ReleaseScriptingObjects (0ms)
		CreateAndSetChildDomain (44ms)
	RebuildCommonClasses (27ms)
	RebuildNativeTypeToScriptingClass (7ms)
	initialDomainReloadingComplete (20ms)
	LoadAllAssembliesAndSetupDomain (288ms)
		LoadAssemblies (341ms)
		RebuildTransferFunctionScriptingTraits (0ms)
		AnalyzeDomain (33ms)
			TypeCache.Refresh (11ms)
				TypeCache.ScanAssembly (1ms)
			ScanForSourceGeneratedMonoScriptInfo (15ms)
			ResolveRequiredComponents (6ms)
	FinalizeReload (1429ms)
		ReleaseScriptCaches (0ms)
		RebuildScriptCaches (0ms)
		SetupLoadedEditorAssemblies (349ms)
			LogAssemblyErrors (0ms)
			InitializePlatformSupportModulesInManaged (12ms)
			SetLoadedEditorAssemblies (4ms)
			RefreshPlugins (0ms)
			BeforeProcessingInitializeOnLoad (46ms)
			ProcessInitializeOnLoadAttributes (254ms)
			ProcessInitializeOnLoadMethodAttributes (32ms)
			AfterProcessingInitializeOnLoad (1ms)
			EditorAssembliesLoaded (0ms)
		ExecutionOrderSort2 (0ms)
		AwakeInstancesAfterBackupRestoration (7ms)
Refreshing native plugins compatible for Editor in 5.28 ms, found 4 plugins.
Preloading 0 native plugins for Editor in 0.00 ms.
Unloading 4566 Unused Serialized files (Serialized files now loaded: 0)
Unloading 36 unused Assets / (1.9 MB). Loaded Objects now: 5076.
Memory consumption went from 156.3 MB to 154.4 MB.
Total: 4.009600 ms (FindLiveObjects: 0.234600 ms CreateObjectMapping: 0.118200 ms MarkObjects: 2.957100 ms  DeleteObjects: 0.698900 ms)

Prepare: number of updated asset objects reloaded= 0
AssetImportParameters requested are different than current active one (requested -> active):
  custom:scripting/monoscript/fileName/ArRecordingConfig.cs: dfdb22d280f26bff6727fe6f9c34f9d1 -> 
  custom:scripting/monoscript/fileName/ArCoreImg.cs: 284f8bc57305622727946cdceadb2cef -> 
  custom:scripting/monoscript/fileName/Cli.cs: f278fa05dc0a28f05b8e56cf7a587c31 -> d287e08b50f2cb135aa4d7f8e01b7ef9
  custom:scripting/monoscript/fileName/SkewTextExample.cs: c142d02d70a129e0533975f7c2f96956 -> 
  custom:container-demuxer-ogg: 62fdf1f143b41e24485cea50d1cbac27 -> 
  custom:scripting/monoscript/fileName/ARCoreAnchorSubsystem.cs: 8fd89380878aa630c35614c13d4b70e4 -> 
  custom:scripting/monoscript/fileName/TMP_TextEventHandler.cs: f5cd9d5a43bfefc8f4fec80e6de896a4 -> 
  custom:scripting/monoscript/fileName/ARCoreSessionSubsystem.cs: 0499cfac149f3ba6a8678a379c5077a0 -> 
  custom:scripting/monoscript/fileName/TextMeshProFloatingText.cs: 92608fa4a6315cd0786d82205e77b697 -> 
  custom:scripting/monoscript/fileName/ARCoreOcclusionSubsystem.cs: 2a111039ddadb09f587c28ae3f37fc2b -> 
  custom:scripting/monoscript/fileName/VertexZoom.cs: 650ab1e81d40126e3edcf737cce646e4 -> 
  custom:scripting/monoscript/fileName/ARCoreXRPointCloudSubsystem.cs: a817e9a702204b3fa3e30b3243847693 -> 
  custom:scripting/monoscript/fileName/Gradle.cs: f2ad869b521aeebb9f3c8c6665622b87 -> 
  custom:video-codec-MediaFoundation-h265: 746d11721c4dcdbdad8f713fa42b33f4 -> 
  custom:scripting/monoscript/fileName/ImageConversionJobs.cs: 5daa4e6aadb43a7b9057d64b0ba5d568 -> 
  custom:scripting/monoscript/fileName/VertexShakeA.cs: 63ec564c588058369499638dd899e05b -> 
  custom:scripting/monoscript/fileName/TMP_ExampleScript_01.cs: a9d4be556104ff54e7d240529b3e01dc -> 
  custom:video-decoder-ogg-theora: a1e56fd34408186e4bbccfd4996cb3dc -> 
  custom:scripting/monoscript/fileName/TMP_TextEventCheck.cs: 13505d917eab5868c435e0c2986dadfa -> 
  custom:scripting/monoscript/fileName/TMP_TextSelector_B.cs: ba2be21a7486d37b1011342977a2e49d -> 
  custom:scripting/monoscript/fileName/Benchmark01.cs: 2d3e2cd961730ab95f139a49a673bace -> 
  custom:scripting/monoscript/fileName/HashCodeUtil.cs: 3ac2012e517078f051611cc23e19a706 -> ee7a4f9a9650d3c7f74eced4bfed8831
  custom:framework-win-MediaFoundation: 216162199b28c13a410421893ffa2e32 -> 
  custom:scripting/monoscript/fileName/ArSession.cs: dc9c4d04514fe088f4acb3a600cfa61f -> 
  custom:scripting/monoscript/fileName/ArPlaybackStatus.cs: f77b11c84a00703de9d452d424518caa -> 
  custom:scripting/monoscript/fileName/ManagedReferenceImage.cs: 3f74dd150e48d66b5dd8288f3c3e1c34 -> 
  custom:scripting/monoscript/fileName/ARCoreImageTrackingSubsystem.cs: 39d814b8b12f50336c43db8ce6f8ee94 -> 
  custom:scripting/monoscript/fileName/ARCorePackageMetadata.cs: 1751e19b3bc5d304ce814e7f02fa6d47 -> 
  custom:scripting/monoscript/fileName/ARCorePromise.cs: 90647cc400823b41df847a6cbfc29026 -> 
  custom:scripting/monoscript/fileName/ArCameraConfigFilter.cs: b80d5ef788f451fa06963271e9d59efb -> 
  custom:scripting/monoscript/fileName/Benchmark02.cs: 5640963252ce70910e726415f869ced6 -> 
  custom:scripting/monoscript/fileName/NativeView.cs: 4afb79670cf27530a179f070ba3fe9aa -> 
  custom:scripting/monoscript/fileName/ARCoreLoader.cs: 2c650baba67f1e04bc070894acda684f -> 
  custom:scripting/monoscript/fileName/ARCoreXRDepthSubsystem.deprecated.cs: 9f24fee25a0b08179d7d1cb09e2e51f5 -> 
  custom:scripting/monoscript/fileName/DropdownSample.cs: 0a92251794e5f10400149f96c3c59e5d -> 
  custom:scripting/monoscript/fileName/ARCoreEnvironmentProbeSubsystem.cs: 1b868584605b2895b3934baf5f9f6033 -> 
  custom:scripting/monoscript/fileName/WarpTextExample.cs: 2663459c266363641981c7d17b698d7f -> 
  custom:CustomObjectIndexerAttribute: 9a22284fe3817be447336de3de66b15e -> 
  custom:scripting/monoscript/fileName/ARCoreBuildProcessor.cs: d9eab941277ca6504aeebd69836dd8b0 -> 
  custom:scripting/monoscript/fileName/ARCoreBeforeGetCameraConfigurationEventArgs.cs: 8e2a6fe308d51ad1f6b16c500dc5dfb3 -> 
  custom:scripting/monoscript/fileName/ARCorePlaneSubsystem.cs: d2278eda10dae0fc36c44eee439649a4 -> 
  custom:container-demuxer-webm: 4f35f7cbe854078d1ac9338744f61a02 -> 
  custom:scripting/monoscript/fileName/ARCoreSettingsProvider.cs: 79c816e2cf7b68babc51565d8a334acf -> 
  custom:scripting/monoscript/fileName/ARCoreRaycastSubsystem.cs: 4746ee3ed0cece0abfde776c634af447 -> 
  custom:scripting/monoscript/fileName/ARCoreFaceSubsystem.cs: c496ea8c93654d4c22c4220a77e9a21d -> 
  custom:scripting/monoscript/fileName/ChatController.cs: 876d5ccae6e345dd5d9450eb0a748f16 -> 
  custom:scripting/monoscript/fileName/ArCameraConfig.cs: 4a875ddea718888a33e0d31342770b8d -> 
  custom:scripting/monoscript/fileName/TextMeshSpawner.cs: 76f28e2ddb031571e6ec62b018f65fa8 -> 
  custom:scripting/monoscript/fileName/Java.cs: 23333680cb2e70ba8bbce74628d877c3 -> 
  custom:scripting/monoscript/fileName/TeleType.cs: 31fa97821c4c70f157ec81d507aa6b62 -> 
  custom:scripting/monoscript/fileName/ARCoreLoaderConstants.cs: 1ca2b374b9eebdabc880c6eec02abfbe -> 
  custom:scripting/monoscript/fileName/Benchmark04.cs: 32220b148620e52aa81c13a114862bf4 -> 
  custom:scripting/monoscript/fileName/RcoApi.cs: 1b7d1343bf82f11ff12a2ad830cbbf88 -> 
  custom:scripting/monoscript/fileName/ARCoreLoaderSettings.cs: 98d75423d90e6a85b8a5d383cd4fad48 -> 
  custom:scripting/monoscript/fileName/ArPrestoApi.cs: 102320236e333507f3c23510cf5fedf0 -> 
  custom:container-muxer-webm: aa71ff27fc2769a1b78a27578f13a17b -> 
  custom:scripting/monoscript/fileName/ArString.cs: a85954ac20e0c75f9dbcbebac19f7fbf -> 
  custom:video-decoder-webm-vp8: 9c59270c3fd7afecdb556c50c9e8de78 -> 
  custom:scripting/monoscript/fileName/NativeObject.cs: 1c83a6ff9bdb6f537b0ca273504b9cb1 -> 
  custom:scripting/monoscript/fileName/TMP_PhoneNumberValidator.cs: 7c3049f481e464c6a9a15dee56c3126f -> 
  custom:scripting/precompiled-assembly-types:Unity.XR.ARCore.Editor: 02c2db43342c23e4477f9d7b07b95cb5 -> 
  custom:scripting/monoscript/fileName/ARCoreBeforeSetConfigurationEventArgs.cs: 234cd91ed3cdf60645705e8837e7e78d -> 
  custom:scripting/monoscript/fileName/ARCoreCameraSubsystem.cs: 2cce9a0f290d5c7a0cb70e2a3b0af3ab -> 
  custom:SearchIndexIgnoredProperties: e643bd26f0fe6173181afceb89e7c659 -> 
  custom:AudioImporter_EditorPlatform: d09bf68614088b80899f8185d706f6e7 -> 
  custom:scripting/monoscript/fileName/EnvMapAnimator.cs: 1b4f61c17e4b7283c3ac351aacff9d26 -> 
  custom:scripting/monoscript/fileName/InputLayoutLoader.cs: 2980c1660657b98176f57e2070c5cb69 -> a6fad719a67e63b0838341df7c073961
  custom:scripting/monoscript/fileName/ShaderPropAnimator.cs: 55ce425812446482e623ff2695c94cb2 -> 
  custom:scripting/monoscript/fileName/ARCoreImageDatabase.cs: 7f7d7783973546d2000bf9aa32566b8f -> 
  custom:scripting/monoscript/fileName/SimpleScript.cs: 454caab0c6c050f29b39d82e1d66d0fa -> 
  custom:scripting/monoscript/fileName/ObjectSpin.cs: 2b96bb2079dd7fa5108d981627a28e1e -> 
  custom:scripting/monoscript/fileName/StringExtensions.cs: 6f6c226b1c73c5132416ef95ad867308 -> 0a3ecf20ea398b07067a97ad700896f0
  custom:scripting/monoscript/fileName/CameraController.cs: 34b6be4e23ce86dc89786916c5983296 -> 
  custom:scripting/monoscript/fileName/TMP_TextInfoDebugTool.cs: 3f1709cfb2cc628169113a35b5e9be3f -> 
  custom:scripting/monoscript/fileName/ARCoreSettings.cs: 40690c9c4969c061c980f80d35c3e6fb -> 
  custom:scripting/monoscript/fileName/ArRecordingStatus.cs: 1e851bf64f38781ab761ff7585b2fc01 -> 
  custom:scripting/monoscript/fileName/TMP_TextSelector_A.cs: 347309a09d56e367b188a6978f75b424 -> 
  custom:video-encoder-webm-vp8: eb34c28f22e8b96e1ab97ce403110664 -> 
  custom:scripting/monoscript/fileName/ARCoreProjectValidationRules.cs: eeb621f554a206cb3c7975cb72a27397 -> 
  custom:audio-decoder-ogg-vorbis: bf7c407c2cedff20999df2af8eb42d56 -> 
  custom:scripting/monoscript/fileName/VertexJitter.cs: d27eb5498e48714a66aece98da065133 -> 
  custom:scripting/monoscript/fileName/TextConsoleSimulator.cs: 33fc311abb20b5b0ed8f00e4d86b574e -> 
  custom:scripting/monoscript/fileName/VertexColorCycler.cs: 5f984ca91cf3609293aecc6bc5641572 -> 
  custom:scripting/monoscript/fileName/TMP_FrameRateCounter.cs: 46f655df8cb483ac5958307137b1585a -> 
  custom:scripting/monoscript/fileName/VertexShakeB.cs: a6f78c4fcda1a29a1a1c1baefedba9e7 -> 
  custom:scripting/monoscript/fileName/TMP_UiFrameRateCounter.cs: b01021aea19247f14a98ab338907956a -> 
  custom:scripting/monoscript/fileName/ArConfig.cs: 3fcec3d7584809d01b43e09f93c614f3 -> 
  custom:scripting/precompiled-assembly-types:Unity.XR.ARCore: 905f88ea8a843a72f400d724a929b837 -> 
  custom:scripting/monoscript/fileName/ARCoreFaceRegionData.cs: c3e1f4c128987c270a2af588eecf348c -> 
  custom:scripting/monoscript/fileName/TMPro_InstructionOverlay.cs: b626d2270e6ebd5c4311585c18b58d8d -> 
  custom:scripting/monoscript/fileName/TMP_DigitValidator.cs: ac02af96215ae3951a3cce9e1a8c6085 -> 
  custom:audio-encoder-webm-vorbis: bf7c407c2cedff20999df2af8eb42d56 -> 
  custom:scripting/monoscript/fileName/Benchmark01_UGUI.cs: 6148cfe2627b7708298f301788144139 -> 
  custom:scripting/monoscript/fileName/ARCoreApi.cs: b7be0b56411f0cdcb6a1075249abb802 -> 
  custom:scripting/monoscript/fileName/ARCorePermissionManager.cs: 532f7d03090ae14ae9bbbd403c359df8 -> 
  custom:scripting/monoscript/fileName/ARCoreImageLibraryBuildProcessor.cs: 3f33f565654fcd80e4aa61a92c2169a1 -> 
  custom:scripting/monoscript/fileName/ARCoreCpuImageApi.cs: 7e0d7ea0378a04357bca45463bebfe57 -> 
  custom:scripting/precompiled-assembly-types:Assembly-CSharp: 6248c70c833e08215915988a356c45e5 -> 89929ada5f43583ec1b7a1998853525c
  custom:scripting/monoscript/fileName/Benchmark03.cs: 17cc87e0529ac71d909a946afb47a274 -> 
========================================================================
Received Import Request.
  Time since last request: 524.107067 seconds.
  path: Assets/Assets/UI Elements/White/2x/video.png
  artifactKey: Guid(0a58ee60e05b787438eda215831692b9) Importer(815301076,1909f56bfc062723c751e8b465ee728b)
Start importing Assets/Assets/UI Elements/White/2x/video.png using Guid(0a58ee60e05b787438eda215831692b9) Importer(815301076,1909f56bfc062723c751e8b465ee728b) [PhysX] Initialized MultithreadedTaskDispatcher with 20 workers.
[PhysX] Initialized MultithreadedTaskDispatcher with 20 workers.
 -> (artifact id: 'bf07bc8a778241f7297a5fd28c95b6b7') in 0.115427 seconds
Number of updated asset objects reloaded before import = 0
Number of asset objects unloaded after import = 3
========================================================================
Received Import Request.
  Time since last request: 0.000020 seconds.
  path: Assets/Assets/UI Elements/White/2x/yes-tic.png
  artifactKey: Guid(54170754f62f077438faab9a4362bc46) Importer(815301076,1909f56bfc062723c751e8b465ee728b)
Start importing Assets/Assets/UI Elements/White/2x/yes-tic.png using Guid(54170754f62f077438faab9a4362bc46) Importer(815301076,1909f56bfc062723c751e8b465ee728b) [PhysX] Initialized MultithreadedTaskDispatcher with 20 workers.
[PhysX] Initialized MultithreadedTaskDispatcher with 20 workers.
 -> (artifact id: 'd96712dab9ff0eb6eea520ae28318b92') in 0.029114 seconds
Number of updated asset objects reloaded before import = 0
Number of asset objects unloaded after import = 3
========================================================================
Received Import Request.
  Time since last request: 0.000024 seconds.
  path: Assets/Assets/UI Elements/Black/1x/yes-tic.png
  artifactKey: Guid(403d64cdae12e5446a5402152468999f) Importer(815301076,1909f56bfc062723c751e8b465ee728b)
Start importing Assets/Assets/UI Elements/Black/1x/yes-tic.png using Guid(403d64cdae12e5446a5402152468999f) Importer(815301076,1909f56bfc062723c751e8b465ee728b) [PhysX] Initialized MultithreadedTaskDispatcher with 20 workers.
[PhysX] Initialized MultithreadedTaskDispatcher with 20 workers.
 -> (artifact id: 'f1afd8ec73a93c6585ee6c1af8b407b7') in 0.039015 seconds
Number of updated asset objects reloaded before import = 0
Number of asset objects unloaded after import = 3
========================================================================
Received Import Request.
  Time since last request: 0.000019 seconds.
  path: Assets/Assets/UI Elements/Black/2x/yes-tic.png
  artifactKey: Guid(3b3abbae82067eb43b4fc298c5eb99cc) Importer(815301076,1909f56bfc062723c751e8b465ee728b)
Start importing Assets/Assets/UI Elements/Black/2x/yes-tic.png using Guid(3b3abbae82067eb43b4fc298c5eb99cc) Importer(815301076,1909f56bfc062723c751e8b465ee728b) [PhysX] Initialized MultithreadedTaskDispatcher with 20 workers.
[PhysX] Initialized MultithreadedTaskDispatcher with 20 workers.
 -> (artifact id: '952a83a0460af5002619968702009045') in 0.024898 seconds
Number of updated asset objects reloaded before import = 0
Number of asset objects unloaded after import = 3
========================================================================
Received Import Request.
  Time since last request: 0.678208 seconds.
  path: Assets/Assets/UI Elements/White/2x/up arrow.png
  artifactKey: Guid(f770cba3027868644984454f295405d0) Importer(815301076,1909f56bfc062723c751e8b465ee728b)
Start importing Assets/Assets/UI Elements/White/2x/up arrow.png using Guid(f770cba3027868644984454f295405d0) Importer(815301076,1909f56bfc062723c751e8b465ee728b) [PhysX] Initialized MultithreadedTaskDispatcher with 20 workers.
[PhysX] Initialized MultithreadedTaskDispatcher with 20 workers.
 -> (artifact id: '0a296bab66461c18be301cd0cf6eed41') in 0.016293 seconds
Number of updated asset objects reloaded before import = 0
Number of asset objects unloaded after import = 3
========================================================================
Received Import Request.
  Time since last request: 0.000146 seconds.
  path: Assets/Assets/UI Elements/Black/1x/video.png
  artifactKey: Guid(7be0d50e261c663449a17cb62a823959) Importer(815301076,1909f56bfc062723c751e8b465ee728b)
Start importing Assets/Assets/UI Elements/Black/1x/video.png using Guid(7be0d50e261c663449a17cb62a823959) Importer(815301076,1909f56bfc062723c751e8b465ee728b) [PhysX] Initialized MultithreadedTaskDispatcher with 20 workers.
[PhysX] Initialized MultithreadedTaskDispatcher with 20 workers.
 -> (artifact id: '0d549b5d9e10cc191b4561fab8423d17') in 0.022988 seconds
Number of updated asset objects reloaded before import = 0
Number of asset objects unloaded after import = 3
========================================================================
Received Import Request.
  Time since last request: 0.017444 seconds.
  path: Assets/Assets/UI Elements/Black/1x/stop.png
  artifactKey: Guid(092d6b2b2c0f4244296d429d21c4ae07) Importer(815301076,1909f56bfc062723c751e8b465ee728b)
Start importing Assets/Assets/UI Elements/Black/1x/stop.png using Guid(092d6b2b2c0f4244296d429d21c4ae07) Importer(815301076,1909f56bfc062723c751e8b465ee728b) [PhysX] Initialized MultithreadedTaskDispatcher with 20 workers.
[PhysX] Initialized MultithreadedTaskDispatcher with 20 workers.
 -> (artifact id: '525b9fffbe9fc4a8134dd44bf05535c8') in 0.018229 seconds
Number of updated asset objects reloaded before import = 0
Number of asset objects unloaded after import = 3
========================================================================
Received Import Request.
  Time since last request: 0.000032 seconds.
  path: Assets/Assets/UI Elements/Black/1x/unlock.png
  artifactKey: Guid(69f510a3669e83f4283b257384052e74) Importer(815301076,1909f56bfc062723c751e8b465ee728b)
Start importing Assets/Assets/UI Elements/Black/1x/unlock.png using Guid(69f510a3669e83f4283b257384052e74) Importer(815301076,1909f56bfc062723c751e8b465ee728b) [PhysX] Initialized MultithreadedTaskDispatcher with 20 workers.
[PhysX] Initialized MultithreadedTaskDispatcher with 20 workers.
 -> (artifact id: '2ba84703e310e137519eb067e5abb281') in 0.027913 seconds
Number of updated asset objects reloaded before import = 0
Number of asset objects unloaded after import = 3
========================================================================
Received Import Request.
  Time since last request: 0.000017 seconds.
  path: Assets/Assets/UI Elements/Black/2x/unlock.png
  artifactKey: Guid(6def0b9d55a9ad6439e7e4c296bc6117) Importer(815301076,1909f56bfc062723c751e8b465ee728b)
Start importing Assets/Assets/UI Elements/Black/2x/unlock.png using Guid(6def0b9d55a9ad6439e7e4c296bc6117) Importer(815301076,1909f56bfc062723c751e8b465ee728b) [PhysX] Initialized MultithreadedTaskDispatcher with 20 workers.
[PhysX] Initialized MultithreadedTaskDispatcher with 20 workers.
 -> (artifact id: 'b20a1ab6dcdb58421cc9866227927dd1') in 0.020015 seconds
Number of updated asset objects reloaded before import = 0
Number of asset objects unloaded after import = 3
========================================================================
Received Import Request.
  Time since last request: 0.000022 seconds.
  path: Assets/Assets/UI Elements/Black/2x/up.png
  artifactKey: Guid(82ed6b9a2a9cd0b429146bcad42a3f7f) Importer(815301076,1909f56bfc062723c751e8b465ee728b)
Start importing Assets/Assets/UI Elements/Black/2x/up.png using Guid(82ed6b9a2a9cd0b429146bcad42a3f7f) Importer(815301076,1909f56bfc062723c751e8b465ee728b) [PhysX] Initialized MultithreadedTaskDispatcher with 20 workers.
[PhysX] Initialized MultithreadedTaskDispatcher with 20 workers.
 -> (artifact id: '622ee642bd5592771f49f3329ecb72ef') in 0.018981 seconds
Number of updated asset objects reloaded before import = 0
Number of asset objects unloaded after import = 3
========================================================================
Received Import Request.
  Time since last request: 0.000023 seconds.
  path: Assets/Assets/UI Elements/Black/2x/up arrow.png
  artifactKey: Guid(a2c6125c7dc62bd4bba3f4b831b1f966) Importer(815301076,1909f56bfc062723c751e8b465ee728b)
Start importing Assets/Assets/UI Elements/Black/2x/up arrow.png using Guid(a2c6125c7dc62bd4bba3f4b831b1f966) Importer(815301076,1909f56bfc062723c751e8b465ee728b) [PhysX] Initialized MultithreadedTaskDispatcher with 20 workers.
[PhysX] Initialized MultithreadedTaskDispatcher with 20 workers.
 -> (artifact id: '63508c3de26ce42932334eea79c171ed') in 0.017412 seconds
Number of updated asset objects reloaded before import = 0
Number of asset objects unloaded after import = 3
========================================================================
Received Import Request.
  Time since last request: 0.000026 seconds.
  path: Assets/Assets/UI Elements/Black/1x/sign1.png
  artifactKey: Guid(6c2f508c2c8885b48a9633a0775ae4a0) Importer(815301076,1909f56bfc062723c751e8b465ee728b)
Start importing Assets/Assets/UI Elements/Black/1x/sign1.png using Guid(6c2f508c2c8885b48a9633a0775ae4a0) Importer(815301076,1909f56bfc062723c751e8b465ee728b) [PhysX] Initialized MultithreadedTaskDispatcher with 20 workers.
[PhysX] Initialized MultithreadedTaskDispatcher with 20 workers.
 -> (artifact id: 'b8d1fa5603fe772fb4d670f3f287a006') in 0.018083 seconds
Number of updated asset objects reloaded before import = 0
Number of asset objects unloaded after import = 3
========================================================================
Received Import Request.
  Time since last request: 0.000018 seconds.
  path: Assets/Assets/UI Elements/White/1x/sign1.png
  artifactKey: Guid(ca18070b4f83798478d5f9270d697d09) Importer(815301076,1909f56bfc062723c751e8b465ee728b)
Start importing Assets/Assets/UI Elements/White/1x/sign1.png using Guid(ca18070b4f83798478d5f9270d697d09) Importer(815301076,1909f56bfc062723c751e8b465ee728b) [PhysX] Initialized MultithreadedTaskDispatcher with 20 workers.
[PhysX] Initialized MultithreadedTaskDispatcher with 20 workers.
 -> (artifact id: '6ab3967da02853a79a8f45b7e1a50283') in 0.017305 seconds
Number of updated asset objects reloaded before import = 0
Number of asset objects unloaded after import = 3
========================================================================
Received Import Request.
  Time since last request: 0.012708 seconds.
  path: Assets/Assets/UI Elements/White/1x/south-east arrow.png
  artifactKey: Guid(945fc62d0dca2254f9c8b49984a55393) Importer(815301076,1909f56bfc062723c751e8b465ee728b)
Start importing Assets/Assets/UI Elements/White/1x/south-east arrow.png using Guid(945fc62d0dca2254f9c8b49984a55393) Importer(815301076,1909f56bfc062723c751e8b465ee728b) [PhysX] Initialized MultithreadedTaskDispatcher with 20 workers.
[PhysX] Initialized MultithreadedTaskDispatcher with 20 workers.
 -> (artifact id: '5a1d09e7e75d7ff4f7f797aeda0778c5') in 0.016159 seconds
Number of updated asset objects reloaded before import = 0
Number of asset objects unloaded after import = 3
========================================================================
Received Import Request.
  Time since last request: 0.000018 seconds.
  path: Assets/Assets/UI Elements/Black/1x/south-east arrow.png
  artifactKey: Guid(addbf6f4ecafe274ea233dd0e3034ff1) Importer(815301076,1909f56bfc062723c751e8b465ee728b)
Start importing Assets/Assets/UI Elements/Black/1x/south-east arrow.png using Guid(addbf6f4ecafe274ea233dd0e3034ff1) Importer(815301076,1909f56bfc062723c751e8b465ee728b) [PhysX] Initialized MultithreadedTaskDispatcher with 20 workers.
[PhysX] Initialized MultithreadedTaskDispatcher with 20 workers.
 -> (artifact id: '7433981770b1c1c1401b0e21bfdd56af') in 0.017106 seconds
Number of updated asset objects reloaded before import = 0
Number of asset objects unloaded after import = 3
========================================================================
Received Import Request.
  Time since last request: 0.000016 seconds.
  path: Assets/Assets/UI Elements/Black/1x/south-west arrow.png
  artifactKey: Guid(1d4d0cd6fb3a3c240a1e0d589cc78725) Importer(815301076,1909f56bfc062723c751e8b465ee728b)
Start importing Assets/Assets/UI Elements/Black/1x/south-west arrow.png using Guid(1d4d0cd6fb3a3c240a1e0d589cc78725) Importer(815301076,1909f56bfc062723c751e8b465ee728b) [PhysX] Initialized MultithreadedTaskDispatcher with 20 workers.
[PhysX] Initialized MultithreadedTaskDispatcher with 20 workers.
 -> (artifact id: 'f459f0ef2a14ba0d518196106eb9242d') in 0.019726 seconds
Number of updated asset objects reloaded before import = 0
Number of asset objects unloaded after import = 3
========================================================================
Received Import Request.
  Time since last request: 0.000019 seconds.
  path: Assets/Assets/UI Elements/Black/2x/south-west arrow.png
  artifactKey: Guid(6c60b5a73c62a2040aef57df65ade5a2) Importer(815301076,1909f56bfc062723c751e8b465ee728b)
Start importing Assets/Assets/UI Elements/Black/2x/south-west arrow.png using Guid(6c60b5a73c62a2040aef57df65ade5a2) Importer(815301076,1909f56bfc062723c751e8b465ee728b) [PhysX] Initialized MultithreadedTaskDispatcher with 20 workers.
[PhysX] Initialized MultithreadedTaskDispatcher with 20 workers.
 -> (artifact id: 'ea8475246ec72b5e8469b6e16efcb02f') in 0.018892 seconds
Number of updated asset objects reloaded before import = 0
Number of asset objects unloaded after import = 3
========================================================================
Received Import Request.
  Time since last request: 0.000026 seconds.
  path: Assets/Assets/UI Elements/White/2x/star.png
  artifactKey: Guid(b510deb155efddf49bc1d00839a57356) Importer(815301076,1909f56bfc062723c751e8b465ee728b)
Start importing Assets/Assets/UI Elements/White/2x/star.png using Guid(b510deb155efddf49bc1d00839a57356) Importer(815301076,1909f56bfc062723c751e8b465ee728b) [PhysX] Initialized MultithreadedTaskDispatcher with 20 workers.
[PhysX] Initialized MultithreadedTaskDispatcher with 20 workers.
 -> (artifact id: '4b041e2f2775222cd3febacfab6022cb') in 0.013829 seconds
Number of updated asset objects reloaded before import = 0
Number of asset objects unloaded after import = 3
========================================================================
Received Import Request.
  Time since last request: 0.000020 seconds.
  path: Assets/Assets/UI Elements/Black/1x/star.png
  artifactKey: Guid(792299b6da89b8f43b2f54dac62b9f98) Importer(815301076,1909f56bfc062723c751e8b465ee728b)
Start importing Assets/Assets/UI Elements/Black/1x/star.png using Guid(792299b6da89b8f43b2f54dac62b9f98) Importer(815301076,1909f56bfc062723c751e8b465ee728b) [PhysX] Initialized MultithreadedTaskDispatcher with 20 workers.
[PhysX] Initialized MultithreadedTaskDispatcher with 20 workers.
 -> (artifact id: 'dadcb755b12627185e7d146280d161d8') in 0.016845 seconds
Number of updated asset objects reloaded before import = 0
Number of asset objects unloaded after import = 3
========================================================================
Received Import Request.
  Time since last request: 0.000021 seconds.
  path: Assets/Assets/UI Elements/White/2x/stop.png
  artifactKey: Guid(9c18d498f968f814183bcd31c8c90cd5) Importer(815301076,1909f56bfc062723c751e8b465ee728b)
Start importing Assets/Assets/UI Elements/White/2x/stop.png using Guid(9c18d498f968f814183bcd31c8c90cd5) Importer(815301076,1909f56bfc062723c751e8b465ee728b) [PhysX] Initialized MultithreadedTaskDispatcher with 20 workers.
[PhysX] Initialized MultithreadedTaskDispatcher with 20 workers.
 -> (artifact id: 'e7047e3dea250114e6a2251ba1e943e2') in 0.020949 seconds
Number of updated asset objects reloaded before import = 0
Number of asset objects unloaded after import = 3
========================================================================
Received Import Request.
  Time since last request: 0.171133 seconds.
  path: Assets/Assets/UI Elements/Black/2x/left.png
  artifactKey: Guid(b32a75204000ebd43b6fbabebab6798e) Importer(815301076,1909f56bfc062723c751e8b465ee728b)
Start importing Assets/Assets/UI Elements/Black/2x/left.png using Guid(b32a75204000ebd43b6fbabebab6798e) Importer(815301076,1909f56bfc062723c751e8b465ee728b) [PhysX] Initialized MultithreadedTaskDispatcher with 20 workers.
[PhysX] Initialized MultithreadedTaskDispatcher with 20 workers.
 -> (artifact id: '77f150d4aea1bfec1a9e26726d7a73fc') in 0.025228 seconds
Number of updated asset objects reloaded before import = 0
Number of asset objects unloaded after import = 3
========================================================================
Received Import Request.
  Time since last request: 0.000134 seconds.
  path: Assets/Assets/UI Elements/White/1x/left arrow.png
  artifactKey: Guid(a8c156df7e42dfd40a0af3ae927e559c) Importer(815301076,1909f56bfc062723c751e8b465ee728b)
Start importing Assets/Assets/UI Elements/White/1x/left arrow.png using Guid(a8c156df7e42dfd40a0af3ae927e559c) Importer(815301076,1909f56bfc062723c751e8b465ee728b) [PhysX] Initialized MultithreadedTaskDispatcher with 20 workers.
[PhysX] Initialized MultithreadedTaskDispatcher with 20 workers.
 -> (artifact id: 'a6c48a03ea666235426337db5cadb332') in 0.018520 seconds
Number of updated asset objects reloaded before import = 0
Number of asset objects unloaded after import = 3
========================================================================
Received Import Request.
  Time since last request: 0.000022 seconds.
  path: Assets/Assets/UI Elements/Black/2x/left exit.png
  artifactKey: Guid(e2686cca322b54d42b4842ad4eef325c) Importer(815301076,1909f56bfc062723c751e8b465ee728b)
Start importing Assets/Assets/UI Elements/Black/2x/left exit.png using Guid(e2686cca322b54d42b4842ad4eef325c) Importer(815301076,1909f56bfc062723c751e8b465ee728b) [PhysX] Initialized MultithreadedTaskDispatcher with 20 workers.
[PhysX] Initialized MultithreadedTaskDispatcher with 20 workers.
 -> (artifact id: '0ece25bcdc7b5dc40afb0511e7520fc5') in 0.018599 seconds
Number of updated asset objects reloaded before import = 0
Number of asset objects unloaded after import = 3
========================================================================
Received Import Request.
  Time since last request: 0.145599 seconds.
  path: Assets/Assets/UI Elements/White/1x/hamburger icon.png
  artifactKey: Guid(df72830c7382d8e409c201f036f958ce) Importer(815301076,1909f56bfc062723c751e8b465ee728b)
Start importing Assets/Assets/UI Elements/White/1x/hamburger icon.png using Guid(df72830c7382d8e409c201f036f958ce) Importer(815301076,1909f56bfc062723c751e8b465ee728b) [PhysX] Initialized MultithreadedTaskDispatcher with 20 workers.
[PhysX] Initialized MultithreadedTaskDispatcher with 20 workers.
 -> (artifact id: '491c45fae25ea65b1974ae9984082c1c') in 0.020174 seconds
Number of updated asset objects reloaded before import = 0
Number of asset objects unloaded after import = 3
========================================================================
Received Import Request.
  Time since last request: 0.000018 seconds.
  path: Assets/Assets/UI Elements/Black/2x/hamburger icon.png
  artifactKey: Guid(a8109a18a3c872844b67d55f6efda61a) Importer(815301076,1909f56bfc062723c751e8b465ee728b)
Start importing Assets/Assets/UI Elements/Black/2x/hamburger icon.png using Guid(a8109a18a3c872844b67d55f6efda61a) Importer(815301076,1909f56bfc062723c751e8b465ee728b) [PhysX] Initialized MultithreadedTaskDispatcher with 20 workers.
[PhysX] Initialized MultithreadedTaskDispatcher with 20 workers.
 -> (artifact id: '0c35ebdcba7a951a351e5d4a341e7b4e') in 0.020800 seconds
Number of updated asset objects reloaded before import = 0
Number of asset objects unloaded after import = 3
========================================================================
Received Prepare
Caller must complete domain reload
Begin MonoManager ReloadAssembly
- Loaded All Assemblies, in  0.484 seconds
Native extension for WindowsStandalone target not found
Native extension for Android target not found
[Package Manager] Server::EnsureServerProcessIsRunning -- launch failed, reason: Unity was launched with the -noUpm command-line argument
[Package Manager] UpmClient::Send -- Unable to send message (not connected to UPM process).
[Package Manager] Cannot connect to Unity Package Manager local server
Mono: successfully reloaded assembly
[Package Manager] Server::EnsureServerProcessIsRunning -- launch failed, reason: Unity was launched with the -noUpm command-line argument
[Package Manager] UpmClient::Send -- Unable to send message (not connected to UPM process).
[Package Manager] Cannot connect to Unity Package Manager local server
- Finished resetting the current domain, in  0.950 seconds
Domain Reload Profiling: 1434ms
	BeginReloadAssembly (163ms)
		ExecutionOrderSort (0ms)
		DisableScriptedObjects (4ms)
		BackupInstance (0ms)
		ReleaseScriptingObjects (0ms)
		CreateAndSetChildDomain (32ms)
	RebuildCommonClasses (40ms)
	RebuildNativeTypeToScriptingClass (13ms)
	initialDomainReloadingComplete (21ms)
	LoadAllAssembliesAndSetupDomain (246ms)
		LoadAssemblies (315ms)
		RebuildTransferFunctionScriptingTraits (0ms)
		AnalyzeDomain (31ms)
			TypeCache.Refresh (10ms)
				TypeCache.ScanAssembly (1ms)
			ScanForSourceGeneratedMonoScriptInfo (14ms)
			ResolveRequiredComponents (7ms)
	FinalizeReload (950ms)
		ReleaseScriptCaches (0ms)
		RebuildScriptCaches (0ms)
		SetupLoadedEditorAssemblies (422ms)
			LogAssemblyErrors (0ms)
			InitializePlatformSupportModulesInManaged (15ms)
			SetLoadedEditorAssemblies (3ms)
			RefreshPlugins (0ms)
			BeforeProcessingInitializeOnLoad (59ms)
			ProcessInitializeOnLoadAttributes (301ms)
			ProcessInitializeOnLoadMethodAttributes (42ms)
			AfterProcessingInitializeOnLoad (2ms)
			EditorAssembliesLoaded (0ms)
		ExecutionOrderSort2 (0ms)
		AwakeInstancesAfterBackupRestoration (10ms)
Refreshing native plugins compatible for Editor in 7.08 ms, found 4 plugins.
Preloading 0 native plugins for Editor in 0.00 ms.
Unloading 4569 Unused Serialized files (Serialized files now loaded: 0)
Unloading 36 unused Assets / (1.9 MB). Loaded Objects now: 5113.
Memory consumption went from 161.2 MB to 159.3 MB.
Total: 3.295500 ms (FindLiveObjects: 0.221900 ms CreateObjectMapping: 0.118000 ms MarkObjects: 2.349800 ms  DeleteObjects: 0.604700 ms)

Prepare: number of updated asset objects reloaded= 0
AssetImportParameters requested are different than current active one (requested -> active):
  custom:scripting/monoscript/fileName/ArRecordingConfig.cs: dfdb22d280f26bff6727fe6f9c34f9d1 -> 
  custom:scripting/monoscript/fileName/ArCoreImg.cs: 284f8bc57305622727946cdceadb2cef -> 
  custom:scripting/monoscript/fileName/Cli.cs: f278fa05dc0a28f05b8e56cf7a587c31 -> d287e08b50f2cb135aa4d7f8e01b7ef9
  custom:scripting/monoscript/fileName/SkewTextExample.cs: c142d02d70a129e0533975f7c2f96956 -> 
  custom:container-demuxer-ogg: 62fdf1f143b41e24485cea50d1cbac27 -> 
  custom:scripting/monoscript/fileName/ARCoreAnchorSubsystem.cs: 8fd89380878aa630c35614c13d4b70e4 -> 
  custom:scripting/monoscript/fileName/TMP_TextEventHandler.cs: f5cd9d5a43bfefc8f4fec80e6de896a4 -> 
  custom:scripting/monoscript/fileName/ARCoreSessionSubsystem.cs: 0499cfac149f3ba6a8678a379c5077a0 -> 
  custom:scripting/monoscript/fileName/TextMeshProFloatingText.cs: 92608fa4a6315cd0786d82205e77b697 -> 
  custom:scripting/monoscript/fileName/ARCoreOcclusionSubsystem.cs: 2a111039ddadb09f587c28ae3f37fc2b -> 
  custom:scripting/monoscript/fileName/VertexZoom.cs: 650ab1e81d40126e3edcf737cce646e4 -> 
  custom:scripting/monoscript/fileName/ARCoreXRPointCloudSubsystem.cs: a817e9a702204b3fa3e30b3243847693 -> 
  custom:scripting/monoscript/fileName/Gradle.cs: f2ad869b521aeebb9f3c8c6665622b87 -> 
  custom:video-codec-MediaFoundation-h265: 746d11721c4dcdbdad8f713fa42b33f4 -> 
  custom:scripting/monoscript/fileName/ImageConversionJobs.cs: 5daa4e6aadb43a7b9057d64b0ba5d568 -> 
  custom:scripting/monoscript/fileName/VertexShakeA.cs: 63ec564c588058369499638dd899e05b -> 
  custom:scripting/monoscript/fileName/TMP_ExampleScript_01.cs: a9d4be556104ff54e7d240529b3e01dc -> 
  custom:video-decoder-ogg-theora: a1e56fd34408186e4bbccfd4996cb3dc -> 
  custom:scripting/monoscript/fileName/TMP_TextEventCheck.cs: 13505d917eab5868c435e0c2986dadfa -> 
  custom:scripting/monoscript/fileName/TMP_TextSelector_B.cs: ba2be21a7486d37b1011342977a2e49d -> 
  custom:scripting/monoscript/fileName/Benchmark01.cs: 2d3e2cd961730ab95f139a49a673bace -> 
  custom:scripting/monoscript/fileName/HashCodeUtil.cs: 3ac2012e517078f051611cc23e19a706 -> ee7a4f9a9650d3c7f74eced4bfed8831
  custom:framework-win-MediaFoundation: 216162199b28c13a410421893ffa2e32 -> 
  custom:scripting/monoscript/fileName/ArSession.cs: dc9c4d04514fe088f4acb3a600cfa61f -> 
  custom:scripting/monoscript/fileName/ArPlaybackStatus.cs: f77b11c84a00703de9d452d424518caa -> 
  custom:scripting/monoscript/fileName/ManagedReferenceImage.cs: 3f74dd150e48d66b5dd8288f3c3e1c34 -> 
  custom:scripting/monoscript/fileName/ARCoreImageTrackingSubsystem.cs: 39d814b8b12f50336c43db8ce6f8ee94 -> 
  custom:scripting/monoscript/fileName/ARCorePackageMetadata.cs: 1751e19b3bc5d304ce814e7f02fa6d47 -> 
  custom:scripting/monoscript/fileName/ARCorePromise.cs: 90647cc400823b41df847a6cbfc29026 -> 
  custom:scripting/monoscript/fileName/ArCameraConfigFilter.cs: b80d5ef788f451fa06963271e9d59efb -> 
  custom:scripting/monoscript/fileName/Benchmark02.cs: 5640963252ce70910e726415f869ced6 -> 
  custom:scripting/monoscript/fileName/NativeView.cs: 4afb79670cf27530a179f070ba3fe9aa -> 
  custom:scripting/monoscript/fileName/ARCoreLoader.cs: 2c650baba67f1e04bc070894acda684f -> 
  custom:scripting/monoscript/fileName/ARCoreXRDepthSubsystem.deprecated.cs: 9f24fee25a0b08179d7d1cb09e2e51f5 -> 
  custom:scripting/monoscript/fileName/DropdownSample.cs: 0a92251794e5f10400149f96c3c59e5d -> 
  custom:scripting/monoscript/fileName/ARCoreEnvironmentProbeSubsystem.cs: 1b868584605b2895b3934baf5f9f6033 -> 
  custom:scripting/monoscript/fileName/WarpTextExample.cs: 2663459c266363641981c7d17b698d7f -> 
  custom:CustomObjectIndexerAttribute: 9a22284fe3817be447336de3de66b15e -> 
  custom:scripting/monoscript/fileName/ARCoreBuildProcessor.cs: d9eab941277ca6504aeebd69836dd8b0 -> 
  custom:scripting/monoscript/fileName/ARCoreBeforeGetCameraConfigurationEventArgs.cs: 8e2a6fe308d51ad1f6b16c500dc5dfb3 -> 
  custom:scripting/monoscript/fileName/ARCorePlaneSubsystem.cs: d2278eda10dae0fc36c44eee439649a4 -> 
  custom:container-demuxer-webm: 4f35f7cbe854078d1ac9338744f61a02 -> 
  custom:scripting/monoscript/fileName/ARCoreSettingsProvider.cs: 79c816e2cf7b68babc51565d8a334acf -> 
  custom:scripting/monoscript/fileName/ARCoreRaycastSubsystem.cs: 4746ee3ed0cece0abfde776c634af447 -> 
  custom:scripting/monoscript/fileName/ARCoreFaceSubsystem.cs: c496ea8c93654d4c22c4220a77e9a21d -> 
  custom:scripting/monoscript/fileName/ChatController.cs: 876d5ccae6e345dd5d9450eb0a748f16 -> 
  custom:scripting/monoscript/fileName/ArCameraConfig.cs: 4a875ddea718888a33e0d31342770b8d -> 
  custom:scripting/monoscript/fileName/TextMeshSpawner.cs: 76f28e2ddb031571e6ec62b018f65fa8 -> 
  custom:scripting/monoscript/fileName/Java.cs: 23333680cb2e70ba8bbce74628d877c3 -> 
  custom:scripting/monoscript/fileName/TeleType.cs: 31fa97821c4c70f157ec81d507aa6b62 -> 
  custom:scripting/monoscript/fileName/ARCoreLoaderConstants.cs: 1ca2b374b9eebdabc880c6eec02abfbe -> 
  custom:scripting/monoscript/fileName/Benchmark04.cs: 32220b148620e52aa81c13a114862bf4 -> 
  custom:scripting/monoscript/fileName/RcoApi.cs: 1b7d1343bf82f11ff12a2ad830cbbf88 -> 
  custom:scripting/monoscript/fileName/ARCoreLoaderSettings.cs: 98d75423d90e6a85b8a5d383cd4fad48 -> 
  custom:scripting/monoscript/fileName/ArPrestoApi.cs: 102320236e333507f3c23510cf5fedf0 -> 
  custom:container-muxer-webm: aa71ff27fc2769a1b78a27578f13a17b -> 
  custom:scripting/monoscript/fileName/ArString.cs: a85954ac20e0c75f9dbcbebac19f7fbf -> 
  custom:video-decoder-webm-vp8: 9c59270c3fd7afecdb556c50c9e8de78 -> 
  custom:scripting/monoscript/fileName/NativeObject.cs: 1c83a6ff9bdb6f537b0ca273504b9cb1 -> 
  custom:scripting/monoscript/fileName/TMP_PhoneNumberValidator.cs: 7c3049f481e464c6a9a15dee56c3126f -> 
  custom:scripting/precompiled-assembly-types:Unity.XR.ARCore.Editor: 02c2db43342c23e4477f9d7b07b95cb5 -> 
  custom:scripting/monoscript/fileName/ARCoreBeforeSetConfigurationEventArgs.cs: 234cd91ed3cdf60645705e8837e7e78d -> 
  custom:scripting/monoscript/fileName/ARCoreCameraSubsystem.cs: 2cce9a0f290d5c7a0cb70e2a3b0af3ab -> 
  custom:SearchIndexIgnoredProperties: e643bd26f0fe6173181afceb89e7c659 -> 
  custom:AudioImporter_EditorPlatform: d09bf68614088b80899f8185d706f6e7 -> 
  custom:scripting/monoscript/fileName/EnvMapAnimator.cs: 1b4f61c17e4b7283c3ac351aacff9d26 -> 
  custom:scripting/monoscript/fileName/InputLayoutLoader.cs: 2980c1660657b98176f57e2070c5cb69 -> a6fad719a67e63b0838341df7c073961
  custom:scripting/monoscript/fileName/ShaderPropAnimator.cs: 55ce425812446482e623ff2695c94cb2 -> 
  custom:scripting/monoscript/fileName/ARCoreImageDatabase.cs: 7f7d7783973546d2000bf9aa32566b8f -> 
  custom:scripting/monoscript/fileName/SimpleScript.cs: 454caab0c6c050f29b39d82e1d66d0fa -> 
  custom:scripting/monoscript/fileName/ObjectSpin.cs: 2b96bb2079dd7fa5108d981627a28e1e -> 
  custom:scripting/monoscript/fileName/StringExtensions.cs: 6f6c226b1c73c5132416ef95ad867308 -> 0a3ecf20ea398b07067a97ad700896f0
  custom:scripting/monoscript/fileName/CameraController.cs: 34b6be4e23ce86dc89786916c5983296 -> 
  custom:scripting/monoscript/fileName/TMP_TextInfoDebugTool.cs: 3f1709cfb2cc628169113a35b5e9be3f -> 
  custom:scripting/monoscript/fileName/ARCoreSettings.cs: 40690c9c4969c061c980f80d35c3e6fb -> 
  custom:scripting/monoscript/fileName/ArRecordingStatus.cs: 1e851bf64f38781ab761ff7585b2fc01 -> 
  custom:scripting/monoscript/fileName/TMP_TextSelector_A.cs: 347309a09d56e367b188a6978f75b424 -> 
  custom:video-encoder-webm-vp8: eb34c28f22e8b96e1ab97ce403110664 -> 
  custom:scripting/monoscript/fileName/ARCoreProjectValidationRules.cs: eeb621f554a206cb3c7975cb72a27397 -> 
  custom:audio-decoder-ogg-vorbis: bf7c407c2cedff20999df2af8eb42d56 -> 
  custom:scripting/monoscript/fileName/VertexJitter.cs: d27eb5498e48714a66aece98da065133 -> 
  custom:scripting/monoscript/fileName/TextConsoleSimulator.cs: 33fc311abb20b5b0ed8f00e4d86b574e -> 
  custom:scripting/monoscript/fileName/VertexColorCycler.cs: 5f984ca91cf3609293aecc6bc5641572 -> 
  custom:scripting/monoscript/fileName/TMP_FrameRateCounter.cs: 46f655df8cb483ac5958307137b1585a -> 
  custom:scripting/monoscript/fileName/VertexShakeB.cs: a6f78c4fcda1a29a1a1c1baefedba9e7 -> 
  custom:scripting/monoscript/fileName/TMP_UiFrameRateCounter.cs: b01021aea19247f14a98ab338907956a -> 
  custom:scripting/monoscript/fileName/ArConfig.cs: 3fcec3d7584809d01b43e09f93c614f3 -> 
  custom:scripting/monoscript/fileName/SafeArea.cs: 5837f9ee308c1c81b303fe8b1b1a4dd3 -> 
  custom:scripting/precompiled-assembly-types:Unity.XR.ARCore: 905f88ea8a843a72f400d724a929b837 -> 
  custom:scripting/monoscript/fileName/ARCoreFaceRegionData.cs: c3e1f4c128987c270a2af588eecf348c -> 
  custom:scripting/monoscript/fileName/TMPro_InstructionOverlay.cs: b626d2270e6ebd5c4311585c18b58d8d -> 
  custom:scripting/monoscript/fileName/TMP_DigitValidator.cs: ac02af96215ae3951a3cce9e1a8c6085 -> 
  custom:audio-encoder-webm-vorbis: bf7c407c2cedff20999df2af8eb42d56 -> 
  custom:scripting/monoscript/fileName/Benchmark01_UGUI.cs: 6148cfe2627b7708298f301788144139 -> 
  custom:scripting/monoscript/fileName/ARCoreApi.cs: b7be0b56411f0cdcb6a1075249abb802 -> 
  custom:scripting/monoscript/fileName/ARCorePermissionManager.cs: 532f7d03090ae14ae9bbbd403c359df8 -> 
  custom:scripting/monoscript/fileName/ARCoreImageLibraryBuildProcessor.cs: 3f33f565654fcd80e4aa61a92c2169a1 -> 
  custom:scripting/monoscript/fileName/ARCoreCpuImageApi.cs: 7e0d7ea0378a04357bca45463bebfe57 -> 
  custom:scripting/precompiled-assembly-types:Assembly-CSharp: 7b637c336cc9b539e1b3f8f2feef3298 -> 89929ada5f43583ec1b7a1998853525c
  custom:scripting/monoscript/fileName/Benchmark03.cs: 17cc87e0529ac71d909a946afb47a274 -> 
Editor requested this worker to shutdown with reason: Scaling down because of idle timeout
TcpMessagingSession - receive error
AssetImportWorkerClient::OnTransportError - code=2 error=End of file
AssetImportWorker is now disconnected from the server
Process exiting
Exiting without the bug reporter. Application will terminate with return code 0